N,P,b,f,name,seed,time,R_wmu,R_muc,R_cw,agenda_cw,biased_cw,unbiased_cw,sign_cw,accessible_norm_fraction,agenda_C,mean_V,min_V,min_C_eigenvalue,psd_clips,z_floor_hits,v_floor_hits,realized_f
40,100,0.5,1.0,a_reference,202609110,0,-0.0014877288959757456,0.007612087463459997,0.004544046388728023,0.004544046388728026,0.004544046388728026,nan,0.001974358974358974,1.0000000000000004,1.0,1.0,1.0,1.0,0,0,0,1.0
40,100,0.5,1.0,a_reference,202609110,125,0.9623867844827748,0.974957894867628,0.9871025951840168,0.9871025951840167,0.9871025951840167,nan,0.9990000000000001,0.9999999999999997,0.049977028942145924,0.07605999264282963,0.04097325608918401,0.012649089256645485,0,0,0,1.0
40,100,0.5,1.0,a_reference,202609110,500,0.9844248541397945,0.9909462149039078,0.9934183290627276,0.9934183290627276,0.9934183290627276,nan,1.0,0.9999999999999997,0.02082377545400162,0.03475349140756988,0.017806748926033653,0.003967591232701748,0,0,0,1.0
40,100,0.5,1.0,a_reference,202609110,1000,0.988922355976129,0.9942685163930957,0.9946226589046266,0.9946226589046266,0.9946226589046266,nan,1.0,0.9999999999999997,0.014036885936690027,0.02394532035590248,0.01211141214020041,0.0023110849119804978,0,0,0,1.0
40,100,0.5,1.0,a_reference,202609110,2500,0.9922439688064185,0.9967761877733924,0.9954529355044096,0.9954529355044093,0.9954529355044093,nan,1.0,0.9999999999999994,0.00859271854705432,0.014751677923341897,0.007278821471336078,0.0011633110656609042,0,0,0,1.0
40,100,0.5,1.0,a_reference,202609110,5000,0.993743617126729,0.9978820465180066,0.9958526704161986,0.9958526704161986,0.9958526704161986,nan,1.0,0.9999999999999997,0.006044046310807145,0.010258625126832116,0.004998491895515003,0.0007063234039275735,0,0,0,1.0
40,100,0.5,1.0,a_reference,202609110,10000,0.9947170008017165,0.9985952850973605,0.9961161833607354,0.9961161833607354,0.9961161833607354,nan,1.0,0.9999999999999997,0.004313400077046109,0.007144539162504165,0.003451510259713106,0.00043395213403334213,0,0,0,1.0
40,100,0.5,1.0,a_reference,202609111,0,-0.0011263693607101854,-0.008967010737212129,-0.003002529815127585,-0.0030025298151275756,-0.0030025298151275756,nan,-0.0038974358974358976,1.0000000000000004,1.0,1.0,1.0,1.0,0,0,0,1.0
40,100,0.5,1.0,a_reference,202609111,125,0.9625263946025671,0.9739261113307388,0.9882916194558433,0.9882916194558434,0.9882916194558434,nan,0.9903846153846154,0.9999999999999993,0.05153795572395117,0.0745908373038543,0.03614473048806878,0.012958332176334861,0,0,0,1.0
40,100,0.5,1.0,a_reference,202609111,500,0.9859236187288759,0.9906030800992166,0.9952756806071136,0.9952756806071136,0.9952756806071136,nan,1.0,0.9999999999999993,0.021193394310356377,0.03391622210861957,0.015418196005651082,0.004360486566763502,0,0,0,1.0
40,100,0.5,1.0,a_reference,202609111,1000,0.9906281981684585,0.9940532146197486,0.9965542623348046,0.9965542623348046,0.9965542623348046,nan,1.0,0.9999999999999993,0.014063598772710668,0.023340917313022458,0.010063914044110573,0.0025235882749831567,0,0,0,1.0
40,100,0.5,1.0,a_reference,202609111,2500,0.9940891821082168,0.9966556443797726,0.9974248182386956,0.9974248182386954,0.9974248182386954,nan,1.0,0.9999999999999993,0.008399242247273756,0.014367931885733298,0.006042926617786419,0.0012679774013053637,0,0,0,1.0
40,100,0.5,1.0,a_reference,202609111,5000,0.9956305110162775,0.99780284979224,0.9978228126968983,0.9978228126968983,0.9978228126968983,nan,1.0,0.9999999999999993,0.005788472432270288,0.009988429883044677,0.004131764858752332,0.0007659170662673206,0,0,0,1.0
40,100,0.5,1.0,a_reference,202609111,10000,0.9966296494516098,0.9985427969820074,0.9980840201708182,0.9980840201708183,0.9980840201708183,nan,1.0,0.9999999999999993,0.0040484392084286554,0.006954858815009853,0.0028059514564916757,0.0004752834741397041,0,0,0,1.0
40,100,0.5,1.0,a_reference,202609112,0,-0.0003734606661455327,0.010991584517368704,0.0021347933022071997,0.0021347933022072088,0.0021347933022072088,nan,0.008871794871794873,0.9999999999999997,1.0,1.0,1.0,1.0,0,0,0,1.0
40,100,0.5,1.0,a_reference,202609112,125,0.9575206278408867,0.974685813871829,0.9823853900340489,0.9823853900340492,0.9823853900340492,nan,0.9990000000000001,1.0,0.053187130175211816,0.07524298095582661,0.03955216935724822,0.012483533702109207,0,0,0,1.0
40,100,0.5,1.0,a_reference,202609112,500,0.9820761837996377,0.9908628386156446,0.9911314788428804,0.9911314788428804,0.9911314788428804,nan,1.0,1.0,0.02251491762477099,0.034317597635905625,0.017619320921730623,0.004333993578483639,0,0,0,1.0
40,100,0.5,1.0,a_reference,202609112,1000,0.9868906857632688,0.9942125175490624,0.9926351045147668,0.9926351045147667,0.9926351045147667,nan,1.0,1.0,0.015242739968658651,0.023649759678912922,0.011843532257100917,0.002649069261317385,0,0,0,1.0
40,100,0.5,1.0,a_reference,202609112,2500,0.9904556973376596,0.9967419019758871,0.9936930319194494,0.9936930319194495,0.9936930319194495,nan,1.0,1.0000000000000002,0.009365471522328956,0.014579497246179261,0.006842388047403556,0.0014225429065779862,0,0,0,1.0
40,100,0.5,1.0,a_reference,202609112,5000,0.9921102671870484,0.997857628713544,0.9942401632296172,0.9942401632296173,0.9942401632296173,nan,1.0,1.0,0.00658841081583393,0.010143748724680584,0.004711650391641392,0.000895155965316852,0,0,0,1.0
40,100,0.5,1.0,a_reference,202609112,10000,0.9932534143293063,0.9985781680962911,0.9946675806232791,0.994667580623279,0.994667580623279,nan,1.0,1.0,0.0046840585787191686,0.007067553722733462,0.0032435274661378466,0.0005651245617319643,0,0,0,1.0
40,100,0.5,1.0,a_reference,202609113,0,-0.004217025512642517,0.008264903455092875,0.003654614474145586,0.003654614474145586,0.003654614474145586,nan,-0.004128205128205128,1.0,1.0,1.0,1.0,1.0,0,0,0,1.0
40,100,0.5,1.0,a_reference,202609113,125,0.9621396548535803,0.9742695703126264,0.9875477615548981,0.9875477615548983,0.9875477615548983,nan,0.9873076923076922,1.0000000000000004,0.04890934643503333,0.07532829629321626,0.0355223632828215,0.012570755393273776,0,0,0,1.0
40,100,0.5,1.0,a_reference,202609113,500,0.9850632933404448,0.9907339996941177,0.9942759347087397,0.9942759347087399,0.9942759347087399,nan,1.0,1.0000000000000004,0.020078541483193706,0.03428454732036287,0.01602690584758948,0.004168412965593834,0,0,0,1.0
40,100,0.5,1.0,a_reference,202609113,1000,0.989593840629028,0.9941371066749682,0.9954297734916737,0.9954297734916737,0.9954297734916737,nan,1.0,1.0000000000000004,0.013395360692452958,0.023607206511037822,0.010868576458005473,0.002486357341943649,0,0,0,1.0
40,100,0.5,1.0,a_reference,202609113,2500,0.9929236521136927,0.9967020298653936,0.9962090417060414,0.9962090417060414,0.9962090417060414,nan,1.0,1.0000000000000004,0.008087853867340932,0.014538229394726277,0.006678825430907372,0.0012560362696029705,0,0,0,1.0
40,100,0.5,1.0,a_reference,202609113,5000,0.9943789378170845,0.997833248089832,0.9965381407326036,0.9965381407326036,0.9965381407326036,nan,1.0,1.0000000000000004,0.0056359455360540005,0.010110283949504199,0.004592181663314975,0.0007602792756362369,0,0,0,1.0
40,100,0.5,1.0,a_reference,202609113,10000,0.9953008328709829,0.9985627932318482,0.9967333151808448,0.9967333151808448,0.9967333151808448,nan,1.0,1.0000000000000004,0.003987228043084518,0.0070413417206845194,0.0031621479970001436,0.00045708458173454467,0,0,0,1.0
40,100,0.5,1.0,a_reference,202609114,0,0.0004805128108364578,0.007064013459859216,-0.0030819410184124802,-0.003081941018412488,-0.003081941018412488,nan,0.0004615384615384613,1.0000000000000004,1.0,1.0,1.0,1.0,0,0,0,1.0
40,100,0.5,1.0,a_reference,202609114,125,0.9603522131160802,0.9747913319021189,0.9851850688058674,0.9851850688058671,0.9851850688058671,nan,1.0,0.9999999999999998,0.0499750802591765,0.07622797983980455,0.042042766234891664,0.012383756446751005,0,0,0,1.0
40,100,0.5,1.0,a_reference,202609114,500,0.9849030113197434,0.9909254372742814,0.9939221555476598,0.9939221555476597,0.9939221555476597,nan,1.0,0.9999999999999997,0.020401986856810026,0.0347264225010743,0.018147492747082605,0.0041532149614206685,0,0,0,1.0
40,100,0.5,1.0,a_reference,202609114,1000,0.9896206806452388,0.9942612834138972,0.9953325034737223,0.9953325034737224,0.9953325034737224,nan,1.0,0.9999999999999997,0.013571107183637998,0.02392290201217176,0.011620230532848214,0.0024656313637541408,0,0,0,1.0
40,100,0.5,1.0,a_reference,202609114,2500,0.9931382342156578,0.9967724457252491,0.9963539939197599,0.9963539939197598,0.9963539939197598,nan,1.0,0.9999999999999997,0.008146117677233413,0.014736991031949986,0.006917834098637549,0.001282157807756532,0,0,0,1.0
40,100,0.5,1.0,a_reference,202609114,5000,0.9947470403674887,0.9978790088588828,0.9968613622616544,0.9968613622616543,0.9968613622616543,nan,1.0,0.9999999999999997,0.005631705010191227,0.010249630891493068,0.00472375104014048,0.0007852806170564369,0,0,0,1.0
40,100,0.5,1.0,a_reference,202609114,10000,0.9958142325132738,0.9985929832269939,0.9972173279697769,0.9972173279697768,0.9972173279697768,nan,1.0,0.9999999999999997,0.003943814252598991,0.007139625520589525,0.003264694639114492,0.000489012161254112,0,0,0,1.0
40,100,0.5,1.0,a_reference,202609115,0,0.002030267786546898,-0.00907501001303264,-2.3746836899525168e-05,-2.374683689951805e-05,-2.374683689951805e-05,nan,-2.564102564102621e-05,0.9999999999999997,1.0,1.0,1.0,1.0,0,0,0,1.0
40,100,0.5,1.0,a_reference,202609115,125,0.9640340879740136,0.9749475386540183,0.9888050109068058,0.9888050109068062,0.9888050109068062,nan,1.0,1.0000000000000007,0.04999629556567423,0.07623548453459612,0.04217809833233906,0.012391434301819665,0,0,0,1.0
40,100,0.5,1.0,a_reference,202609115,500,0.9864049990315992,0.9909795150618486,0.9953837310628049,0.9953837310628051,0.9953837310628051,nan,1.0,1.0000000000000007,0.02050862984236039,0.0347077883931508,0.018202416891001633,0.004120135067676756,0,0,0,1.0
40,100,0.5,1.0,a_reference,202609115,1000,0.9907339790908497,0.994290545970251,0.9964229289866195,0.9964229289866197,0.9964229289866197,nan,1.0,1.0000000000000007,0.013709150282639809,0.023906752551490548,0.012124136696964456,0.0024243468715743,0,0,0,1.0
40,100,0.5,1.0,a_reference,202609115,2500,0.9938506092117821,0.9967875514070084,0.9970535525732541,0.9970535525732538,0.9970535525732538,nan,1.0,1.0000000000000004,0.008335817356324328,0.014731535928700017,0.007228886661163414,0.0012119746988565993,0,0,0,1.0
40,100,0.5,1.0,a_reference,202609115,5000,0.9951517760887336,0.9978885305744478,0.9972574273332626,0.9972574273332625,0.9972574273332625,nan,1.0,1.0000000000000007,0.005867933533834863,0.01024774182594862,0.005009531619545237,0.0007279919494526917,0,0,0,1.0
40,100,0.5,1.0,a_reference,202609115,10000,0.9959259026161632,0.9985990941869801,0.9973230392036561,0.9973230392036563,0.9973230392036563,nan,1.0,1.0000000000000007,0.004218144545345002,0.007139011027358373,0.003442112355582336,0.000442817166786869,0,0,0,1.0
40,100,0.5,1.0,a_reference,202609116,0,-0.0009080371206141489,-0.0027543828459559356,0.015033462811259363,0.015033462811259377,0.015033462811259377,nan,0.018717948717948723,1.0000000000000004,1.0,1.0,1.0,1.0,0,0,0,1.0
40,100,0.5,1.0,a_reference,202609116,125,0.957877990318826,0.9748538654784051,0.9825809965546575,0.9825809965546571,0.9825809965546571,nan,0.9871282051282051,0.9999999999999997,0.05554849100401979,0.07510119986884614,0.038394924847622434,0.013467504220745533,0,0,0,1.0
40,100,0.5,1.0,a_reference,202609116,500,0.9827063427960022,0.9908585262464664,0.9917714396100378,0.9917714396100379,0.9917714396100379,nan,1.0,0.9999999999999997,0.02343165501724546,0.034414378416947014,0.01681720709929587,0.0045011489210937386,0,0,0,1.0
40,100,0.5,1.0,a_reference,202609116,1000,0.9873699248098317,0.9942081021577993,0.993121353220849,0.9931213532208486,0.9931213532208486,nan,1.0,0.9999999999999997,0.015863890059563002,0.023727113226931867,0.011356771456600084,0.002645512985248775,0,0,0,1.0
40,100,0.5,1.0,a_reference,202609116,2500,0.9908800084047176,0.9967395795576032,0.994120913327612,0.9941209133276118,0.9941209133276118,nan,1.0,0.9999999999999997,0.009752142765452979,0.014626065224365953,0.006783929765619016,0.0013500287855967416,0,0,0,1.0
40,100,0.5,1.0,a_reference,202609116,5000,0.9924170558025489,0.997857072680996,0.9945480683688828,0.9945480683688828,0.9945480683688828,nan,1.0,0.9999999999999997,0.006880002686604431,0.010174617498014097,0.004709173640102654,0.0008228891085968103,0,0,0,1.0
40,100,0.5,1.0,a_reference,202609116,10000,0.9933308690827872,0.9985782722380481,0.9947449629486476,0.9947449629486478,0.9947449629486478,nan,1.0,0.9999999999999997,0.0049238252355918825,0.007087439505117765,0.003238960427059662,0.0005103110478758908,0,0,0,1.0
40,100,0.5,1.0,a_reference,202609117,0,-0.0023253952378594926,-0.008133294849679451,0.00044640440841913024,0.0004464044084191352,0.0004464044084191352,nan,-0.005128205128205127,0.9999999999999997,1.0,1.0,1.0,1.0,0,0,0,1.0
40,100,0.5,1.0,a_reference,202609117,125,0.9603593827333181,0.9745473828184428,0.9854371770851315,0.9854371770851315,0.9854371770851315,nan,0.9940769230769232,0.9999999999999997,0.05263685902560308,0.0747593414464372,0.03734778243590408,0.011939850396215068,0,0,0,1.0
40,100,0.5,1.0,a_reference,202609117,500,0.9844157189472916,0.9907936697044921,0.9935619937048351,0.9935619937048349,0.9935619937048349,nan,1.0,0.9999999999999997,0.02174125850277399,0.034135994580111566,0.01487503311896657,0.004288439714847829,0,0,0,1.0
40,100,0.5,1.0,a_reference,202609117,1000,0.9891683595375027,0.9941671607320858,0.9949714300334385,0.9949714300334385,0.9949714300334385,nan,1.0,0.9999999999999997,0.014512746233100919,0.02352577898699687,0.009834667785204068,0.002588512424334857,0,0,0,1.0
40,100,0.5,1.0,a_reference,202609117,2500,0.9926904514070642,0.9967150501614278,0.9959619189663229,0.9959619189663229,0.9959619189663229,nan,1.0,0.9999999999999997,0.00874391461155766,0.01450115117680212,0.00599588930256949,0.0013636516808830169,0,0,0,1.0
40,100,0.5,1.0,a_reference,202609117,5000,0.9942723855801237,0.9978400541599781,0.9964244785065862,0.9964244785065862,0.9964244785065862,nan,1.0,0.9999999999999998,0.006070706685921712,0.010088936355014023,0.0041478966866135385,0.0008602966594619038,0,0,0,1.0
40,100,0.5,1.0,a_reference,202609117,10000,0.9952938311396334,0.9985665683360151,0.9967224829108627,0.9967224829108625,0.9967224829108625,nan,1.0,0.9999999999999997,0.004270221782457063,0.0070291801603685755,0.0028667451038474224,0.0005507169359627203,0,0,0,1.0
40,100,0.5,1.0,a_reference,202609118,0,-0.0015537416273332008,-0.001536714536824825,-0.00832467170618829,-0.008324671706188285,-0.008324671706188285,nan,-0.00323076923076923,1.0,1.0,1.0,1.0,1.0,0,0,0,1.0
40,100,0.5,1.0,a_reference,202609118,125,0.9626254790307872,0.9746386227996566,0.9876740531035635,0.987674053103563,0.987674053103563,nan,0.998051282051282,1.0000000000000004,0.04895169340263708,0.07646999523254422,0.04620512011865918,0.010890384461670448,0,0,0,1.0
40,100,0.5,1.0,a_reference,202609118,500,0.9856261725233466,0.990920013533134,0.9946576195231069,0.9946576195231072,0.9946576195231072,nan,1.0,1.0000000000000004,0.020184417245160614,0.034675405613640235,0.019641399436221722,0.003706958777988759,0,0,0,1.0
40,100,0.5,1.0,a_reference,202609118,1000,0.990089705384646,0.9942614902052536,0.9958041348158342,0.9958041348158343,0.9958041348158343,nan,1.0,1.0000000000000002,0.013529381665840591,0.023860164027617568,0.013341356523705118,0.0021861580522351516,0,0,0,1.0
40,100,0.5,1.0,a_reference,202609118,2500,0.9934714983206928,0.9967749013672883,0.9966859160913026,0.9966859160913027,0.9966859160913027,nan,1.0,1.0000000000000004,0.008243371860760806,0.014689712454283015,0.008074545824080842,0.001112492685389185,0,0,0,1.0
40,100,0.5,1.0,a_reference,202609118,5000,0.9949155089788114,0.997881244633727,0.9970279721967102,0.9970279721967106,0.9970279721967106,nan,1.0,1.0,0.005790667782356217,0.010213343300081034,0.0055592020107491655,0.0006750185022442117,0,0,0,1.0
40,100,0.5,1.0,a_reference,202609118,10000,0.9958063638972934,0.9985947534899099,0.9972076881477985,0.9972076881477985,0.9972076881477985,nan,1.0,1.0000000000000002,0.004137383996346368,0.00711237072015872,0.003816175571709539,0.0004144432761803817,0,0,0,1.0
40,100,0.5,1.0,a_reference,202609119,0,0.0004417572250133875,0.0050249838335183405,-0.005722818428751,-0.005722818428751002,-0.005722818428751002,nan,-0.0018461538461538468,1.0,1.0,1.0,1.0,1.0,0,0,0,1.0
40,100,0.5,1.0,a_reference,202609119,125,0.9613106274070271,0.9749916455620816,0.9859659484747675,0.9859659484747676,0.9859659484747676,nan,1.0,1.0000000000000004,0.051257039414898405,0.07599317918093576,0.03510479807725752,0.012092466372695261,0,0,0,1.0
40,100,0.5,1.0,a_reference,202609119,500,0.9846648268306485,0.9909860428126588,0.9936209463153813,0.9936209463153816,0.9936209463153816,nan,1.0,1.0000000000000004,0.021499784589099343,0.03464439477822028,0.015640391325901414,0.0044252882099055394,0,0,0,1.0
40,100,0.5,1.0,a_reference,202609119,1000,0.9893170112200921,0.9942919302597926,0.9949963359418103,0.9949963359418101,0.9949963359418101,nan,1.0,1.0000000000000004,0.014450237614335174,0.02387782305303011,0.0106850745985249,0.0026407992132953585,0,0,0,1.0
40,100,0.5,1.0,a_reference,202609119,2500,0.9928282683655485,0.9967859503518899,0.9960294591129809,0.9960294591129808,0.9960294591129808,nan,1.0,1.0000000000000004,0.00877990060161865,0.014721593247731504,0.006522520863573171,0.0013294180160638564,0,0,0,1.0
40,100,0.5,1.0,a_reference,202609119,5000,0.9942898356437831,0.997886771124257,0.9963953829710921,0.9963953829710921,0.9963953829710921,nan,1.0,1.0000000000000004,0.006140986208755045,0.010243926898744763,0.004444422860124129,0.0007926732467180474,0,0,0,1.0
40,100,0.5,1.0,a_reference,202609119,10000,0.995154764263186,0.9985975288738965,0.996552355889015,0.9965523558890154,0.9965523558890154,nan,1.0,1.0000000000000004,0.004365650840925553,0.00713803437878025,0.0030673614596669206,0.00047711393325866483,0,0,0,1.0
40,100,0.5,1.0,a_reference,202609120,0,-0.00024413095881927713,-0.006177618626865025,0.0016458237252951317,0.0016458237252951272,0.0016458237252951272,nan,-0.006128205128205128,1.0,1.0,1.0,1.0,1.0,0,0,0,1.0
40,100,0.5,1.0,a_reference,202609120,125,0.9650794375213522,0.9746685426763677,0.9901600150682842,0.990160015068284,0.990160015068284,nan,1.0,1.0,0.046130641806064764,0.07672332146770125,0.044511205617159884,0.012283963460407091,0,0,0,1.0
40,100,0.5,1.0,a_reference,202609120,500,0.9871078150585195,0.9909313828191966,0.996141053351096,0.996141053351096,0.996141053351096,nan,1.0,1.0,0.018557808529650117,0.03479015598690758,0.017434051738824306,0.004209653990931279,0,0,0,1.0
40,100,0.5,1.0,a_reference,202609120,1000,0.9913122208868761,0.9942693273918399,0.9970256512267698,0.9970256512267699,0.9970256512267699,nan,1.0,1.0,0.012267170075139028,0.023945718868085025,0.011780161548902693,0.002518815844704172,0,0,0,1.0
40,100,0.5,1.0,a_reference,202609120,2500,0.9943282142672111,0.9967788172644068,0.9975413736826815,0.9975413736826817,0.9975413736826817,nan,1.0,1.0,0.007319840846091346,0.014741952006069321,0.0073174968594855875,0.0012802398818952696,0,0,0,1.0
40,100,0.5,1.0,a_reference,202609120,5000,0.9956151363543331,0.9978840550804919,0.9977262054846875,0.9977262054846876,0.9977262054846876,nan,1.0,1.0,0.005057752454673653,0.010250355372754025,0.005003748734145218,0.0007755098160259404,0,0,0,1.0
40,100,0.5,1.0,a_reference,202609120,10000,0.9964459163701352,0.9985966173314287,0.9978462357117044,0.9978462357117043,0.9978462357117043,nan,1.0,1.0,0.0035496549807513683,0.0071384071313187695,0.00343257963065441,0.00047542690350966887,0,0,0,1.0
40,100,0.5,1.0,a_reference,202609121,0,0.0005044382235674858,0.007697568844473169,0.006346160380754533,0.006346160380754539,0.006346160380754539,nan,-0.0005384615384615379,1.0,1.0,1.0,1.0,1.0,0,0,0,1.0
40,100,0.5,1.0,a_reference,202609121,125,0.9593391298351542,0.9748762448997322,0.9840568378620458,0.9840568378620459,0.9840568378620459,nan,0.9990000000000001,1.0000000000000004,0.05056528766053571,0.07597906450872674,0.040337975165146325,0.012048195333447653,0,0,0,1.0
40,100,0.5,1.0,a_reference,202609121,500,0.982524244948215,0.9909186996161519,0.9915274384602695,0.9915274384602695,0.9915274384602695,nan,1.0,1.0000000000000004,0.02088406155297695,0.03472294286187669,0.016493772951690338,0.0038744128874135496,0,0,0,1.0
40,100,0.5,1.0,a_reference,202609121,1000,0.9869656416282906,0.9942520968433122,0.9926707799276516,0.9926707799276516,0.9926707799276516,nan,1.0,1.0000000000000004,0.014058926822441843,0.023927848986517793,0.010774045161317252,0.00229620250108188,0,0,0,1.0
40,100,0.5,1.0,a_reference,202609121,2500,0.9903575093571039,0.9967665879518178,0.9935698272831001,0.9935698272831,0.9935698272831,nan,1.0,1.0000000000000004,0.008613454042714967,0.014742871508567883,0.006582478567489776,0.0011621763729977648,0,0,0,1.0
40,100,0.5,1.0,a_reference,202609121,5000,0.9919634474648231,0.9978755685491221,0.9940751171090002,0.9940751171090003,0.9940751171090003,nan,1.0,1.0000000000000004,0.006063826139495482,0.010253454162930699,0.004569202160125316,0.000708495759247695,0,0,0,1.0
40,100,0.5,1.0,a_reference,202609121,10000,0.9931044263807994,0.998591145432579,0.9945054393840257,0.9945054393840258,0.9945054393840258,nan,1.0,1.0000000000000007,0.004323433717685201,0.007142101712992298,0.0031314266352807925,0.0004412016302873782,0,0,0,1.0
40,100,1.0,0.5,b_reference,202609110,0,-0.0014877288959757456,0.007612087463459997,0.004544046388728023,0.004544046388728026,0.03023844325803077,-0.002715776152598025,0.001974358974358974,1.0000000000000004,1.0,1.0,1.0,1.0,0,0,0,0.4
40,100,1.0,0.5,b_reference,202609110,125,0.7345386766936441,0.48708248440683877,0.33445007305949004,0.3344500730594899,0.9681742519062618,0.07220154219983195,0.32825641025641034,0.9999999999999997,0.045455551959788947,0.0646676837463428,0.026833986475402173,0.009042679057887169,0,0,0,0.4
40,100,1.0,0.5,b_reference,202609110,500,0.8078543147867953,0.5010084282413414,0.3400138568304149,0.34001385683041496,0.9927848379895716,0.07243430013593354,0.34012820512820524,0.9999999999999994,0.012492733827789631,0.026370628875322245,0.008629907037261826,0.0022555321133567135,0,0,0,0.4
40,100,1.0,0.5,b_reference,202609110,1000,0.8171512495433485,0.5035217896789136,0.34052796474002545,0.34052796474002534,0.9967595817947982,0.07247223306464244,0.33887179487179503,0.9999999999999997,0.0074763316696718094,0.017884382045268418,0.005466129378371319,0.0011324718535756465,0,0,0,0.4
40,100,1.0,0.5,b_reference,202609110,2500,0.8229600836883693,0.50537122462624,0.34056666040423805,0.34056666040423816,0.998973521965371,0.07251524960660359,0.3370256410256412,0.9999999999999997,0.004046754114779228,0.010912365460227856,0.003069271618162413,0.00045382983620202315,0,0,0,0.4
40,100,1.0,0.5,b_reference,202609110,5000,0.8249305631379806,0.5061775115425622,0.3402995363340384,0.3402995363340384,0.99938949038622,0.07251673220352851,0.3370256410256412,0.9999999999999997,0.002644227196109573,0.007554239046789284,0.0020928257803894752,0.00022825227275788027,0,0,0,0.4
40,100,1.0,0.5,b_reference,202609110,10000,0.8259419861586318,0.5066920878515739,0.34002563117408285,0.3400256311740829,0.9996706700486174,0.07251745171136817,0.3370256410256412,0.9999999999999994,0.0017856966702986489,0.005242517074990272,0.001409487853424894,0.00011436368176616,0,0,0,0.4
40,100,1.0,0.5,b_reference,202609111,0,-0.0011263693607101854,-0.008967010737212129,-0.003002529815127585,-0.0030025298151275756,-0.02836817056606102,-0.0030960777159649805,-0.0038974358974358976,1.0000000000000004,1.0,1.0,1.0,1.0,0,0,0,0.325
40,100,1.0,0.5,b_reference,202609111,125,0.5352650703395715,0.42605369897936785,0.3137925711975815,0.3137925711975815,0.9496230231721889,0.11686800635300264,0.2979230769230769,1.0,0.06367718731260684,0.0660744576134134,0.028150396406821467,0.009522649044881952,0,0,0,0.325
40,100,1.0,0.5,b_reference,202609111,500,0.8275206735874563,0.5055990243336517,0.40311370835885835,0.4031137083588583,0.992084138885803,0.20018554242155043,0.40312820512820513,0.9999999999999997,0.012497679773014355,0.021771452378286687,0.005464454668176368,0.002451858454448833,0,0,0,0.325
40,100,1.0,0.5,b_reference,202609111,1000,0.850588425265588,0.5140864860840467,0.4038421160121565,0.4038421160121565,0.9967779891687079,0.2009727742338443,0.4070512820512821,0.9999999999999997,0.007161894332410112,0.014426799217776827,0.0031681104524435106,0.001255000513140267,0,0,0,0.325
40,100,1.0,0.5,b_reference,202609111,2500,0.8626966327495339,0.5190808078994172,0.40329423258413705,0.40329423258413705,0.9986508052415812,0.20130747547912137,0.40769230769230774,0.9999999999999997,0.0038040918982146206,0.008679005093699543,0.0017011353532608465,0.0005140896324969974,0,0,0,0.325
40,100,1.0,0.5,b_reference,202609111,5000,0.8667416857307374,0.5210165203693944,0.4026852420519878,0.40268524205198775,0.9993207857919879,0.20141973488840817,0.40769230769230774,0.9999999999999997,0.0024819856202150216,0.005975947890426816,0.0011045815653304648,0.0002595931013388645,0,0,0,0.325
40,100,1.0,0.5,b_reference,202609111,10000,0.8686838138429883,0.5222021093490876,0.40199958612556436,0.40199958612556436,0.9997042317198288,0.20146544133934358,0.40769230769230774,0.9999999999999997,0.001679763392784636,0.00413627652314848,0.0007343801812344476,0.00013094922260094646,0,0,0,0.325
40,100,1.0,0.5,b_reference,202609112,0,-0.0003734606661455327,0.010991584517368704,0.0021347933022071997,0.0021347933022072088,0.0053421113099523,0.008071588725816968,0.008871794871794873,0.9999999999999997,1.0,1.0,1.0,1.0,0,0,0,0.45
40,100,1.0,0.5,b_reference,202609112,125,0.8186384731738062,0.6812924509707838,0.6164056026100837,0.6164056026100838,0.9758804042526222,0.3705081984654154,0.613153846153846,1.0000000000000007,0.04791896233578453,0.06387754520028663,0.02351657032171667,0.009896123247119104,0,0,0,0.45
40,100,1.0,0.5,b_reference,202609112,500,0.8819178441144347,0.7107281806045823,0.6260327232594943,0.6260327232594947,0.9959507749306078,0.3749126460672863,0.6307692307692306,1.0000000000000007,0.014506402312675186,0.02687869229530662,0.00879010496496261,0.002732704772572034,0,0,0,0.45
40,100,1.0,0.5,b_reference,202609112,1000,0.8898966820770486,0.7154655161642435,0.6262555336780153,0.6262555336780155,0.9981725786904311,0.37528074405974116,0.6307692307692306,1.0000000000000007,0.008846541035578663,0.018392358966447683,0.0057529689941878,0.0014165895508603768,0,0,0,0.45
40,100,1.0,0.5,b_reference,202609112,2500,0.8948326208559241,0.7188717088253052,0.6258969140329596,0.6258969140329597,0.9992920634790048,0.3755192733352934,0.6307692307692306,1.0000000000000007,0.0048840482913382255,0.011322612242771021,0.003278089358325302,0.0005930448503438772,0,0,0,0.45
40,100,1.0,0.5,b_reference,202609112,5000,0.8965212411936081,0.7203350651961279,0.6254547174918084,0.6254547174918084,0.9996461589185073,0.3755952091955571,0.6307692307692306,1.0000000000000007,0.0032391809232548575,0.007881592221572288,0.002214965536091968,0.0002987771614611318,0,0,0,0.45
40,100,1.0,0.5,b_reference,202609112,10000,0.8971729295141909,0.7212695835551819,0.6248497473280392,0.6248497473280392,0.9998149939874729,0.3756209571073263,0.6307692307692306,1.0000000000000007,0.002211371522901093,0.005494767944211404,0.0015087597837006761,0.00015267783673005172,0,0,0,0.45
40,100,1.0,0.5,b_reference,202609113,0,-0.004217025512642517,0.008264903455092875,0.003654614474145586,0.003654614474145586,0.002572470668573026,0.005363688280983221,-0.004128205128205128,1.0,1.0,1.0,1.0,1.0,0,0,0,0.525
40,100,1.0,0.5,b_reference,202609113,125,0.7592457736180384,0.6134069576525134,0.4645789453859134,0.46457894538591343,0.9733663162076731,0.08664834514541452,0.47012820512820525,1.0000000000000004,0.04392169679375491,0.06624354444815214,0.0237256057629514,0.010003427498109523,0,0,0,0.525
40,100,1.0,0.5,b_reference,202609113,500,0.8145735416057209,0.6303558695504893,0.47259718025280684,0.4725971802528069,0.9946610755807944,0.08744072027336956,0.476923076923077,1.0000000000000004,0.01318250227651459,0.028616863289391465,0.008278419262291715,0.0025831738682536923,0,0,0,0.525
40,100,1.0,0.5,b_reference,202609113,1000,0.8213420667375338,0.6333774334119172,0.47291052164079933,0.4729105216407992,0.9969456052253014,0.08754627055101179,0.476923076923077,1.0000000000000004,0.008011545553440165,0.01963506281041252,0.005356090824622399,0.0013099413348727506,0,0,0,0.525
40,100,1.0,0.5,b_reference,202609113,2500,0.8257576996071151,0.6356125649468481,0.4729772163842672,0.47297721638426726,0.9988159778611889,0.0876302209983448,0.476923076923077,1.0000000000000004,0.004413426909750345,0.012078040741590248,0.0030504666342231718,0.0005282170029504919,0,0,0,0.525
40,100,1.0,0.5,b_reference,202609113,5000,0.827220546024499,0.6365949384266968,0.47278357407754085,0.4727835740775409,0.999415751804622,0.08766358668830111,0.476923076923077,1.0000000000000004,0.002924077817964519,0.00839586607910779,0.0020474119574513247,0.00026614431994643865,0,0,0,0.525
40,100,1.0,0.5,b_reference,202609113,10000,0.8280726408924294,0.6372276496035175,0.47260723896194456,0.4726072389619445,0.9996801239296732,0.0876741770075969,0.476923076923077,1.0000000000000004,0.0019915810795694718,0.005846128065703187,0.001401160243409341,0.00013387811474204717,0,0,0,0.525
40,100,1.0,0.5,b_reference,202609114,0,0.0004805128108364578,0.007064013459859216,-0.0030819410184124802,-0.003081941018412488,-0.02236775363469456,-0.007995227268939729,0.0004615384615384613,1.0000000000000004,1.0,1.0,1.0,1.0,0,0,0,0.45
40,100,1.0,0.5,b_reference,202609114,125,0.7215286051948837,0.5361176131022075,0.39043220147685787,0.3904322014768578,0.9593151293065111,0.08590628504620912,0.3975128205128206,1.0,0.04884530212274985,0.06468672060098074,0.026002637650768413,0.009090587159620097,0,0,0,0.45
40,100,1.0,0.5,b_reference,202609114,500,0.8082652714977048,0.560759199736905,0.40309980003188717,0.4030998000318873,0.9926541758059491,0.09015294927291694,0.40338461538461545,0.9999999999999997,0.013599565595409832,0.026543429609744935,0.006791065269819757,0.0023099469690820765,0,0,0,0.45
40,100,1.0,0.5,b_reference,202609114,1000,0.8177824041632996,0.564030621443264,0.40380077264885833,0.4038007726488583,0.9963674779159546,0.09035831096670861,0.4040000000000001,0.9999999999999997,0.008271150929507714,0.01810273469294032,0.0040488746013422495,0.0011645889776980343,0,0,0,0.45
40,100,1.0,0.5,b_reference,202609114,2500,0.8234862543877077,0.5663660219935329,0.4038363844980563,0.4038363844980563,0.9986050416920251,0.09051242177493742,0.4040000000000001,0.9999999999999997,0.004588532383337742,0.011080574761273474,0.002298671359619379,0.0004745394805133792,0,0,0,0.45
40,100,1.0,0.5,b_reference,202609114,5000,0.8254671507975316,0.5673648718553096,0.40363801934381177,0.40363801934381177,0.9992796064276065,0.09056741104689985,0.4040000000000001,0.9999999999999997,0.003061737353329698,0.007686865606093685,0.00151829413603542,0.0002395453643289083,0,0,0,0.45
40,100,1.0,0.5,b_reference,202609114,10000,0.8264941874489812,0.5680012568094311,0.4033954199539162,0.40339541995391637,0.9996621733438865,0.09060756974769736,0.4040000000000001,0.9999999999999997,0.0021072594358993633,0.0053442847498802876,0.001030852500842049,0.00011977168437049149,0,0,0,0.45
40,100,1.0,0.5,b_reference,202609115,0,0.002030267786546898,-0.00907501001303264,-2.3746836899525168e-05,-2.374683689951805e-05,0.008160901169461785,0.004277302541491763,-2.564102564102621e-05,0.9999999999999997,1.0,1.0,1.0,1.0,0,0,0,0.5
40,100,1.0,0.5,b_reference,202609115,125,0.6934256066179395,0.5045603080991624,0.2750075151213693,0.27500751512136934,0.9637573595032642,-0.04137078396727626,0.2737948717948717,1.0000000000000004,0.04481690746671874,0.06732613543624139,0.02854227704855971,0.009582932519400136,0,0,0,0.5
40,100,1.0,0.5,b_reference,202609115,500,0.7471443493149659,0.5107567698273188,0.2820192606696073,0.2820192606696073,0.9917750428492471,-0.041934626475118586,0.28461538461538455,1.0000000000000002,0.013260852133293869,0.02877874274541801,0.009476908803863057,0.002384520340888909,0,0,0,0.5
40,100,1.0,0.5,b_reference,202609115,1000,0.7544488894795676,0.5124108228684323,0.2830579317917809,0.28305793179178096,0.9959490600938415,-0.041983258009333224,0.28461538461538455,1.0000000000000004,0.008017875336653537,0.019664627107320556,0.006126440731702628,0.001187607254133744,0,0,0,0.5
40,100,1.0,0.5,b_reference,202609115,2500,0.759405024883806,0.5136919086538502,0.2837440686715363,0.2837440686715363,0.998581962383457,-0.04201856623183119,0.28461538461538455,1.0000000000000002,0.004384491043573326,0.01205399571402851,0.0035062633807923503,0.00047610231584900543,0,0,0,0.5
40,100,1.0,0.5,b_reference,202609115,5000,0.7609709750432907,0.5142672864897802,0.28385048699161375,0.2838504869916138,0.9991824887317331,-0.04202672599353338,0.28461538461538455,1.0000000000000002,0.002887205926696171,0.008365134421529526,0.0023429013508050006,0.00023803228598933638,0,0,0,0.5
40,100,1.0,0.5,b_reference,202609115,10000,0.761889038135123,0.5146419862476461,0.28389803868516506,0.28389803868516506,0.9995337755121504,-0.0420299854642683,0.28461538461538455,1.0000000000000004,0.0019528356601451506,0.005816967747971777,0.0015849444561002607,0.00011908097780918855,0,0,0,0.5
40,100,1.0,0.5,b_reference,202609116,0,-0.0009080371206141489,-0.0027543828459559356,0.015033462811259363,0.015033462811259377,0.01659023122826295,0.006498849461754498,0.018717948717948723,1.0000000000000004,1.0,1.0,1.0,1.0,0,0,0,0.525
40,100,1.0,0.5,b_reference,202609116,125,0.7148658577235683,0.543348001282922,0.3297838175529457,0.3297838175529458,0.9609883340415867,-0.02829620056320706,0.3256666666666667,0.9999999999999998,0.044889402371752256,0.06728525179153595,0.025705235925041852,0.009478650280163089,0,0,0,0.525
40,100,1.0,0.5,b_reference,202609116,500,0.7599754100488288,0.5531759788524658,0.33841504093489094,0.33841504093489094,0.9920924797984433,-0.02877006613387833,0.3435897435897437,0.9999999999999998,0.013857874200047112,0.02954355163166476,0.00887808070796041,0.0023216903335091894,0,0,0,0.525
40,100,1.0,0.5,b_reference,202609116,1000,0.7660010683169978,0.555283519185613,0.33907706558846684,0.3390770655884669,0.9957360949467653,-0.02876388810842219,0.3435897435897437,0.9999999999999998,0.008480960858431263,0.020240384066254138,0.005711663149092935,0.0011535524024033357,0,0,0,0.525
40,100,1.0,0.5,b_reference,202609116,2500,0.7696125049638011,0.5568918848856607,0.339345462865979,0.339345462865979,0.9981427054239916,-0.028761768561026843,0.3435897435897437,0.9999999999999998,0.004743092830850248,0.01242736407518659,0.0033443880430796243,0.00046172245549787495,0,0,0,0.525
40,100,1.0,0.5,b_reference,202609116,5000,0.7708256347790345,0.5576044752937308,0.3393418213741671,0.3393418213741672,0.9990932302166375,-0.028754437079149542,0.3435897435897437,0.9999999999999998,0.0031991404205334102,0.00862809466593961,0.0022650658704320404,0.00023069395403780679,0,0,0,0.525
40,100,1.0,0.5,b_reference,202609116,10000,0.7713635767375366,0.558066797432545,0.3393095602156073,0.3393095602156073,0.9995532888313986,-0.028750583341811756,0.3435897435897437,1.0,0.0022348176505020273,0.00600127684729642,0.0015422233996071144,0.00011556945141261819,0,0,0,0.525
40,100,1.0,0.5,b_reference,202609117,0,-0.0023253952378594926,-0.008133294849679451,0.00044640440841913024,0.0004464044084191352,0.003126058836379118,-0.006177309105649816,-0.005128205128205127,0.9999999999999997,1.0,1.0,1.0,1.0,0,0,0,0.5
40,100,1.0,0.5,b_reference,202609117,125,0.7929034903965927,0.6572833725791213,0.5365301394477029,0.536530139447703,0.9699154659955016,0.20723362084052607,0.5422564102564101,0.9999999999999998,0.04674232511549859,0.06524778903567457,0.02297341299425314,0.009762486372348774,0,0,0,0.5
40,100,1.0,0.5,b_reference,202609117,500,0.848371586948651,0.6713077142837489,0.5467485981385233,0.5467485981385234,0.9943008655221902,0.20903986441492373,0.5505384615384614,1.0,0.014625811815172411,0.028472559948510803,0.006934121192132334,0.0025936008500580723,0,0,0,0.5
40,100,1.0,0.5,b_reference,202609117,1000,0.855856819674979,0.6743129972318751,0.547526627027347,0.5475266270273471,0.9974052987897901,0.2092482374087348,0.5512820512820512,1.0,0.00902571211431086,0.019544908546334536,0.004419775994050785,0.0013315579454358285,0,0,0,0.5
40,100,1.0,0.5,b_reference,202609117,2500,0.8604996938816819,0.6765763369864203,0.5476175264418409,0.5476175264418409,0.9989302663043053,0.20936790440992778,0.5512820512820512,0.9999999999999998,0.00509810784470284,0.012025025257833232,0.002524068999576659,0.000543635398465242,0,0,0,0.5
40,100,1.0,0.5,b_reference,202609117,5000,0.861940103213755,0.6775773680946428,0.5473249805070449,0.5473249805070448,0.9995009027849299,0.20938810627096296,0.5512820512820512,1.0,0.0034615874409688985,0.00836029734443937,0.0016860507084181773,0.0002742684662926507,0,0,0,0.5
40,100,1.0,0.5,b_reference,202609117,10000,0.8625535668820992,0.6782216687389634,0.5469745257295657,0.5469745257295657,0.9997515781125147,0.20940098405630406,0.5512820512820512,1.0,0.0024323712623070385,0.005819953229315467,0.0011446227238999952,0.00013782406345288941,0,0,0,0.5
40,100,1.0,0.5,b_reference,202609118,0,-0.0015537416273332008,-0.001536714536824825,-0.00832467170618829,-0.008324671706188285,-0.009211925097088992,-0.01079349222669699,-0.00323076923076923,1.0,1.0,1.0,1.0,1.0,0,0,0,0.5
40,100,1.0,0.5,b_reference,202609118,125,0.6998945515852737,0.5623626906477164,0.3913235262669816,0.39132352626698164,0.967329359033166,0.03772154416789466,0.3973333333333333,1.0000000000000004,0.04966523237015789,0.06698279324661366,0.025100763383986566,0.0093033327563934,0,0,0,0.5
40,100,1.0,0.5,b_reference,202609118,500,0.7937397279253796,0.5800883332096691,0.4043746861969755,0.40437468619697553,0.9936734526212122,0.04177937732728106,0.40769230769230774,1.0000000000000004,0.013345258869614641,0.027435932066751406,0.00644864991966395,0.002362974505579795,0,0,0,0.5
40,100,1.0,0.5,b_reference,202609118,1000,0.8031978748578077,0.5827511421965029,0.40522698995672907,0.40522698995672907,0.9970531223946048,0.041851605543867805,0.40769230769230774,1.0000000000000004,0.00805815090622885,0.01872780976905241,0.0040182695403340905,0.0011837235902007947,0,0,0,0.5
40,100,1.0,0.5,b_reference,202609118,2500,0.8086841335064675,0.5847072529549789,0.40534168032271445,0.40534168032271434,0.9989105999388055,0.04191881854356831,0.40769230769230774,1.0000000000000004,0.004442671826972482,0.011477949643122994,0.002315407392697105,0.0004775838532111182,0,0,0,0.5
40,100,1.0,0.5,b_reference,202609118,5000,0.8104196228209736,0.5855621557519429,0.4051131351658122,0.4051131351658122,0.9994655840022965,0.04195344400224664,0.40769230769230774,1.0000000000000004,0.0029533501880002833,0.0079650214159696,0.0015590805485152998,0.00023913006872058472,0,0,0,0.5
40,100,1.0,0.5,b_reference,202609118,10000,0.8110932811939396,0.5861094382342946,0.40477290513667546,0.4047729051366755,0.999726333702348,0.04197455775302497,0.40769230769230774,1.0000000000000004,0.002020433534563903,0.005539194586020473,0.001050722757649943,0.00011985732576801861,0,0,0,0.5
40,100,1.0,0.5,b_reference,202609119,0,0.0004417572250133875,0.0050249838335183405,-0.005722818428751,-0.005722818428751002,0.02679795094302929,-0.01579595848579557,-0.0018461538461538468,1.0,1.0,1.0,1.0,1.0,0,0,0,0.375
40,100,1.0,0.5,b_reference,202609119,125,0.7316946235343963,0.4763358349732621,0.3294381129257019,0.329438112925702,0.9603991967971685,0.09050734965345986,0.3363333333333335,0.9999999999999998,0.0491690017417258,0.06312755830529625,0.022344235574973614,0.00933969330060092,0,0,0,0.375
40,100,1.0,0.5,b_reference,202609119,500,0.8120379347415947,0.4905041276497352,0.33742281009808633,0.3374228100980863,0.9917887272788688,0.0919519076375828,0.3435897435897437,0.9999999999999998,0.01473037668651889,0.02572495305479228,0.0070366289434044445,0.0023758205934522863,0,0,0,0.375
40,100,1.0,0.5,b_reference,202609119,1000,0.8222785191037693,0.4931176793483351,0.33818540092195437,0.3381854009219543,0.9961192042582102,0.09215369548952637,0.3435897435897437,0.9999999999999998,0.00915543051352643,0.017469643921687986,0.00449831354127269,0.0011886616579526302,0,0,0,0.375
40,100,1.0,0.5,b_reference,202609119,2500,0.8282933606297181,0.49502586410424465,0.3380895251661537,0.3380895251661536,0.9983738023323935,0.09232981304111616,0.3435897435897437,1.0,0.005192594949454099,0.010653146792027038,0.002584731376536403,0.00047309727575426996,0,0,0,0.375
40,100,1.0,0.5,b_reference,202609119,5000,0.8308179646698348,0.4958609455389526,0.3380700000963635,0.3380700000963635,0.9991849854187245,0.09242919799083239,0.3435897435897437,0.9999999999999998,0.0034947591160693213,0.007376676251896749,0.0017277932323193736,0.00023792872696686492,0,0,0,0.375
40,100,1.0,0.5,b_reference,202609119,10000,0.8322831944041952,0.4963959336866137,0.3380014243908398,0.33800142439083974,0.9996181238233488,0.09249918006912966,0.3435897435897437,1.0,0.002405571733307572,0.00512101681332256,0.0011761016093695168,0.00011917259167862907,0,0,0,0.375
40,100,1.0,0.5,b_reference,202609120,0,-0.00024413095881927713,-0.006177618626865025,0.0016458237252951317,0.0016458237252951272,0.020240643690375065,0.00661246591870102,-0.006128205128205128,1.0,1.0,1.0,1.0,1.0,0,0,0,0.5
40,100,1.0,0.5,b_reference,202609120,125,0.7864488310045759,0.6805065749181413,0.6150430225261433,0.6150430225261433,0.977815123588975,0.3184174975689665,0.6070256410256409,0.9999999999999998,0.047288010338487244,0.06592401246283465,0.025595505851492454,0.01056550726202575,0,0,0,0.5
40,100,1.0,0.5,b_reference,202609120,500,0.8703259365204898,0.719949819189891,0.6266393805072276,0.6266393805072276,0.9964359190140598,0.3247516794714663,0.6299743589743588,1.0,0.012751271675203056,0.027187733403732504,0.007500219301093998,0.0028894278658980026,0,0,0,0.5
40,100,1.0,0.5,b_reference,202609120,1000,0.8792508242558023,0.7252153599194228,0.6267830917798484,0.6267830917798485,0.9979896946587162,0.32515009241583737,0.6307692307692306,1.0,0.00759626359175132,0.01862186963786671,0.0046281652807653425,0.0015027511646550716,0,0,0,0.5
40,100,1.0,0.5,b_reference,202609120,2500,0.8847058553249363,0.7288713069959564,0.6264232506159333,0.6264232506159334,0.9991856186553721,0.3253692746139973,0.6246153846153846,1.0,0.004089154116756016,0.011488416549528363,0.002655804672037911,0.000622307471147854,0,0,0,0.5
40,100,1.0,0.5,b_reference,202609120,5000,0.8867383274764833,0.7304283279527719,0.6261268599895651,0.6261268599895651,0.9996332814634143,0.32545367971081807,0.6246153846153846,1.0,0.002664572847791087,0.008013758865116004,0.0017485972977328917,0.00031579409881585485,0,0,0,0.5
40,100,1.0,0.5,b_reference,202609120,10000,0.8877044841208122,0.7314216322250259,0.62570316218016,0.62570316218016,0.9998340270423466,0.32545675035426896,0.6246153846153846,1.0,0.0017953001459060061,0.005594572542709663,0.0011685102002538343,0.00016059869845610675,0,0,0,0.5
40,100,1.0,0.5,b_reference,202609121,0,0.0005044382235674858,0.007697568844473169,0.006346160380754533,0.006346160380754539,0.004259373970654038,0.005014257196601801,-0.0005384615384615379,1.0,1.0,1.0,1.0,1.0,0,0,0,0.425
40,100,1.0,0.5,b_reference,202609121,125,0.7218124512832431,0.4927567451577492,0.33131459397686214,0.33131459397686214,0.9603815750779298,0.050156131813254054,0.32958974358974374,1.0,0.045108752090820346,0.0658366144504315,0.02667203517900683,0.00949654502279634,0,0,0,0.425
40,100,1.0,0.5,b_reference,202609121,500,0.7970800475840094,0.5105328749135293,0.33965671669709646,0.3396567166970965,0.9925992391238566,0.05099764223204681,0.33648717948717966,1.0,0.012371673592305503,0.026837086900948347,0.008261315229062413,0.002382223319280007,0,0,0,0.425
40,100,1.0,0.5,b_reference,202609121,1000,0.805409541859439,0.5133646200542101,0.3399516931476456,0.3399516931476456,0.9963780863410852,0.05109427514510978,0.3344358974358975,1.0,0.007389465591748954,0.018258706144976926,0.005449429605277356,0.0012003275438781404,0,0,0,0.425
40,100,1.0,0.5,b_reference,202609121,2500,0.8104950510414902,0.515414545570539,0.3397537381733235,0.33975373817332355,0.9987334901542979,0.051159859368956256,0.3350512820512822,1.0,0.0039839504342627724,0.01114511738812193,0.003139783214942305,0.00048331143423452897,0,0,0,0.425
40,100,1.0,0.5,b_reference,202609121,5000,0.8122802911602286,0.5163007594360975,0.33949362020010215,0.33949362020010215,0.9993738816158877,0.051185423270545954,0.3374871794871796,1.0,0.0026004763310814418,0.007716519364273616,0.002085734307444013,0.00024499232958716634,0,0,0,0.425
40,100,1.0,0.5,b_reference,202609121,10000,0.8135327656929998,0.5168653828328135,0.33935623628185435,0.33935623628185435,0.9996803568875952,0.05119905452440941,0.33810256410256423,0.9999999999999998,0.0017467214008698077,0.005355843889484531,0.0014026181450009206,0.00012317192962919946,0,0,0,0.425
40,100,0.0,0.0,control,202609110,0,-0.0014877288959757456,0.007612087463459997,0.004544046388728023,0.004544046388728026,nan,0.004544046388728026,0.001974358974358974,1.0000000000000004,1.0,1.0,1.0,1.0,0,0,0,0.0
40,100,0.0,0.0,control,202609110,125,0.6540620053160195,0.002153115080028072,0.0017300544314915274,0.001730054431491532,nan,0.001730054431491532,0.0021025641025641025,0.9999999999999998,0.06967197446408831,0.05542818928284005,0.0255394359567251,0.014642723404076734,0,0,0,0.0
40,100,0.0,0.0,control,202609110,500,0.9367128564454362,-0.0019091952914858125,-0.0026729086217217985,-0.002672908621721795,nan,-0.002672908621721795,-0.002692307692307692,0.9999999999999997,0.01651831297005517,0.015793019330836135,0.005711210174291235,0.0033100664991428616,0,0,0,0.0
40,100,0.0,0.0,control,202609110,1000,0.9615673054730465,-0.0022091566603607274,-0.0027029692711121487,-0.00270296927111216,nan,-0.00270296927111216,-0.0025641025641025645,0.9999999999999998,0.010358265883862882,0.01007367687547564,0.003307767203234149,0.0016670274283807534,0,0,0,0.0
40,100,0.0,0.0,control,202609110,2500,0.9766964139603997,-0.0023936714686299,-0.0027331847873713075,-0.0027331847873713062,nan,-0.0027331847873713062,-0.0025641025641025645,0.9999999999999998,0.0061471861580326675,0.005856717345098193,0.0018450263192529366,0.0007148784202093997,0,0,0,0.0
40,100,0.0,0.0,control,202609110,5000,0.9824357785195813,-0.0024576012265059106,-0.0027576748172157576,-0.0027576748172157667,nan,-0.0027576748172157667,-0.0025641025641025645,0.9999999999999998,0.004331445568677206,0.003964471055684984,0.0012061225993368716,0.0004054105154396382,0,0,0,0.0
40,100,0.0,0.0,control,202609110,10000,0.985838287883856,-0.0024963623469828823,-0.0027709920501870727,-0.0027709920501870636,nan,-0.0027709920501870636,-0.0025641025641025645,0.9999999999999997,0.0031322808474003147,0.0027092978879588512,0.0007975198884196741,0.00023359955790844413,0,0,0,0.0
40,100,0.0,0.0,control,202609111,0,-0.0011263693607101854,-0.008967010737212129,-0.003002529815127585,-0.0030025298151275756,nan,-0.0030025298151275756,-0.0038974358974358976,1.0000000000000004,1.0,1.0,1.0,1.0,0,0,0,0.0
40,100,0.0,0.0,control,202609111,125,0.42462768317807353,-0.018606728910262164,-0.012963987688529056,-0.012963987688529053,nan,-0.012963987688529053,-0.00912820512820513,1.0,0.08533088056843154,0.06032471490147776,0.026962906925908182,0.019864038645853982,0,0,0,0.0
40,100,0.0,0.0,control,202609111,500,0.8972681142190493,-0.004270142505512546,-0.0027581354822093598,-0.0027581354822093663,nan,-0.0027581354822093663,-0.002512820512820513,1.0,0.014990215087089965,0.013852434913622168,0.005398510065844225,0.003662826878924448,0,0,0,0.0
40,100,0.0,0.0,control,202609111,1000,0.9450405410484704,-0.003384138022860399,-0.00270375152321718,-0.00270375152321718,nan,-0.00270375152321718,-0.0025641025641025645,1.0,0.008547626205542514,0.008427837259235774,0.00291643725263803,0.00174671923855529,0,0,0,0.0
40,100,0.0,0.0,control,202609111,2500,0.9703983572441559,-0.002940571440605839,-0.002672164197364196,-0.002672164197364196,nan,-0.002672164197364196,-0.0025641025641025645,1.0,0.004715024822468954,0.004770043234804845,0.0015250920275751317,0.0007629288847603253,0,0,0,0.0
40,100,0.0,0.0,control,202609111,5000,0.9796169508087543,-0.002787089901029877,-0.0026629134259435476,-0.002662913425943559,nan,-0.002662913425943559,-0.0025641025641025645,1.0,0.003188104175958211,0.0031959144921456743,0.0009876570800935233,0.000432331486468738,0,0,0,0.0
40,100,0.0,0.0,control,202609111,10000,0.9850403162320513,-0.0027021368646432554,-0.002660066951989354,-0.002660066951989347,nan,-0.002660066951989347,-0.0025641025641025645,1.0,0.00222564620966893,0.0021704433634880216,0.0006454579242018908,0.0002481945189828999,0,0,0,0.0
40,100,0.0,0.0,control,202609112,0,-0.0003734606661455327,0.010991584517368704,0.0021347933022071997,0.0021347933022072088,nan,0.0021347933022072088,0.008871794871794873,0.9999999999999997,1.0,1.0,1.0,1.0,0,0,0,0.0
40,100,0.0,0.0,control,202609112,125,0.7473256623660336,-0.018257648003905388,-0.023878204937244588,-0.02387820493724459,nan,-0.02387820493724459,-0.02056410256410256,1.0,0.06787416132642889,0.054458541323335614,0.025100227507465534,0.015693602011247646,0,0,0,0.0
40,100,0.0,0.0,control,202609112,500,0.9487969005252677,-0.024316119604369333,-0.025298789702084698,-0.025298789702084698,nan,-0.025298789702084698,-0.02564102564102564,1.0,0.01625438882157778,0.016538249824426265,0.006436912623828057,0.0032995125348528128,0,0,0,0.0
40,100,0.0,0.0,control,202609112,1000,0.9690504323208754,-0.024891551559558803,-0.0253774389344733,-0.025377438934473303,nan,-0.025377438934473303,-0.02564102564102564,1.0000000000000002,0.010018043341240455,0.010618477287341103,0.0038848798978565247,0.0016769776601531512,0,0,0,0.0
40,100,0.0,0.0,control,202609112,2500,0.9822237291512681,-0.025240148993203475,-0.025436364663320266,-0.025436364663320263,nan,-0.025436364663320263,-0.02564102564102564,1.0000000000000004,0.005720004964999823,0.006196321874939419,0.0021339128321398336,0.0007291377384182926,0,0,0,0.0
40,100,0.0,0.0,control,202609112,5000,0.987632026402314,-0.025388369571184604,-0.025469577286674042,-0.02546957728667405,nan,-0.02546957728667405,-0.02564102564102564,1.0000000000000004,0.003876608931442887,0.004198791087003844,0.001411630475858201,0.0004058056185049388,0,0,0,0.0
40,100,0.0,0.0,control,202609112,10000,0.9910591374653033,-0.025478310688946956,-0.02549113325194959,-0.025491133251949585,nan,-0.025491133251949585,-0.02564102564102564,1.0000000000000004,0.0026809531558501846,0.0028709226237024184,0.0009441466594222461,0.00023410938712518147,0,0,0,0.0
40,100,0.0,0.0,control,202609113,0,-0.004217025512642517,0.008264903455092875,0.003654614474145586,0.003654614474145586,nan,0.003654614474145586,-0.004128205128205128,1.0,1.0,1.0,1.0,1.0,0,0,0,0.0
40,100,0.0,0.0,control,202609113,125,0.7457243243832026,-0.02318591075507632,-0.022540032670595667,-0.022540032670595653,nan,-0.022540032670595653,-0.02174358974358974,1.0000000000000004,0.06577734247735013,0.051503833773297134,0.023694694734409362,0.015970093758333016,0,0,0,0.0
40,100,0.0,0.0,control,202609113,500,0.9470599892312629,-0.023084359545621738,-0.02265964337774624,-0.022659643377746255,nan,-0.022659643377746255,-0.023076923076923075,1.0000000000000004,0.017219193052271257,0.016079015233655403,0.005787218772010405,0.003344481639206232,0,0,0,0.0
40,100,0.0,0.0,control,202609113,1000,0.9676720655330562,-0.02303093717508086,-0.022744949620940206,-0.022744949620940202,nan,-0.022744949620940202,-0.023076923076923075,1.0000000000000004,0.010813865191424651,0.01037636508803069,0.0035220125543252295,0.0017859513122393024,0,0,0,0.0
40,100,0.0,0.0,control,202609113,2500,0.9813003167702787,-0.023035417949392956,-0.022829686345015768,-0.022829686345015768,nan,-0.022829686345015768,-0.023076923076923075,1.0000000000000004,0.006247236498908888,0.006079894375172418,0.002003961440600139,0.0007856355918710432,0,0,0,0.0
40,100,0.0,0.0,control,202609113,5000,0.986951266933716,-0.02304633204466131,-0.02288123258230532,-0.022881232582305316,nan,-0.022881232582305316,-0.023076923076923075,1.0000000000000004,0.004245738385604048,0.0041279180280110375,0.0013232028893099565,0.00044003651275971694,0,0,0,0.0
40,100,0.0,0.0,control,202609113,10000,0.9905051164496939,-0.023054182713979767,-0.022912776687712657,-0.022912776687712657,nan,-0.022912776687712657,-0.023076923076923075,1.0000000000000004,0.002937635224585314,0.002825925436199304,0.0008809205396341977,0.0002552965292812807,0,0,0,0.0
40,100,0.0,0.0,control,202609114,0,0.0004805128108364578,0.007064013459859216,-0.0030819410184124802,-0.003081941018412488,nan,-0.003081941018412488,0.0004615384615384613,1.0000000000000004,1.0,1.0,1.0,1.0,0,0,0,0.0
40,100,0.0,0.0,control,202609114,125,0.5841389347375429,-0.020364039686680803,-0.024339892029321197,-0.024339892029321197,nan,-0.024339892029321197,-0.02361538461538461,0.9999999999999997,0.07991606686385369,0.05988129581595252,0.026797038801439972,0.018818264403798555,0,0,0,0.0
40,100,0.0,0.0,control,202609114,500,0.9370546963669575,-0.024163993038692287,-0.02552294317212809,-0.02552294317212808,nan,-0.02552294317212808,-0.02564102564102564,0.9999999999999993,0.015292083165704426,0.014843952998015799,0.006774831653409471,0.003468952003506827,0,0,0,0.0
40,100,0.0,0.0,control,202609114,1000,0.9628127332231791,-0.02477722036460137,-0.0255645706313518,-0.025564570631351802,nan,-0.025564570631351802,-0.02564102564102564,0.9999999999999993,0.009399839820751614,0.009322507542722692,0.004086965202121177,0.0018396579161428876,0,0,0,0.0
40,100,0.0,0.0,control,202609114,2500,0.9785408733340657,-0.02519025517981117,-0.025577063243606493,-0.025577063243606497,nan,-0.025577063243606497,-0.02564102564102564,0.9999999999999993,0.005463859002275795,0.005374857579037892,0.002304198848767565,0.000845555555603025,0,0,0,0.0
40,100,0.0,0.0,control,202609114,5000,0.9846975545552249,-0.025358716712999423,-0.02558181378500131,-0.025581813785001312,nan,-0.025581813785001312,-0.02564102564102564,0.9999999999999993,0.003787156345866104,0.0036267735358943166,0.0015159918197562845,0.0004828690348454964,0,0,0,0.0
40,100,0.0,0.0,control,202609114,10000,0.988449938125559,-0.02545767294676574,-0.025586383805052657,-0.02558638380505266,nan,-0.02558638380505266,-0.02564102564102564,0.9999999999999993,0.0026871236204834364,0.0024733495053202636,0.0010219549508734447,0.00028129203332338056,0,0,0,0.0
40,100,0.0,0.0,control,202609115,0,0.002030267786546898,-0.00907501001303264,-2.3746836899525168e-05,-2.374683689951805e-05,nan,-2.374683689951805e-05,-2.564102564102621e-05,0.9999999999999997,1.0,1.0,1.0,1.0,0,0,0,0.0
40,100,0.0,0.0,control,202609115,125,0.6978097214445181,-0.021014184087415923,-0.02442821826297359,-0.02442821826297361,nan,-0.02442821826297361,-0.023717948717948713,1.0000000000000004,0.06980935832779094,0.05440184457704736,0.024581887437717876,0.01774822897349607,0,0,0,0.0
40,100,0.0,0.0,control,202609115,500,0.9446795913520027,-0.02481816228664942,-0.02544061122712351,-0.025440611227123516,nan,-0.025440611227123516,-0.02564102564102564,1.0000000000000004,0.016947162204014633,0.015902602776870396,0.005817478948597829,0.0033232591736318505,0,0,0,0.0
40,100,0.0,0.0,control,202609115,1000,0.9668419694338757,-0.025136674929058796,-0.025468652685758007,-0.025468652685758007,nan,-0.025468652685758007,-0.02564102564102564,1.0000000000000004,0.01060401532714942,0.010203267050631437,0.0036361875399102887,0.00173703886528182,0,0,0,0.0
40,100,0.0,0.0,control,202609115,2500,0.9807789273507725,-0.025382062514350212,-0.025457757324740985,-0.025457757324740985,nan,-0.025457757324740985,-0.02564102564102564,1.0000000000000004,0.006182312259908187,0.005958450112644055,0.002033047082045989,0.0007789200420698241,0,0,0,0.0
40,100,0.0,0.0,control,202609115,5000,0.9861829410966733,-0.02547568497737854,-0.025441167448598548,-0.025441167448598537,nan,-0.025441167448598537,-0.02564102564102564,1.0000000000000004,0.004280665450422372,0.004039797813901702,0.001362017278790133,0.00043995811678893806,0,0,0,0.0
40,100,0.0,0.0,control,202609115,10000,0.9893571447187527,-0.025530555364409725,-0.025419195105554692,-0.025419195105554692,nan,-0.025419195105554692,-0.02564102564102564,1.0000000000000004,0.003044587524966553,0.0027634098063534954,0.0009077189325447243,0.0002558183924011795,0,0,0,0.0
40,100,0.0,0.0,control,202609116,0,-0.0009080371206141489,-0.0027543828459559356,0.015033462811259363,0.015033462811259377,nan,0.015033462811259377,0.018717948717948723,1.0000000000000004,1.0,1.0,1.0,1.0,0,0,0,0.0
40,100,0.0,0.0,control,202609116,125,0.48661890763188087,-0.0024387325943213073,-0.0018367839834017201,-0.0018367839834016928,nan,-0.0018367839834016928,-0.005128205128205127,0.9999999999999997,0.08045149682117622,0.05789891091823012,0.024098643399516326,0.018753604152561158,0,0,0,0.0
40,100,0.0,0.0,control,202609116,500,0.8993575163383816,-0.0022111240760666123,-0.0028600171381566847,-0.0028600171381566743,nan,-0.0028600171381566743,-0.0026410256410256405,0.9999999999999993,0.015670381346384547,0.01414686483589117,0.004901623135615677,0.003528592064993458,0,0,0,0.0
40,100,0.0,0.0,control,202609116,1000,0.9441432648664215,-0.002449638863600805,-0.002682657055060175,-0.0026826570550601884,nan,-0.0026826570550601884,-0.0025641025641025645,0.9999999999999993,0.009138453748937807,0.008721783735957578,0.0027757993594585213,0.0016343135539614525,0,0,0,0.0
40,100,0.0,0.0,control,202609116,2500,0.9683243544468383,-0.0025242901131947246,-0.0026817278096027794,-0.002681727809602768,nan,-0.002681727809602768,-0.0025641025641025645,0.9999999999999993,0.005105543145414387,0.004978269997369915,0.0015062965421112097,0.0007315080627799146,0,0,0,0.0
40,100,0.0,0.0,control,202609116,5000,0.977197544158192,-0.002537915665045641,-0.0026789775283096737,-0.002678977528309673,nan,-0.002678977528309673,-0.0025641025641025645,0.9999999999999993,0.003461523261474584,0.0033474189973559977,0.0009891746204518475,0.0004217567864900858,0,0,0,0.0
40,100,0.0,0.0,control,202609116,10000,0.9822595973029197,-0.00254766404260492,-0.0026726597946376317,-0.002672659794637638,nan,-0.002672659794637638,-0.0025641025641025645,0.9999999999999993,0.002416620866793759,0.0022780993563732703,0.000653033036384734,0.0002518861903583714,0,0,0,0.0
40,100,0.0,0.0,control,202609117,0,-0.0023253952378594926,-0.008133294849679451,0.00044640440841913024,0.0004464044084191352,nan,0.0004464044084191352,-0.005128205128205127,0.9999999999999997,1.0,1.0,1.0,1.0,0,0,0,0.0
40,100,0.0,0.0,control,202609117,125,0.8261250629814859,0.0001784791272749422,-0.001857225831376743,-0.001857225831376752,nan,-0.001857225831376752,-0.0021538461538461538,1.0000000000000002,0.0630179502441116,0.05130775469934851,0.024438452157790874,0.01564746920672038,0,0,0,0.0
40,100,0.0,0.0,control,202609117,500,0.955046523998388,-0.001965876618886889,-0.0023745936709479803,-0.0023745936709479803,nan,-0.0023745936709479803,-0.0025641025641025645,1.0000000000000002,0.018912413995278,0.017206970929223835,0.0072177220956103506,0.0036848657339112576,0,0,0,0.0
40,100,0.0,0.0,control,202609117,1000,0.9712444260399552,-0.0022076237811164746,-0.0024149911399710335,-0.0024149911399710153,nan,-0.0024149911399710153,-0.0025641025641025645,1.0,0.0122123624458227,0.011234883883007252,0.0043871201948313746,0.002021476746435972,0,0,0,0.0
40,100,0.0,0.0,control,202609117,2500,0.9821929440560717,-0.002370668328787723,-0.002421159628196584,-0.0024211596281965707,nan,-0.0024211596281965707,-0.0025641025641025645,1.0000000000000002,0.00728584608487597,0.006642090735760346,0.0024824039487739424,0.0009669362851079853,0,0,0,0.0
40,100,0.0,0.0,control,202609117,5000,0.986645143331192,-0.0024383739392607306,-0.0024072037489514305,-0.002407203748951444,nan,-0.002407203748951444,-0.0025641025641025645,1.0000000000000002,0.005092995690747773,0.00452888845714476,0.0016882563523150295,0.0005734944107353404,0,0,0,0.0
40,100,0.0,0.0,control,202609117,10000,0.9893214928175241,-0.0024818288850042562,-0.0023999621285326973,-0.0023999621285327112,nan,-0.0023999621285327112,-0.0025641025641025645,1.0000000000000002,0.0036386764379697347,0.003109833332701487,0.0011441715625929204,0.0003477860746569239,0,0,0,0.0
40,100,0.0,0.0,control,202609118,0,-0.0015537416273332008,-0.001536714536824825,-0.00832467170618829,-0.008324671706188285,nan,-0.008324671706188285,-0.00323076923076923,1.0,1.0,1.0,1.0,1.0,0,0,0,0.0
40,100,0.0,0.0,control,202609118,125,0.7977747046170169,-0.023093007398868055,-0.02340972082469105,-0.02340972082469105,nan,-0.02340972082469105,-0.024538461538461537,1.0,0.0650949425090784,0.05219065374863346,0.021000542430456338,0.01551617989917647,0,0,0,0.0
40,100,0.0,0.0,control,202609118,500,0.9525157272939795,-0.024679998855965772,-0.025209018981193574,-0.025209018981193574,nan,-0.025209018981193574,-0.02564102564102564,1.0000000000000004,0.0190687983734942,0.017026586487461384,0.0054110785163914085,0.0037734463428819973,0,0,0,0.0
40,100,0.0,0.0,control,202609118,1000,0.9695214237167519,-0.02507891495592043,-0.025336046466397852,-0.02533604646639786,nan,-0.02533604646639786,-0.02564102564102564,1.0000000000000004,0.012294427665929468,0.011109001125160552,0.003284188582787788,0.0021553821017760125,0,0,0,0.0
40,100,0.0,0.0,control,202609118,2500,0.9809152400582662,-0.025332254255392907,-0.025416242939150045,-0.02541624293915005,nan,-0.02541624293915005,-0.02564102564102564,1.0000000000000004,0.007334583793820482,0.006570139750452643,0.0018607352038554348,0.0010096631194825352,0,0,0,0.0
40,100,0.0,0.0,control,202609118,5000,0.9855982074636053,-0.02544056572288667,-0.025447332532453792,-0.025447332532453792,nan,-0.025447332532453792,-0.02564102564102564,1.0000000000000004,0.005115471238289337,0.004481483717061925,0.0012248085753178877,0.0005971946462882601,0,0,0,0.0
40,100,0.0,0.0,control,202609118,10000,0.988507061333572,-0.025509697837819072,-0.0254700667654724,-0.0254700667654724,nan,-0.0254700667654724,-0.02564102564102564,1.0000000000000004,0.0036393740188523584,0.0030784439788728757,0.0008188644246206815,0.0003625524188739748,0,0,0,0.0
40,100,0.0,0.0,control,202609119,0,0.0004417572250133875,0.0050249838335183405,-0.005722818428751,-0.005722818428751002,nan,-0.005722818428751002,-0.0018461538461538468,1.0,1.0,1.0,1.0,1.0,0,0,0,0.0
40,100,0.0,0.0,control,202609119,125,0.6737184186351705,0.036321882550724036,0.021098776100006034,0.021098776100006034,nan,0.021098776100006034,0.01853846153846154,0.9999999999999997,0.06890693841528431,0.054666275214438544,0.022818534946228,0.01623691747886834,0,0,0,0.0
40,100,0.0,0.0,control,202609119,500,0.9324697093629156,0.0036900435523447637,-0.0016910535337838512,-0.0016910535337838466,nan,-0.0016910535337838466,-0.0025641025641025645,0.9999999999999998,0.01662533076589248,0.016434961443373804,0.0052482475325468965,0.003601622005631054,0,0,0,0.0
40,100,0.0,0.0,control,202609119,1000,0.959337143377993,0.0005637830343004042,-0.0018727707540867628,-0.0018727707540867628,nan,-0.0018727707540867628,-0.0025641025641025645,0.9999999999999998,0.010323626020722015,0.010499199999822217,0.0029944309972704153,0.001822231423811091,0,0,0,0.0
40,100,0.0,0.0,control,202609119,2500,0.9753954381257959,-0.0010486652378703686,-0.0018795012392555366,-0.001879501239255532,nan,-0.001879501239255532,-0.0025641025641025645,0.9999999999999998,0.006048179606028674,0.0061143311432536535,0.001604778876539008,0.0007852898286096907,0,0,0,0.0
40,100,0.0,0.0,control,202609119,5000,0.9818444941389772,-0.001633027527996714,-0.0018594427324950666,-0.0018594427324950802,nan,-0.0018594427324950802,-0.0025641025641025645,1.0,0.004200975643104423,0.0041418963580487035,0.0010517640841359887,0.0004404260703281527,0,0,0,0.0
40,100,0.0,0.0,control,202609119,10000,0.9859548377592227,-0.0019804243952326905,-0.0018592527095740057,-0.0018592527095739897,nan,-0.0018592527095739897,-0.0025641025641025645,1.0,0.0029790824211441895,0.002832154838172332,0.0006962008033055947,0.0002552717711796769,0,0,0,0.0
40,100,0.0,0.0,control,202609120,0,-0.00024413095881927713,-0.006177618626865025,0.0016458237252951317,0.0016458237252951272,nan,0.0016458237252951272,-0.006128205128205128,1.0,1.0,1.0,1.0,1.0,0,0,0,0.0
40,100,0.0,0.0,control,202609120,125,0.8386955113942632,-0.020852412015476447,-0.02244367676334573,-0.022443676763345723,nan,-0.022443676763345723,-0.022410256410256412,1.0,0.06169966987917476,0.052020685638016574,0.023086307054848525,0.015226744148994165,0,0,0,0.0
40,100,0.0,0.0,control,202609120,500,0.9565581088541659,-0.022430048243957373,-0.02282068868195651,-0.02282068868195652,nan,-0.02282068868195652,-0.023076923076923075,1.0,0.01882981025027021,0.017980986919913632,0.006468217946451872,0.0035287572836002023,0,0,0,0.0
40,100,0.0,0.0,control,202609120,1000,0.9712113216408472,-0.022676562196763773,-0.02284939965552502,-0.022849399655525012,nan,-0.022849399655525012,-0.023076923076923075,0.9999999999999998,0.012282559514518215,0.011778161538761458,0.003966574694446372,0.0018723505328007957,0,0,0,0.0
40,100,0.0,0.0,control,202609120,2500,0.9812368581677345,-0.022853917850190655,-0.022884664494756044,-0.02288466449475605,nan,-0.02288466449475605,-0.023076923076923075,0.9999999999999997,0.007472814960536243,0.006968269428299083,0.0022782644175935373,0.0008231845232154073,0,0,0,0.0
40,100,0.0,0.0,control,202609120,5000,0.9853595282497045,-0.022930860448198982,-0.02289723687715433,-0.022897236877154333,nan,-0.022897236877154333,-0.023076923076923075,1.0,0.005309377311713255,0.004750059225370649,0.0015087175371547208,0.0004690115868191129,0,0,0,0.0
40,100,0.0,0.0,control,202609120,10000,0.9879949695255307,-0.02298032133565655,-0.02290680445663324,-0.022906804456633244,nan,-0.022906804456633244,-0.023076923076923075,1.0,0.0038530120886398635,0.0032603722305956347,0.0010225255396084073,0.0002750717794171164,0,0,0,0.0
40,100,0.0,0.0,control,202609121,0,0.0005044382235674858,0.007697568844473169,0.006346160380754533,0.006346160380754539,nan,0.006346160380754539,-0.0005384615384615379,1.0,1.0,1.0,1.0,1.0,0,0,0,0.0
40,100,0.0,0.0,control,202609121,125,0.8625435746720332,-0.02325841980077287,-0.025126688196328253,-0.02512668819632825,nan,-0.02512668819632825,-0.024948717948717943,1.0000000000000004,0.058388924945580206,0.051543356636350866,0.026576494916181227,0.015729883802490366,0,0,0,0.0
40,100,0.0,0.0,control,202609121,500,0.961201160619586,-0.025016401774885524,-0.025431245842187047,-0.025431245842187054,nan,-0.025431245842187054,-0.02564102564102564,1.0000000000000004,0.018722882194576445,0.018294924363803994,0.008436585960073436,0.003701507228576778,0,0,0,0.0
40,100,0.0,0.0,control,202609121,1000,0.9747390000337097,-0.025263570882693563,-0.0254775497088372,-0.025477549708837192,nan,-0.025477549708837192,-0.02564102564102564,1.0000000000000004,0.012257242454032227,0.012024510913636864,0.005418966068784312,0.0020159302227413635,0,0,0,0.0
40,100,0.0,0.0,control,202609121,2500,0.9840513679848606,-0.02543167711552533,-0.025518252681968185,-0.02551825268196819,nan,-0.02551825268196819,-0.02564102564102564,1.0000000000000004,0.007455438140066129,0.007134932628397639,0.003027543303070919,0.0009497034478895027,0,0,0,0.0
40,100,0.0,0.0,control,202609121,5000,0.9878122118569661,-0.025505536077589316,-0.025529662059541033,-0.025529662059541033,nan,-0.025529662059541033,-0.02564102564102564,1.0000000000000004,0.00529261784385504,0.004870791809190104,0.002033563338270723,0.0005503944988884099,0,0,0,0.0
40,100,0.0,0.0,control,202609121,10000,0.9900237041984759,-0.025552171122087117,-0.02553507547904211,-0.025535075479042112,nan,-0.025535075479042112,-0.02564102564102564,1.0000000000000004,0.0038420662797769337,0.0033468312892508765,0.0013803038193922457,0.00032739327316665714,0,0,0,0.0
40,100,1.0,0.25,f025,202609110,0,-0.0014877288959757456,0.007612087463459997,0.004544046388728023,0.004544046388728026,-0.022303915553930045,0.008746365444410554,0.001974358974358974,1.0000000000000004,1.0,1.0,1.0,1.0,0,0,0,0.25
40,100,1.0,0.25,f025,202609110,125,0.7364096220596302,0.3667473911164415,0.27063791971511064,0.27063791971511064,0.9432982911448298,0.12631216842570328,0.2552051282051282,0.9999999999999997,0.05121304168006442,0.0610220829320446,0.027024038245678558,0.008805744177571751,0,0,0,0.25
40,100,1.0,0.25,f025,202609110,500,0.8476998208469,0.39186030226207363,0.2806208443826344,0.2806208443826344,0.990253425508248,0.1299425998206326,0.27499999999999997,0.9999999999999997,0.013676510010462767,0.02300953719344197,0.007400307744697477,0.0021129130741410662,0,0,0,0.25
40,100,1.0,0.25,f025,202609110,1000,0.8604262224345806,0.3951182129364994,0.28112106289950684,0.2811210628995068,0.995742331947068,0.13028591086526847,0.2809999999999999,0.9999999999999994,0.008404508271907939,0.015367659161846348,0.004616124315374366,0.0010629961487798709,0,0,0,0.25
40,100,1.0,0.25,f025,202609110,2500,0.8689252714483882,0.39736782786228325,0.2814455154796501,0.28144551547965,0.9986272597010488,0.1304691192274192,0.28153846153846146,0.9999999999999994,0.00473093551585023,0.009240385816011885,0.002575571975754167,0.000428424101527606,0,0,0,0.25
40,100,1.0,0.25,f025,202609110,5000,0.8720709465109463,0.39830481144705865,0.28137169443752436,0.2813716944375243,0.9991189294252766,0.1305028032973704,0.28153846153846146,0.9999999999999994,0.003185097977427338,0.00635619605642128,0.0017312442854014484,0.00021608596229239649,0,0,0,0.25
40,100,1.0,0.25,f025,202609110,10000,0.8737170109912469,0.39889049857519004,0.28115168765799126,0.2811516876579913,0.999513285318496,0.13050484922362543,0.28153846153846146,0.9999999999999994,0.002207431826569764,0.004393101922032632,0.001152890460860423,0.00010837300644171763,0,0,0,0.25
40,100,1.0,0.25,f025,202609111,0,-0.0011263693607101854,-0.008967010737212129,-0.003002529815127585,-0.0030025298151275756,-0.06517952984583494,-0.001093539733686107,-0.0038974358974358976,1.0000000000000004,1.0,1.0,1.0,1.0,0,0,0,0.125
40,100,1.0,0.25,f025,202609111,125,0.5386660967042082,0.13657146464380387,0.03247966484493094,0.032479664844930985,0.8190232744614322,-0.007011574243624666,0.024410256410256403,0.9999999999999997,0.07078519687568384,0.05869894742594443,0.0256804879867525,0.008985800365305403,0,0,0,0.125
40,100,1.0,0.25,f025,202609111,500,0.8123522525017187,0.13263439110764297,0.034482711486424636,0.03448271148642464,0.9479992503362356,-0.008123159696723148,0.02953846153846153,0.9999999999999994,0.015055446858627806,0.017725994624540074,0.005308252024893012,0.002086401839378969,0,0,0,0.125
40,100,1.0,0.25,f025,202609111,1000,0.8498837358013096,0.1332816760350911,0.03625951384925718,0.03625951384925721,0.9729552342253633,-0.008214720427512643,0.033384615384615374,0.9999999999999997,0.008852054863888835,0.011422000470298949,0.002978816708938605,0.0010352657862685022,0,0,0,0.125
40,100,1.0,0.25,f025,202609111,2500,0.8739457289014865,0.13395043248450444,0.037030834642782895,0.03703083464278291,0.9896255670218783,-0.008288639905765088,0.03548717948717948,0.9999999999999994,0.00478903232480353,0.006710228548007492,0.001515916618806804,0.0004126734374645146,0,0,0,0.125
40,100,1.0,0.25,f025,202609111,5000,0.8827120681374595,0.134190260893186,0.03719779194110323,0.03719779194110321,0.9942822824741719,-0.008298358099946545,0.03589743589743589,0.9999999999999997,0.0031401145014986003,0.004570379646334703,0.0009547804886175757,0.0002058670012451716,0,0,0,0.125
40,100,1.0,0.25,f025,202609111,10000,0.8875200539897349,0.13435811063014402,0.037133768553690515,0.0371337685536905,0.99693729382736,-0.008308832640426436,0.03589743589743589,0.9999999999999997,0.0021056568308667396,0.0031401416522592344,0.0006154066903666111,0.0001028474407081367,0,0,0,0.125
40,100,1.0,0.25,f025,202609112,0,-0.0003734606661455327,0.010991584517368704,0.0021347933022071997,0.0021347933022072088,-0.04316068430884727,0.0008478892342090164,0.008871794871794873,0.9999999999999997,1.0,1.0,1.0,1.0,0,0,0,0.175
40,100,1.0,0.25,f025,202609112,125,0.3553565319953577,0.21279381441158315,0.10620828283724812,0.10620828283724812,0.8490572151235124,0.029544170825231253,0.08453846153846153,1.0,0.0783926693139239,0.06607869384555362,0.02989750811469699,0.0083815056235304,0,0,0,0.175
40,100,1.0,0.25,f025,202609112,500,0.5419319768111361,0.21682902008225646,0.09271217610573863,0.09271217610573862,0.9790000504673758,0.012081081842300171,0.09279487179487178,1.0,0.015160787533818087,0.01867218644863192,0.005514876625912285,0.001997976254858967,0,0,0,0.175
40,100,1.0,0.25,f025,202609112,1000,0.6520750568274647,0.20651215105228427,0.06758642979243444,0.06758642979243444,0.990933288256538,-0.005005773138406801,0.06543589743589744,1.0000000000000002,0.007347100851575245,0.011335602382905461,0.0024059781325116393,0.0009905179616074,0,0,0,0.175
40,100,1.0,0.25,f025,202609112,2500,0.7857896265652873,0.19772888897086843,0.06512341679028795,0.06512341679028795,0.994070314977985,-0.00687053053473045,0.05769230769230768,1.0000000000000002,0.0030037351374740157,0.006314107581636903,0.0009390050722897106,0.00038959347831684976,0,0,0,0.175
40,100,1.0,0.25,f025,202609112,5000,0.8246423005081589,0.19538603681163896,0.06510463007988113,0.06510463007988113,0.9966021466912187,-0.0072048457331850245,0.05956410256410255,1.0000000000000002,0.0016971785937866296,0.004229129513463792,0.0005271662633762271,0.00019412979806669666,0,0,0,0.175
40,100,1.0,0.25,f025,202609112,10000,0.8427301864911344,0.19406195511534977,0.06507913575832278,0.06507913575832276,0.9982845681021731,-0.007346694750710386,0.06066666666666665,1.0000000000000002,0.00103154860332629,0.0028803365673793786,0.00032715572471951143,9.658062171945637e-05,0,0,0,0.175
40,100,1.0,0.25,f025,202609113,0,-0.004217025512642517,0.008264903455092875,0.003654614474145586,0.003654614474145586,-0.022567540712045007,0.011248560753009722,-0.004128205128205128,1.0,1.0,1.0,1.0,1.0,0,0,0,0.225
40,100,1.0,0.25,f025,202609113,125,0.6241305421212681,0.3404773813279142,0.26498877517130587,0.26498877517130587,0.9281536921740001,0.13992363725298862,0.2532307692307692,1.0000000000000004,0.05927799621265692,0.06011805856446494,0.024757919303904682,0.008815076269627286,0,0,0,0.225
40,100,1.0,0.25,f025,202609113,500,0.8459592958110286,0.37836021910161255,0.2805170272434864,0.2805170272434864,0.9896757523518107,0.14669174752958103,0.28461538461538455,1.0,0.01327601984229356,0.02032088113976334,0.007078303411942505,0.0022407603855721056,0,0,0,0.225
40,100,1.0,0.25,f025,202609113,1000,0.8651457493579852,0.38246185719518927,0.28139405078411744,0.28139405078411744,0.9957346225973117,0.14715167933815357,0.28461538461538455,1.0,0.008034064785475744,0.013449455008951101,0.004146725706125412,0.001129281602049403,0,0,0,0.225
40,100,1.0,0.25,f025,202609113,2500,0.8766946084107572,0.3852319543090766,0.28150433702074096,0.28150433702074107,0.9983013876086816,0.14736184644938138,0.28461538461538455,1.0,0.004501964681992889,0.008067445114834305,0.002304804424479798,0.0004530635216723026,0,0,0,0.225
40,100,1.0,0.25,f025,202609113,5000,0.881093679508136,0.38638421049996796,0.28142567307291694,0.28142567307291694,0.999118790462783,0.14742545633367368,0.28461538461538455,1.0,0.0030262031562741363,0.005546688000202837,0.0015297382524622552,0.0002283346756703946,0,0,0,0.225
40,100,1.0,0.25,f025,202609113,10000,0.8836495698261246,0.38710719137881544,0.2812966037950065,0.28129660379500643,0.9995356629189307,0.14745531626145642,0.28461538461538455,1.0,0.0020854512377505674,0.0038334353373596954,0.001021258277700948,0.0001146054347914535,0,0,0,0.225
40,100,1.0,0.25,f025,202609114,0,0.0004805128108364578,0.007064013459859216,-0.0030819410184124802,-0.003081941018412488,-0.04326763258722107,0.0059113833350880945,0.0004615384615384613,1.0000000000000004,1.0,1.0,1.0,1.0,0,0,0,0.2
40,100,1.0,0.25,f025,202609114,125,0.6325836016476909,0.20947995931441837,0.06138671043029837,0.06138671043029834,0.8908071949007793,-0.014964428357255146,0.054589743589743576,1.0,0.060040407990815385,0.06086789709822904,0.02356880241959689,0.008185683115479651,0,0,0,0.2
40,100,1.0,0.25,f025,202609114,500,0.8079997440995496,0.2084458916699926,0.06390791236782027,0.06390791236782026,0.9686102309607924,-0.01616251652975325,0.06302564102564101,0.9999999999999998,0.01403833679017365,0.02076933616919747,0.006661731119661419,0.001979530698028093,0,0,0,0.2
40,100,1.0,0.25,f025,202609114,1000,0.8258489465358392,0.20907774849078964,0.0645417937947277,0.06454179379472767,0.9818950796501433,-0.016151708189568414,0.06392307692307692,1.0,0.0085010222579936,0.01368515314803497,0.004203093592490418,0.0009818008766767355,0,0,0,0.2
40,100,1.0,0.25,f025,202609114,2500,0.8362415262790874,0.20956944135115993,0.06476162179215057,0.06476162179215054,0.9943980805525018,-0.016162580909851707,0.06420512820512819,0.9999999999999998,0.004759740211150632,0.008162959309643426,0.0023978321931607963,0.0003911078163173399,0,0,0,0.2
40,100,1.0,0.25,f025,202609114,5000,0.8398923538657882,0.2098000144567579,0.06470394622058623,0.06470394622058626,0.997053828816316,-0.016172278824942966,0.06420512820512819,0.9999999999999997,0.003194086932299676,0.005596766039964712,0.001618272696734928,0.0001955471222292363,0,0,0,0.2
40,100,1.0,0.25,f025,202609114,10000,0.8416511021851412,0.20995110524508245,0.06459432230431687,0.06459432230431686,0.998575889173232,-0.016187758462813482,0.06420512820512819,0.9999999999999997,0.0022003031106577814,0.0038605793777207052,0.0010920265970239742,9.755215540879456e-05,0,0,0,0.2
40,100,1.0,0.25,f025,202609115,0,0.002030267786546898,-0.00907501001303264,-2.3746836899525168e-05,-2.374683689951805e-05,0.03823919973587422,-0.0027242163435931416,-2.564102564102621e-05,0.9999999999999997,1.0,1.0,1.0,1.0,0,0,0,0.3
40,100,1.0,0.25,f025,202609115,125,0.6618947830080812,0.32910631453734124,0.16683477252631745,0.1668347725263175,0.9191241018772397,0.008581733984981984,0.16082051282051282,1.0000000000000004,0.0535421384907324,0.0630979436855369,0.027363984846982783,0.009217462994964402,0,0,0,0.3
40,100,1.0,0.25,f025,202609115,500,0.7960281694020056,0.3456740877407822,0.17977231886224623,0.1797723188622462,0.9879443718119933,0.010324913874611869,0.1802051282051282,1.0000000000000004,0.013509824727412205,0.023298133423926188,0.008011311635354597,0.002234120940561005,0,0,0,0.3
40,100,1.0,0.25,f025,202609115,1000,0.8099027935743239,0.34788715433715234,0.18081390790792073,0.18081390790792073,0.9948911262434189,0.01039956034779529,0.17997435897435898,1.0000000000000004,0.008194310062206415,0.015576697247393214,0.004981280705600868,0.001110053832153962,0,0,0,0.3
40,100,1.0,0.25,f025,202609115,2500,0.8182918021343958,0.34942837202812843,0.18105053666894627,0.18105053666894624,0.997633000207998,0.010428838853542805,0.18205128205128207,1.0000000000000004,0.004564952381168496,0.00939840347868239,0.0028089493605809586,0.0004445840587119233,0,0,0,0.3
40,100,1.0,0.25,f025,202609115,5000,0.8214541065432072,0.3500806432235325,0.18106321767947486,0.18106321767947486,0.9987300642895114,0.010436134340308796,0.18205128205128207,1.0000000000000004,0.003057357021126883,0.006475455946346905,0.0019068202913703532,0.00022277297632856995,0,0,0,0.3
40,100,1.0,0.25,f025,202609115,10000,0.823416122121081,0.35049209788971347,0.18105084787499742,0.18105084787499737,0.9993079892157211,0.010435744394692258,0.18205128205128207,1.0000000000000004,0.002104000080689975,0.0044810038833864125,0.0012933507230878682,0.00011149570161180816,0,0,0,0.3
40,100,1.0,0.25,f025,202609116,0,-0.0009080371206141489,-0.0027543828459559356,0.015033462811259363,0.015033462811259377,-0.029638087822528695,0.01829571350421055,0.018717948717948723,1.0000000000000004,1.0,1.0,1.0,1.0,0,0,0,0.15
40,100,1.0,0.25,f025,202609116,125,0.6907281158626933,0.19866779108362492,0.08886940552074853,0.08886940552074853,0.8355868208388804,0.026780242164660493,0.08110256410256408,1.0000000000000004,0.05985144830748644,0.05755039869460357,0.024234992019653033,0.008434974810816795,0,0,0,0.15
40,100,1.0,0.25,f025,202609116,500,0.8497439957482275,0.19792805964204038,0.09592182209136392,0.09592182209136395,0.969106223455168,0.026443638804691465,0.09489743589743588,1.0000000000000004,0.015094805508767264,0.019968276147106535,0.0070018712489454925,0.001976133922805516,0,0,0,0.15
40,100,1.0,0.25,f025,202609116,1000,0.8685931226870084,0.19864316560626913,0.09715023824319659,0.09715023824319659,0.9853325948018714,0.026483787228819475,0.0965128205128205,1.0000000000000004,0.00930816895583263,0.013149076288082772,0.004270182887251738,0.0009701973589558957,0,0,0,0.15
40,100,1.0,0.25,f025,202609116,2500,0.879762662622642,0.1992107395828105,0.09766751608391196,0.097667516083912,0.9943739236620089,0.026506341844749044,0.09753846153846152,1.0000000000000004,0.005339594436990963,0.00783520581608043,0.0024594259546646163,0.00038652632086537165,0,0,0,0.15
40,100,1.0,0.25,f025,202609116,5000,0.8835601805753589,0.19947871578737553,0.09765130216767899,0.09765130216767899,0.9971918507991762,0.02650952424785669,0.09753846153846152,1.0000000000000004,0.0036625414391818533,0.0053687291259155254,0.0016539515554342644,0.00019225077813312126,0,0,0,0.15
40,100,1.0,0.25,f025,202609116,10000,0.8860970582923384,0.19965281889485065,0.09773349879323477,0.09773349879323477,0.9988169386315467,0.026498412039371103,0.09753846153846152,1.0000000000000004,0.002581176093566382,0.0037013293422455025,0.0011192949393653163,9.628710247114873e-05,0,0,0,0.15
40,100,1.0,0.25,f025,202609117,0,-0.0023253952378594926,-0.008133294849679451,0.00044640440841913024,0.0004464044084191352,-0.0102440420543771,-2.055950949641625e-05,-0.005128205128205127,0.9999999999999997,1.0,1.0,1.0,1.0,0,0,0,0.15
40,100,1.0,0.25,f025,202609117,125,0.5877690907239491,0.1823979777143232,0.06816298342474018,0.06816298342474017,0.8919294442799796,0.008683485952603244,0.06866666666666665,1.0,0.0656190344483351,0.06026760175081429,0.02543695460942392,0.008370604771856709,0,0,0,0.15
40,100,1.0,0.25,f025,202609117,500,0.8359342133377279,0.1741691919603441,0.06391252985260937,0.06391252985260937,0.9705396892647717,0.0017826040756264339,0.0647179487179487,1.0,0.014828890051797725,0.019030517380611723,0.00649339052327492,0.0019798796452063635,0,0,0,0.15
40,100,1.0,0.25,f025,202609117,1000,0.8583346601831152,0.1740495657215516,0.06484558899076823,0.06484558899076825,0.9863484508207139,0.0017886537618307956,0.06576923076923076,1.0,0.009054760245096109,0.01246055185253474,0.0038682171625380323,0.0009693217223501153,0,0,0,0.15
40,100,1.0,0.25,f025,202609117,2500,0.8719137163125228,0.17414605858101373,0.0652587660064566,0.06525876600645661,0.9943358836857354,0.001822511472055938,0.06666666666666665,1.0,0.005159403258548106,0.007401238486120172,0.0021642070511877355,0.00038110240245875987,0,0,0,0.15
40,100,1.0,0.25,f025,202609117,5000,0.8772403232619176,0.17420752845705545,0.06539472394370777,0.06539472394370771,0.9975809470190801,0.00182457593766387,0.06666666666666665,1.0,0.003525103498313878,0.005064910859130727,0.0014154590246741388,0.0001916399304934423,0,0,0,0.15
40,100,1.0,0.25,f025,202609117,10000,0.8798082673461951,0.17425311870766025,0.06522877638765329,0.06522877638765329,0.998551888024264,0.0018208807332520268,0.06666666666666665,1.0,0.0024785814646595883,0.003488938033440988,0.0009465871731525248,9.553354262587051e-05,0,0,0,0.15
40,100,1.0,0.25,f025,202609118,0,-0.0015537416273332008,-0.001536714536824825,-0.00832467170618829,-0.008324671706188285,-0.015952217912197083,-0.014785535179026916,-0.00323076923076923,1.0,1.0,1.0,1.0,1.0,0,0,0,0.25
40,100,1.0,0.25,f025,202609118,125,0.4830402633956733,0.283660442768737,0.1350860792420335,0.13508607924203347,0.8964570048919274,0.012832747838407023,0.12607692307692306,1.0,0.06823248098969081,0.06447094390273031,0.029940312484541248,0.008283392427001183,0,0,0,0.25
40,100,1.0,0.25,f025,202609118,500,0.7834110211517353,0.2890803652738258,0.13581577529783603,0.13581577529783603,0.9835999776611835,0.006707498548206068,0.13307692307692304,1.0000000000000002,0.013242237762407565,0.020780077303676564,0.0060134266121258965,0.002019293246852566,0,0,0,0.25
40,100,1.0,0.25,f025,202609118,1000,0.8105278279673782,0.29016578795970116,0.13667000000501783,0.13667000000501783,0.9925481339466412,0.006729307776122297,0.13525641025641022,1.0000000000000002,0.007609813020649447,0.01366577065737456,0.003508551965515821,0.0010032130682720562,0,0,0,0.25
40,100,1.0,0.25,f025,202609118,2500,0.8262123985401747,0.29106877659453134,0.1370854314085131,0.1370854314085131,0.9971132565961794,0.00675537861128939,0.13692307692307687,1.0000000000000002,0.0040608873733214545,0.00815224975992536,0.0019371638746842842,0.0003999092347161764,0,0,0,0.25
40,100,1.0,0.25,f025,202609118,5000,0.8318552301459924,0.2914924383026551,0.13711474867274878,0.1371147486727488,0.9985807514854496,0.006764642481064338,0.13692307692307687,1.0000000000000002,0.0026511630692183266,0.005591950276843855,0.0012751614427389598,0.00019913614970979568,0,0,0,0.25
40,100,1.0,0.25,f025,202609118,10000,0.8350765620068124,0.29176597666409243,0.13708415627015116,0.13708415627015114,0.9993026449922164,0.006763801467476074,0.13692307692307687,1.0000000000000002,0.0017845723646171415,0.003860045819368856,0.0008533979415370846,9.963068131173476e-05,0,0,0,0.25
40,100,1.0,0.25,f025,202609119,0,0.0004417572250133875,0.0050249838335183405,-0.005722818428751,-0.005722818428751002,0.05243232198285116,-0.010983889645609465,-0.0018461538461538468,1.0,1.0,1.0,1.0,1.0,0,0,0,0.1
40,100,1.0,0.25,f025,202609119,125,0.6293944528918654,0.20828078327088498,0.17284054188026973,0.17284054188026973,0.9139371961821455,0.12486964689961566,0.15746153846153843,1.0,0.06485485498968904,0.058243270372429344,0.02460328102917741,0.008569554447512036,0,0,0,0.1
40,100,1.0,0.25,f025,202609119,500,0.8791396903711939,0.23276463959479177,0.17777566648173196,0.177775666481732,0.9809536605398338,0.12549702099621896,0.18123076923076925,1.0000000000000002,0.015157526078293054,0.018533405587623886,0.004878799758135184,0.0021044867865536382,0,0,0,0.1
40,100,1.0,0.25,f025,202609119,1000,0.9029146810178706,0.23496469412014598,0.17795377057472225,0.17795377057472225,0.9909442636485948,0.12585835807119722,0.1811794871794872,1.0,0.00921518606710606,0.012073252129539096,0.002770580258398317,0.0010554212046559358,0,0,0,0.1
40,100,1.0,0.25,f025,202609119,2500,0.916802663203888,0.2365314820464449,0.17771245566866842,0.17771245566866845,0.9959337077185336,0.12607601664131451,0.1808974358974359,1.0,0.0052432520183318156,0.007144680561385726,0.0015207555292419525,0.0004237992749140731,0,0,0,0.1
40,100,1.0,0.25,f025,202609119,5000,0.9215384719161509,0.2372111106836788,0.1772676004711542,0.1772676004711542,0.9976187412926273,0.1261281425852443,0.1797948717948718,1.0,0.0035843886599440755,0.004882682054772358,0.0010064118997218279,0.00021303341245927879,0,0,0,0.1
40,100,1.0,0.25,f025,202609119,10000,0.9246333742574693,0.23763825690742565,0.17712167394157122,0.17712167394157122,0.9986709050629358,0.12614276788275136,0.17917948717948717,1.0,0.002522001848339663,0.003363152556589957,0.000661663497779829,0.00010642789930430122,0,0,0,0.1
40,100,1.0,0.25,f025,202609120,0,-0.00024413095881927713,-0.006177618626865025,0.0016458237252951317,0.0016458237252951272,0.028868110657167247,0.008671024673519297,-0.006128205128205128,1.0,1.0,1.0,1.0,1.0,0,0,0,0.35
40,100,1.0,0.25,f025,202609120,125,0.6966409284851509,0.4328303595175844,0.27290455500625055,0.27290455500625055,0.9557489860273949,0.057212813648600744,0.2557435897435897,0.9999999999999997,0.05037779234862014,0.06282491518970423,0.02668048492972322,0.00985897951983898,0,0,0,0.35
40,100,1.0,0.25,f025,202609120,500,0.8039236695913211,0.44077952532236575,0.2810587160518467,0.2810587160518466,0.992404457304413,0.05770068432660265,0.28153846153846146,0.9999999999999997,0.013470098711577273,0.02458319133484354,0.007473829540819728,0.002424229158356915,0,0,0,0.35
40,100,1.0,0.25,f025,202609120,1000,0.8159845328225172,0.44276989458056515,0.2817551700255454,0.28175517002554534,0.9960778292633743,0.057803525501129896,0.28174358974358965,0.9999999999999997,0.008281668256328577,0.01657703500847259,0.004683346443582162,0.0012184904727283968,0,0,0,0.35
40,100,1.0,0.25,f025,202609120,2500,0.8235922464051969,0.4442610815068021,0.2819696576578047,0.2819696576578047,0.998384595059511,0.057843166111825335,0.28174358974358965,0.9999999999999997,0.004699734434139273,0.01005791089516538,0.0026862667068440703,0.0004906624695048673,0,0,0,0.35
40,100,1.0,0.25,f025,202609120,5000,0.8263809155471159,0.4449148222727171,0.28188418954400024,0.2818841895440003,0.9990501818202145,0.05785552513155731,0.28174358974358965,0.9999999999999997,0.003195327969791009,0.006948753374743753,0.0017758660850911495,0.00024552941907251906,0,0,0,0.35
40,100,1.0,0.25,f025,202609120,10000,0.8278153718278992,0.44533303893144116,0.2817339314071572,0.28173393140715713,0.9995623842046328,0.057838708018153585,0.28174358974358965,0.9999999999999997,0.0022356775943542934,0.0048181198538189965,0.0011914314801252555,0.0001226585482051714,0,0,0,0.35
40,100,1.0,0.25,f025,202609121,0,0.0005044382235674858,0.007697568844473169,0.006346160380754533,0.006346160380754539,0.029694624006840847,0.006996166966025694,-0.0005384615384615379,1.0,1.0,1.0,1.0,1.0,0,0,0,0.175
40,100,1.0,0.25,f025,202609121,125,0.3711783712528617,0.24102597363027214,0.15448962399594074,0.15448962399594074,0.8951840469028574,0.06627551751766926,0.1236923076923077,1.0000000000000002,0.07438832155971217,0.0675438030689511,0.03089817389428167,0.008986660245460026,0,0,0,0.175
40,100,1.0,0.25,f025,202609121,500,0.6487311768459051,0.24572528134064467,0.12103527860255664,0.12103527860255665,0.9829277448302471,0.03376398035285725,0.11515384615384615,1.0000000000000004,0.013412913684044132,0.01865895288862907,0.005578326346648447,0.002180120129843687,0,0,0,0.175
40,100,1.0,0.25,f025,202609121,1000,0.776097995389316,0.23041445024073007,0.09985400981754063,0.09985400981754063,0.990840693342043,0.0171440695906242,0.0996153846153846,1.0,0.006335653820031589,0.011413179391393358,0.002640465286756133,0.0010699893594444696,0,0,0,0.175
40,100,1.0,0.25,f025,202609121,2500,0.8376907638186767,0.2213986383746978,0.09830035600011694,0.09830035600011691,0.9967930409124557,0.015460379753460962,0.09779487179487177,1.0000000000000004,0.0028948449629151857,0.006498168063898848,0.0012276678729043744,0.00042574989917392884,0,0,0,0.175
40,100,1.0,0.25,f025,202609121,5000,0.8552788640587603,0.2191427074861798,0.09841661073836573,0.0984166107383657,0.9982949954679757,0.015285578555580655,0.09876923076923073,1.0,0.00178273098363492,0.004379854605146356,0.0007515237041341155,0.00021263150160269993,0,0,0,0.175
40,100,1.0,0.25,f025,202609121,10000,0.8646456775923067,0.21807173298609078,0.09859340999438698,0.09859340999438697,0.9991631515191602,0.015223253184474792,0.09938461538461535,1.0,0.0011567171500597717,0.0029895137592311346,0.00047731443112965157,0.00010576710093525366,0,0,0,0.175
40,100,1.0,0.75,f075,202609110,0,-0.0014877288959757456,0.007612087463459997,0.004544046388728023,0.004544046388728026,0.027144585503056713,0.036655481010860046,0.001974358974358974,1.0000000000000004,1.0,1.0,1.0,1.0,0,0,0,0.65
40,100,1.0,0.75,f075,202609110,125,0.7727073322094168,0.6978781135242795,0.5383834686635192,0.5383834686635192,0.974540349360799,0.011639764087470332,0.5352564102564102,0.9999999999999997,0.04048688939054744,0.07107271060868586,0.02773880722125741,0.010094883464098583,0,0,0,0.65
40,100,1.0,0.75,f075,202609110,500,0.8151222901945694,0.710457586610477,0.5479528422116537,0.5479528422116539,0.9951193472019446,0.010990873231226739,0.5512820512820512,0.9999999999999997,0.011720187000908789,0.031889419474405455,0.008832023159379412,0.00261502908659797,0,0,0,0.65
40,100,1.0,0.75,f075,202609110,1000,0.8210830107050117,0.7131753403889235,0.5488882237635654,0.5488882237635654,0.9976082309914965,0.010919480916382139,0.5512820512820512,0.9999999999999997,0.006850382081554188,0.022025069710882323,0.005687713472190022,0.0013273987484717527,0,0,0,0.65
40,100,1.0,0.75,f075,202609110,2500,0.8251721570224484,0.7152476920960231,0.5494287907994791,0.5494287907994793,0.9990660159631387,0.010819739146370426,0.5512820512820512,0.9999999999999994,0.00359453437932227,0.013615033565178063,0.0032464552305856435,0.0005374409963831112,0,0,0,0.65
40,100,1.0,0.75,f075,202609110,5000,0.8268127308144504,0.7161703419678059,0.5495664281531116,0.5495664281531116,0.9994952919888986,0.010764491623963385,0.5512820512820512,0.9999999999999997,0.002311940301450417,0.009487541820281142,0.002200029686238844,0.0002691171548791592,0,0,0,0.65
40,100,1.0,0.75,f075,202609110,10000,0.8277832635970666,0.7167680749120665,0.5496059805286463,0.5496059805286464,0.9997396958067891,0.010729629349676728,0.5512820512820512,0.9999999999999997,0.001541321550255819,0.006616686907092574,0.001504611770223545,0.00013545040233640495,0,0,0,0.65
40,100,1.0,0.75,f075,202609111,0,-0.0011263693607101854,-0.008967010737212129,-0.003002529815127585,-0.0030025298151275756,0.0013361707894023812,-0.014524677213068493,-0.0038974358974358976,1.0000000000000004,1.0,1.0,1.0,1.0,0,0,0,0.575
40,100,1.0,0.75,f075,202609111,125,0.7491114636287948,0.6324042078315758,0.46352832647499825,0.46352832647499825,0.9706116885393409,0.028403062876531285,0.4736153846153847,0.9999999999999997,0.044275407890946875,0.06721561149403442,0.02780059011495056,0.010335885767470533,0,0,0,0.575
40,100,1.0,0.75,f075,202609111,500,0.8013617015581714,0.6461621512563578,0.472994029168001,0.47299402916800115,0.9945027333292493,0.029000936280900176,0.476923076923077,0.9999999999999993,0.01315668878594736,0.029342336295305332,0.00871742588442546,0.0027198686834960174,0,0,0,0.575
40,100,1.0,0.75,f075,202609111,1000,0.8083509966517402,0.6489773859066289,0.4739456258209329,0.4739456258209329,0.9975079926838429,0.029025563955655444,0.476923076923077,0.9999999999999997,0.007886129293377559,0.020162789524364094,0.005434862324729828,0.0013842997697964567,0,0,0,0.575
40,100,1.0,0.75,f075,202609111,2500,0.8125616525391244,0.6511065411856047,0.474201005922416,0.47420100592241604,0.9989561157526614,0.029052114065397937,0.476923076923077,0.9999999999999994,0.00426201980190141,0.012416359615292477,0.0031755168816309646,0.0005612138463727012,0,0,0,0.575
40,100,1.0,0.75,f075,202609111,5000,0.8143248396769337,0.6520482951666075,0.4743087328729088,0.4743087328729088,0.9994816269051912,0.029061301054828938,0.476923076923077,0.9999999999999994,0.0027854647380681882,0.008634135685097256,0.00212596503223198,0.0002826640061404602,0,0,0,0.575
40,100,1.0,0.75,f075,202609111,10000,0.8152702674584449,0.6526546079267979,0.4742898332388588,0.4742898332388587,0.9997537332494187,0.02906677493779644,0.476923076923077,0.9999999999999994,0.0018766826542500844,0.006012838427518226,0.0014590843414335373,0.00014140268997428658,0,0,0,0.575
40,100,1.0,0.75,f075,202609112,0,-0.0003734606661455327,0.010991584517368704,0.0021347933022071997,0.0021347933022072088,0.009176609373185136,0.005443042934269848,0.008871794871794873,0.9999999999999997,1.0,1.0,1.0,1.0,0,0,0,0.65
40,100,1.0,0.75,f075,202609112,125,0.8028269930495598,0.7409713797331454,0.6142618017996702,0.6142618017996704,0.9717771770576923,0.11950401560805657,0.6131794871794871,1.0000000000000004,0.04536540581800884,0.06908972892118398,0.02711010576540893,0.010770912895124942,0,0,0,0.65
40,100,1.0,0.75,f075,202609112,500,0.8449188992062694,0.7556479878761734,0.6246803739983974,0.6246803739983974,0.9938618729337282,0.12018924399725914,0.6307692307692306,1.0000000000000002,0.013907536877105938,0.031462464903411494,0.010037151569114666,0.0029036759305258396,0,0,0,0.65
40,100,1.0,0.75,f075,202609112,1000,0.850715909533999,0.7587109013330638,0.6256261081256255,0.6256261081256255,0.9971656727606828,0.12035144999291313,0.6307692307692306,1.0,0.008232174825044061,0.021817354144118943,0.006381251562632946,0.0014926984876739214,0,0,0,0.65
40,100,1.0,0.75,f075,202609112,2500,0.853651335684497,0.7610514142057095,0.625492630009554,0.625492630009554,0.9988342506659194,0.12047251995120993,0.6307692307692306,1.0000000000000004,0.00434912728162993,0.013551825527030267,0.00373947700965285,0.0006134597032518358,0,0,0,0.65
40,100,1.0,0.75,f075,202609112,5000,0.8545919990974665,0.7620907637862484,0.6252327737693596,0.6252327737693598,0.9994694617836506,0.120521068618817,0.6307692307692306,1.0000000000000004,0.002793571618629643,0.009466129856297854,0.0025075755751416597,0.00030928974611313495,0,0,0,0.65
40,100,1.0,0.75,f075,202609112,10000,0.8549181559335894,0.7627666611675935,0.6248876841875622,0.6248876841875621,0.999752656329273,0.12054653150227732,0.6307692307692306,1.0000000000000004,0.001853206714822038,0.00661283570646279,0.0016970195582764413,0.00015606194623775588,0,0,0,0.65
40,100,1.0,0.75,f075,202609113,0,-0.004217025512642517,0.008264903455092875,0.003654614474145586,0.003654614474145586,0.002785677329295864,0.002942283715990733,-0.004128205128205128,1.0,1.0,1.0,1.0,1.0,0,0,0,0.8
40,100,1.0,0.75,f075,202609113,125,0.8328865858099407,0.81742315505733,0.7034092423113477,0.7034092423113478,0.9832494070585092,-0.07107726041360694,0.7110769230769233,1.0,0.04134334260337935,0.07314338237904323,0.026840597301071134,0.011817157698423201,0,0,0,0.8
40,100,1.0,0.75,f075,202609113,500,0.8633381995425289,0.8303000937727779,0.7124692998678417,0.7124692998678417,0.9966409482631987,-0.07159002052321171,0.7153846153846156,1.0,0.012497906418860939,0.034581236597437816,0.010716151441958312,0.003202504819434988,0,0,0,0.8
40,100,1.0,0.75,f075,202609113,1000,0.8682279876024471,0.8331100840128587,0.7135477881170761,0.7135477881170761,0.998408372615251,-0.07163256715343526,0.7153846153846156,1.0000000000000002,0.007104112634361583,0.0244006866060863,0.00703689256330389,0.0016928127477082164,0,0,0,0.8
40,100,1.0,0.75,f075,202609113,2500,0.8714047043903366,0.8352825242252473,0.7140333001578608,0.7140333001578608,0.9993517749034203,-0.07174287766990721,0.7153846153846156,1.0000000000000004,0.003495268455795414,0.015607483168755201,0.004088586071878882,0.0006930020367660258,0,0,0,0.8
40,100,1.0,0.75,f075,202609113,5000,0.8726424095707451,0.8362970283241951,0.714164967437519,0.714164967437519,0.9996624931718817,-0.0718023783163989,0.7153846153846156,1.0000000000000002,0.002122726692131128,0.01113353569645524,0.0027629526034908722,0.00035344407158795227,0,0,0,0.8
40,100,1.0,0.75,f075,202609113,10000,0.8733550909441116,0.836983275124706,0.7142178951593133,0.7142178951593131,0.9998489375203982,-0.07187073034066013,0.7153846153846156,1.0000000000000004,0.001339550654996091,0.007935676684554614,0.0018784545604862302,0.00017833451399138045,0,0,0,0.8
40,100,1.0,0.75,f075,202609114,0,0.0004805128108364578,0.007064013459859216,-0.0030819410184124802,-0.003081941018412488,-0.0061314549865334675,-0.00042460544712382114,0.0004615384615384613,1.0000000000000004,1.0,1.0,1.0,1.0,0,0,0,0.625
40,100,1.0,0.75,f075,202609114,125,0.6719574368045578,0.5920186011167333,0.3274019876884854,0.32740198768848533,0.9556367707918012,-0.06543199698812051,0.3333076923076924,1.0,0.04095773370538838,0.07008995348223795,0.024782123543849954,0.009192060990570024,0,0,0,0.625
40,100,1.0,0.75,f075,202609114,500,0.7238318362601973,0.5956929109178177,0.3400190881590802,0.3400190881590801,0.9916648124638082,-0.06621910856589786,0.3435897435897437,1.0,0.011548067625711405,0.03117824611680034,0.007512348289576319,0.0022909114631728044,0,0,0,0.625
40,100,1.0,0.75,f075,202609114,1000,0.7309270012691207,0.5971650892394348,0.3415809596795189,0.3415809596795189,0.9956586527979203,-0.06636414578786208,0.3435897435897437,1.0,0.0067210069003017705,0.021455886350483542,0.004718554010422867,0.0011469207115121732,0,0,0,0.625
40,100,1.0,0.75,f075,202609114,2500,0.7356383823973686,0.5983604588433798,0.34270123059570473,0.34270123059570473,0.9983219945097475,-0.0664581254452823,0.3435897435897437,1.0,0.0034903277102401923,0.013216166452209252,0.0026910988393945693,0.00046324562099559505,0,0,0,0.625
40,100,1.0,0.75,f075,202609114,5000,0.7374887562577692,0.5989088764681323,0.34314509423943934,0.3431450942394393,0.9992275587093918,-0.06649627030541544,0.3435897435897437,1.0,0.0022116273434764702,0.009193257742726762,0.0018343479606832476,0.00023204678831812927,0,0,0,0.625
40,100,1.0,0.75,f075,202609114,10000,0.7384912846859956,0.5992700318580558,0.3433584805106024,0.3433584805106024,0.999605535207212,-0.0665160101946276,0.3435897435897437,0.9999999999999998,0.0014449895255061152,0.006403737756040451,0.0012389699894413402,0.00011603659326242223,0,0,0,0.625
40,100,1.0,0.75,f075,202609115,0,0.002030267786546898,-0.00907501001303264,-2.3746836899525168e-05,-2.374683689951805e-05,0.0041023864378975025,0.006187014709264706,-2.564102564102621e-05,0.9999999999999997,1.0,1.0,1.0,1.0,0,0,0,0.675
40,100,1.0,0.75,f075,202609115,125,0.7370297874674246,0.6671583421085697,0.4626557471499899,0.4626557471499899,0.9701560788655198,-0.07590525530522174,0.46941025641025647,1.0000000000000009,0.040812566539736674,0.0713123967236059,0.028041159944439342,0.01038630052332387,0,0,0,0.675
40,100,1.0,0.75,f075,202609115,500,0.7749249420379128,0.6779671052250618,0.4731265207957834,0.4731265207957833,0.9939941406964709,-0.07652050668602152,0.476923076923077,1.0000000000000007,0.012149172459958082,0.032432017813807154,0.0100404913968487,0.0027088522156462186,0,0,0,0.675
40,100,1.0,0.75,f075,202609115,1000,0.7801467766511637,0.6803661531155324,0.4742180355947312,0.4742180355947312,0.9968967443348871,-0.0765772215936748,0.476923076923077,1.0000000000000009,0.0071250076991338914,0.02241961170437921,0.006109033221069478,0.00137115432697599,0,0,0,0.675
40,100,1.0,0.75,f075,202609115,2500,0.7832858727639628,0.682205775911459,0.47482787668453846,0.47482787668453835,0.9989607095560307,-0.07660012900272112,0.476923076923077,1.0000000000000009,0.0037181771733371884,0.013871155281167627,0.003478208043803423,0.0005583719642543705,0,0,0,0.675
40,100,1.0,0.75,f075,202609115,5000,0.7841818171858149,0.6830269431053069,0.47486558696988107,0.4748655869698811,0.9994427601749792,-0.07661813453472016,0.476923076923077,1.0000000000000007,0.0023730157323519196,0.00966912774361137,0.002325871107073011,0.00028237245452412035,0,0,0,0.675
40,100,1.0,0.75,f075,202609115,10000,0.7844672854045686,0.6835601973607396,0.47482132606146,0.47482132606146,0.9997354730983077,-0.0766273431927727,0.476923076923077,1.0000000000000007,0.0015685873420268268,0.00674332326589415,0.0015895110821013048,0.0001411346808231701,0,0,0,0.675
40,100,1.0,0.75,f075,202609116,0,-0.0009080371206141489,-0.0027543828459559356,0.015033462811259363,0.015033462811259377,0.020156778422441176,-0.03946138174106638,0.018717948717948723,1.0000000000000004,1.0,1.0,1.0,1.0,0,0,0,0.775
40,100,1.0,0.75,f075,202609116,125,0.7948606073922773,0.7702144170589772,0.6168835940000238,0.6168835940000238,0.9776376867120119,-0.10978282562809374,0.6207179487179486,0.9999999999999997,0.04476817166223804,0.07246995275992994,0.029857465141536976,0.01146409935745784,0,0,0,0.775
40,100,1.0,0.75,f075,202609116,500,0.8255217847609821,0.7820872412784678,0.6269451320400887,0.6269451320400886,0.9945046246764987,-0.11041606780471258,0.6307692307692306,0.9999999999999997,0.0134565667000735,0.03408030539063956,0.010114872428062326,0.003034940201423706,0,0,0,0.775
40,100,1.0,0.75,f075,202609116,1000,0.8306249187129873,0.784805838885621,0.6285306307325733,0.6285306307325733,0.9971911809917829,-0.1105222507636082,0.6307692307692306,0.9999999999999997,0.0077445592581743645,0.023759914182569758,0.006517755641789314,0.0015347347102973104,0,0,0,0.775
40,100,1.0,0.75,f075,202609116,2500,0.833973415450826,0.7869286377181853,0.6295367485565304,0.6295367485565303,0.9989407808933926,-0.11054545179565217,0.6307692307692306,0.9999999999999994,0.003948809942054316,0.014796690981885182,0.003888431928347243,0.0006258486030192133,0,0,0,0.775
40,100,1.0,0.75,f075,202609116,5000,0.8351616452961584,0.7878837545809061,0.6298177081119075,0.6298177081119075,0.9994552944216062,-0.11052122483998404,0.6307692307692306,0.9999999999999997,0.0024922327147346665,0.01034618041543354,0.002630425694995177,0.0003132413678551092,0,0,0,0.775
40,100,1.0,0.75,f075,202609116,10000,0.8357853973524325,0.7885069825800602,0.6299593306689756,0.6299593306689756,0.9997276201624478,-0.11046302127874577,0.6307692307692306,0.9999999999999994,0.00164233422634437,0.007231175724306885,0.0017996733582829212,0.00015752674881686844,0,0,0,0.775
40,100,1.0,0.75,f075,202609117,0,-0.0023253952378594926,-0.008133294849679451,0.00044640440841913024,0.0004464044084191352,-0.006505190969714292,0.007805019744255167,-0.005128205128205127,0.9999999999999997,1.0,1.0,1.0,1.0,0,0,0,0.75
40,100,1.0,0.75,f075,202609117,125,0.8336888302180214,0.8096824736330405,0.7003242187259542,0.7003242187259542,0.9783935336227559,0.06764618536128128,0.7002564102564105,0.9999999999999998,0.044961928958841525,0.07151242130559936,0.027991271304895062,0.01111976822513105,0,0,0,0.75
40,100,1.0,0.75,f075,202609117,500,0.8669592858468608,0.8224045820647079,0.7103164253429616,0.7103164253429612,0.9953919972461734,0.06739868998513698,0.7153846153846156,0.9999999999999997,0.014007264898587142,0.03354532573402291,0.01049421321283074,0.0030656872796859472,0,0,0,0.75
40,100,1.0,0.75,f075,202609117,1000,0.8715806709388618,0.8253079579283791,0.7110580141780956,0.7110580141780952,0.9976950332340163,0.06721562161687318,0.7153846153846156,0.9999999999999997,0.008176882992281519,0.02353953275892161,0.006992715128366281,0.001584952826726179,0,0,0,0.75
40,100,1.0,0.75,f075,202609117,2500,0.874352144839649,0.8275923085435882,0.7112780622121501,0.7112780622121498,0.9990924980851478,0.06702786143141246,0.7153846153846156,0.9999999999999997,0.0042067752006622215,0.014853199065761337,0.004094311101558623,0.00065122933366548,0,0,0,0.75
40,100,1.0,0.75,f075,202609117,5000,0.8752022066168874,0.828644040077449,0.7111789767577067,0.7111789767577067,0.9995382586564028,0.0668711286789206,0.7153846153846156,0.9999999999999997,0.002661591841242171,0.010487301552109536,0.0027692922645210544,0.00032875243958109204,0,0,0,0.75
40,100,1.0,0.75,f075,202609117,10000,0.8755705462615336,0.8293448780080217,0.7110492233459343,0.7110492233459346,0.9997751835403555,0.06675040249242986,0.7153846153846156,0.9999999999999997,0.0017555849536899915,0.007383242585549776,0.0018973705997981376,0.00016522663424865423,0,0,0,0.75
40,100,1.0,0.75,f075,202609118,0,-0.0015537416273332008,-0.001536714536824825,-0.00832467170618829,-0.008324671706188285,-0.006217745939818824,0.0076670795349825,-0.00323076923076923,1.0,1.0,1.0,1.0,1.0,0,0,0,0.8
40,100,1.0,0.75,f075,202609118,125,0.7859281545734841,0.7741739225798734,0.617869008238648,0.6178690082386481,0.9800675237799462,-0.14185716157702752,0.6165897435897435,1.0000000000000004,0.04042336532495276,0.07375301081259052,0.03205826019149412,0.009930362337945219,0,0,0,0.8
40,100,1.0,0.75,f075,202609118,500,0.8216015344563364,0.7872055575769453,0.6285069359278889,0.6285069359278889,0.9963638228475991,-0.1424664382280765,0.6278974358974359,1.0000000000000004,0.011562370635926023,0.034124609669295286,0.010707489091972023,0.0027268515279796003,0,0,0,0.8
40,100,1.0,0.75,f075,202609118,1000,0.8264838227287855,0.7899511018063383,0.6296000543048577,0.6296000543048577,0.9980035309054969,-0.1425696690537394,0.6307692307692306,1.0000000000000004,0.006487332251796139,0.023757998620010913,0.0069320610334920926,0.0014096050419925186,0,0,0,0.8
40,100,1.0,0.75,f075,202609118,2500,0.8298144435875371,0.792065050003744,0.6303922758032396,0.6303922758032396,0.9992360378166969,-0.14263893075339684,0.6307692307692306,1.0000000000000004,0.0031570240789636616,0.014818312324656002,0.0040401838241587934,0.0005761503073724258,0,0,0,0.8
40,100,1.0,0.75,f075,202609118,5000,0.8310184190434017,0.7930147035627068,0.6306582151810671,0.6306582151810672,0.9996544732867024,-0.14265251804684506,0.6307692307692306,1.0000000000000004,0.0019129362866521684,0.010376238770316255,0.0027371790957445834,0.00029193795408837523,0,0,0,0.8
40,100,1.0,0.75,f075,202609118,10000,0.8316209610722354,0.7936346573205539,0.6307500601155009,0.630750060115501,0.9998216426277345,-0.1426480792176858,0.6307692307692306,1.0000000000000004,0.0012114823101552973,0.007262626089621927,0.0018579856313086737,0.00014717140609094983,0,0,0,0.8
40,100,1.0,0.75,f075,202609119,0,0.0004417572250133875,0.0050249838335183405,-0.005722818428751,-0.005722818428751002,-0.0014867259854811502,-0.0022252781020315592,-0.0018461538461538468,1.0,1.0,1.0,1.0,1.0,0,0,0,0.65
40,100,1.0,0.75,f075,202609119,125,0.8754519593301193,0.8377227315870804,0.7887648328936422,0.7887648328936422,0.9784173169823395,0.4665424976149091,0.7968461538461536,1.0,0.04645987069801624,0.0696369072079141,0.02216791294100633,0.01213041887737987,0,0,0,0.65
40,100,1.0,0.75,f075,202609119,500,0.9142419793531734,0.8597094088817071,0.7989948808145239,0.7989948808145239,0.9949037927974541,0.47043004865590843,0.8051282051282049,1.0,0.015401117918971844,0.033105468361046754,0.008216998189587552,0.003549004219030882,0,0,0,0.65
40,100,1.0,0.75,f075,202609119,1000,0.9388978681628889,0.8453354181484447,0.8003705710819948,0.8003705710819949,0.9973078650537103,0.47083510280115004,0.8051282051282049,1.0,0.009429933331638763,0.02369720547985427,0.005172286663429679,0.0018950955713861984,0,0,0,0.65
40,100,1.0,0.75,f075,202609119,2500,0.9773414570504886,0.8150479305921537,0.8019275035375694,0.8019275035375691,0.9984852092743075,0.471243180586682,0.8051282051282049,1.0,0.005396162771647349,0.012626445951123817,0.00301182876329888,0.0009213747518996285,0,0,0,0.65
40,100,1.0,0.75,f075,202609119,5000,0.9888992158234474,0.8070396367676892,0.8025076648638647,0.8025076648638646,0.9988957473101917,0.47137813737677886,0.8051282051282049,1.0,0.003621863009698001,0.008668843054781859,0.002026339777999762,0.0005533524834096768,0,0,0,0.65
40,100,1.0,0.75,f075,202609119,10000,0.9930167426111712,0.8053092631341535,0.8029496207515576,0.8029496207515576,0.9991600764054442,0.4714755657636615,0.8051282051282049,1.0,0.0024958650643247585,0.005999647487526474,0.0010912090524176567,0.000330857932037579,0,0,0,0.65
40,100,1.0,0.75,f075,202609120,0,-0.00024413095881927713,-0.006177618626865025,0.0016458237252951317,0.0016458237252951272,0.007928726509502727,0.025843872641392308,-0.006128205128205128,1.0,1.0,1.0,1.0,1.0,0,0,0,0.725
40,100,1.0,0.75,f075,202609120,125,0.8323546791174554,0.8030971862458779,0.7016600269790656,0.7016600269790655,0.982020684118801,0.12449576233952171,0.6931538461538465,1.0,0.04272626365107882,0.07087726678035296,0.026328647300865458,0.011615581274767322,0,0,0,0.725
40,100,1.0,0.75,f075,202609120,500,0.871022308245152,0.8179019929445697,0.7111674239911155,0.7111674239911154,0.9961757456570121,0.1262562255006833,0.7153846153846156,0.9999999999999998,0.012542108173631819,0.03300388043547251,0.008462779548383835,0.0031121230767322183,0,0,0,0.725
40,100,1.0,0.75,f075,202609120,1000,0.8767964135631097,0.8209618101110491,0.7120880180461682,0.7120880180461683,0.9980238845315547,0.1264202350655523,0.7153846153846156,0.9999999999999997,0.007145542617149165,0.02338226463317491,0.005312947125916747,0.00160848236461517,0,0,0,0.725
40,100,1.0,0.75,f075,202609120,2500,0.8804336610560237,0.8230936047542063,0.7122573024649242,0.7122573024649244,0.9991452769454447,0.12647111193202126,0.7153846153846156,0.9999999999999997,0.0035377018719437723,0.015416999428716193,0.0031903739750281644,0.0006747145021918095,0,0,0,0.725
40,100,1.0,0.75,f075,202609120,5000,0.8823217368464176,0.8237086633558915,0.7123432773475167,0.7123432773475165,0.9996331381164749,0.12648770369223467,0.7153846153846156,0.9999999999999997,0.002155930214439462,0.011485094064166822,0.002146267794696642,0.00034161371462711106,0,0,0,0.725
40,100,1.0,0.75,f075,202609120,10000,0.8844941673178056,0.8229863810404366,0.7122942373627684,0.7122942373627683,0.9998123394634222,0.1265042782582487,0.7153846153846156,0.9999999999999997,0.0013601782563615647,0.00831650721167279,0.0014605544009052955,0.00017333624963341792,0,0,0,0.725
40,100,1.0,0.75,f075,202609121,0,0.0005044382235674858,0.007697568844473169,0.006346160380754533,0.006346160380754539,-0.0008889109863420947,-0.004487417837812105,-0.0005384615384615379,1.0,1.0,1.0,1.0,1.0,0,0,0,0.75
40,100,1.0,0.75,f075,202609121,125,0.7609489198908314,0.7260072438386704,0.5375323784300253,0.5375323784300253,0.9758807079181454,-0.11065168912190332,0.5411538461538461,1.0,0.03829067533756425,0.07385412537428675,0.028023127373934663,0.010857477203921752,0,0,0,0.75
40,100,1.0,0.75,f075,202609121,500,0.7923204359382036,0.7366936278079366,0.5476463382566106,0.5476463382566106,0.9940774385900631,-0.1109402895295847,0.5512820512820512,1.0,0.011043567554084447,0.03411014160020461,0.009970612268483309,0.0027919089806876136,0,0,0,0.75
40,100,1.0,0.75,f075,202609121,1000,0.7976376972838615,0.7391576612921954,0.5493921354288758,0.5493921354288758,0.9972358685540068,-0.1109638402765793,0.5512820512820512,1.0,0.006271302680355012,0.02366158718229429,0.006635173396950892,0.0014065941774898624,0,0,0,0.75
40,100,1.0,0.75,f075,202609121,2500,0.8009163430283008,0.7410660680663924,0.5503818155906993,0.5503818155906994,0.998999621122642,-0.1109663311916727,0.5512820512820512,1.0,0.0031349935478752248,0.01467392317210779,0.0038441550516845275,0.0005694350502732663,0,0,0,0.75
40,100,1.0,0.75,f075,202609121,5000,0.801984161951366,0.7419231645716441,0.5506259036644425,0.5506259036644425,0.9994859938412082,-0.11096930726394641,0.5512820512820512,1.0,0.001936263337021442,0.010240068327193553,0.0025976227686520573,0.0002861348703592078,0,0,0,0.75
40,100,1.0,0.75,f075,202609121,10000,0.8024262980049378,0.7424812083993447,0.5507228363774901,0.5507228363774901,0.9997388207521996,-0.11096589149981657,0.5512820512820512,1.0000000000000002,0.0012404179226262644,0.007149518117393625,0.0017668781735388174,0.00014298777057182775,0,0,0,0.75
40,100,1.0,0.9,f090,202609110,0,-0.0014877288959757456,0.007612087463459997,0.004544046388728023,0.004544046388728026,0.009415797939233648,0.042096141029744016,0.001974358974358974,1.0000000000000004,1.0,1.0,1.0,1.0,0,0,0,0.875
40,100,1.0,0.9,f090,202609110,125,0.8709505054484921,0.8724318707020564,0.791220764099329,0.7912207640993292,0.9826616764731468,-0.19872787520034746,0.8015897435897434,0.9999999999999997,0.04389481270587992,0.0755288329033366,0.03571310341356345,0.012603340374061673,0,0,0,0.875
40,100,1.0,0.9,f090,202609110,500,0.8999354225411856,0.8834348081567461,0.801525396543388,0.8015253965433883,0.9960323512291862,-0.19959800967996572,0.8051282051282049,0.9999999999999997,0.013475514550261898,0.03909977714355199,0.014311619906547857,0.0035549880541920157,0,0,0,0.875
40,100,1.0,0.9,f090,202609110,1000,0.9305851636908358,0.8598602106299162,0.8028786554302583,0.8028786554302584,0.9978493416222415,-0.1996301688480941,0.8051282051282049,0.9999999999999997,0.007853497497303836,0.026812900885264838,0.009531956009085012,0.0018361344059193878,0,0,0,0.875
40,100,1.0,0.9,f090,202609110,2500,0.9734230684764934,0.8217574507947063,0.8033863762040497,0.8033863762040494,0.9985743304429978,-0.19972516928035472,0.8051282051282049,0.9999999999999997,0.00428409294861694,0.014105278062977672,0.004524453016858833,0.0008506361983939853,0,0,0,0.875
40,100,1.0,0.9,f090,202609110,5000,0.9865944217938174,0.8108541957782608,0.8036128525119075,0.8036128525119075,0.9988310507746905,-0.19978202644600868,0.8051282051282049,0.9999999999999997,0.0027786892800691155,0.009708362755471064,0.0020759436620639738,0.0004960151889953966,0,0,0,0.875
40,100,1.0,0.9,f090,202609110,10000,0.9919423862881183,0.8072056977039888,0.8038309786292005,0.8038309786292005,0.9990248466129802,-0.19979400312906742,0.8051282051282049,0.9999999999999994,0.001856591491499696,0.006729968638075995,0.0010391499500807305,0.0002883791457423555,0,0,0,0.875
40,100,1.0,0.9,f090,202609111,0,-0.0011263693607101854,-0.008967010737212129,-0.003002529815127585,-0.0030025298151275756,-0.0017632591474620722,0.026625249667961506,-0.0038974358974358976,1.0000000000000004,1.0,1.0,1.0,1.0,0,0,0,0.8
40,100,1.0,0.9,f090,202609111,125,0.8289737910689248,0.8157071567086288,0.6991711130769153,0.6991711130769152,0.9771378469583879,-0.07160839015259156,0.7055384615384617,0.9999999999999997,0.04261245066825512,0.07271544535633141,0.029094391179591023,0.011759623557380893,0,0,0,0.8
40,100,1.0,0.9,f090,202609111,500,0.8620570762882733,0.8297546551230268,0.711579542754882,0.711579542754882,0.9957233615104187,-0.07176143560017023,0.7153846153846156,0.9999999999999997,0.012888711456262976,0.03431735826125067,0.010752746194859296,0.0033034314565765603,0,0,0,0.8
40,100,1.0,0.9,f090,202609111,1000,0.8669852062180816,0.8327736389317736,0.7128040299241973,0.7128040299241971,0.9978571027193328,-0.07182340877236691,0.7153846153846156,0.9999999999999997,0.007324227632402416,0.024179030391550983,0.006984127851695065,0.001718670191430183,0,0,0,0.8
40,100,1.0,0.9,f090,202609111,2500,0.8702699195719208,0.8351111014174261,0.713464972816702,0.7134649728167018,0.999162473730859,-0.0718363146684775,0.7153846153846156,0.9999999999999997,0.003598097076294752,0.015390239365908921,0.004217963965641678,0.0007078150877159227,0,0,0,0.8
40,100,1.0,0.9,f090,202609111,5000,0.8714372591304569,0.8361889053211539,0.7135848538478933,0.7135848538478933,0.9996076706294226,-0.07187991521047289,0.7153846153846156,0.9999999999999997,0.002182736881767473,0.010961677197380686,0.0028315723200051054,0.00035824772310117357,0,0,0,0.8
40,100,1.0,0.9,f090,202609111,10000,0.8720426481830719,0.8369154978665582,0.7135807733363937,0.7135807733363937,0.9998027122473195,-0.07191832316324974,0.7153846153846156,0.9999999999999997,0.0013773325959910735,0.00779153530321309,0.001936547192356063,0.00018043145839077206,0,0,0,0.8
40,100,1.0,0.9,f090,202609112,0,-0.0003734606661455327,0.010991584517368704,0.0021347933022071997,0.0021347933022072088,0.0013507879246351731,-0.09521212163118054,0.008871794871794873,0.9999999999999997,1.0,1.0,1.0,1.0,0,0,0,0.925
40,100,1.0,0.9,f090,202609112,125,0.9021822838115611,0.9345195480981542,0.8903784530594323,0.8903784530594323,0.9826923438193398,-0.26281062294544816,0.9023076923076928,1.0000000000000004,0.0527205804441087,0.07503541060454877,0.02316247074695466,0.013535881286371046,0,0,0,0.925
40,100,1.0,0.9,f090,202609112,500,0.9744252788742436,0.9025718172315814,0.8951518695366939,0.895151869536694,0.994815742719477,-0.3308264105709429,0.9000000000000005,1.0000000000000004,0.018478873600918558,0.03450570235332112,0.00649587492374632,0.0038516734352355385,0,0,0,0.925
40,100,1.0,0.9,f090,202609112,1000,0.9870010669827691,0.8977666837080969,0.8963383882418813,0.8963383882418815,0.9962172626700706,-0.3316512826197758,0.9000000000000005,1.0000000000000002,0.011740622444376066,0.023285893797397955,0.004082991211283663,0.002020614655113195,0,0,0,0.925
40,100,1.0,0.9,f090,202609112,2500,0.992571709139699,0.8980695094491411,0.8972362734060717,0.8972362734060715,0.9972794171633507,-0.33243716018077835,0.9000000000000005,1.0000000000000004,0.006780246872765276,0.01427787228170301,0.002325410242464823,0.0009227503380878287,0,0,0,0.925
40,100,1.0,0.9,f090,202609112,5000,0.994674898895409,0.8986071963899412,0.897698822174589,0.8976988221745891,0.9977940494602973,-0.3328327374410712,0.9000000000000005,1.0000000000000004,0.004610848801256597,0.009919950977555752,0.0015576614626169147,0.0005380764414926713,0,0,0,0.925
40,100,1.0,0.9,f090,202609112,10000,0.9959435102678742,0.8990320808971003,0.8979943922816502,0.8979943922816502,0.9981083179267269,-0.3331574921678326,0.9000000000000005,1.0000000000000004,0.003194175564682636,0.006906130599841796,0.0010534743928768992,0.00031774121676644374,0,0,0,0.925
40,100,1.0,0.9,f090,202609113,0,-0.004217025512642517,0.008264903455092875,0.003654614474145586,0.003654614474145586,0.00341602266623426,0.0027140810681682837,-0.004128205128205128,1.0,1.0,1.0,1.0,1.0,0,0,0,0.95
40,100,1.0,0.9,f090,202609113,125,0.910409352848373,0.9268673557012581,0.8843669407713873,0.8843669407713872,0.9822790179499015,-0.9911561067206749,0.8990512820512825,1.0000000000000004,0.04840094767381458,0.07485860149320234,0.03004964874623524,0.013793203170716582,0,0,0,0.95
40,100,1.0,0.9,f090,202609113,500,0.9742626593001575,0.9025154733321071,0.8944765974960708,0.8944765974960707,0.9939001384663808,-0.9967762907322312,0.9000000000000005,1.0000000000000004,0.01767745575471606,0.03471289560801582,0.010872029079877128,0.0040018922165724865,0,0,0,0.95
40,100,1.0,0.9,f090,202609113,1000,0.9864990824448439,0.8979386321135101,0.8959065060018397,0.89590650600184,0.9955105109268985,-0.9976116658049329,0.9000000000000005,1.0000000000000004,0.011279713136698562,0.023508871280205176,0.007012877640177493,0.0022202024177684224,0,0,0,0.95
40,100,1.0,0.9,f090,202609113,2500,0.992051289579418,0.8981068400986274,0.896900599291083,0.8969005992910829,0.9966011712094492,-0.998102277606676,0.9000000000000005,1.0000000000000004,0.006531151898639565,0.0144240443072383,0.0042606212891587785,0.001083075936150716,0,0,0,0.95
40,100,1.0,0.9,f090,202609113,5000,0.9941485009640577,0.8986192915436805,0.8974395016258727,0.8974395016258728,0.9971738421843028,-0.9982364439695227,0.9000000000000005,1.0000000000000004,0.00444737252611004,0.010023160331329044,0.0029029131353727976,0.0006446465687885796,0,0,0,0.95
40,100,1.0,0.9,f090,202609113,10000,0.9954075163911995,0.8990369142415837,0.897799087718613,0.897799087718613,0.9975420906383069,-0.9982511239321632,0.9000000000000005,1.0000000000000004,0.003093700592821029,0.006978724589235433,0.0017594428491205596,0.00039082716705720477,0,0,0,0.95
40,100,1.0,0.9,f090,202609114,0,0.0004805128108364578,0.007064013459859216,-0.0030819410184124802,-0.003081941018412488,-0.0031975579714427957,0.02078149584060333,0.0004615384615384613,1.0000000000000004,1.0,1.0,1.0,1.0,0,0,0,0.925
40,100,1.0,0.9,f090,202609114,125,0.9057581119984894,0.9236805621242336,0.8770852491399564,0.8770852491399566,0.9748709573445595,-0.3296352224883888,0.8973076923076928,1.0,0.04751282720269665,0.07558844550780724,0.03122851280097862,0.012811710236177417,0,0,0,0.925
40,100,1.0,0.9,f090,202609114,500,0.9690149048030955,0.9061080288502292,0.8930936737584264,0.8930936737584261,0.9925150545085446,-0.3314263633933697,0.9000000000000005,1.0,0.017278058658980786,0.03487789696994223,0.012681467301689212,0.004146899219078403,0,0,0,0.925
40,100,1.0,0.9,f090,202609114,1000,0.9844186405565141,0.89908546297358,0.895042140218286,0.8950421402182861,0.9947414288851293,-0.33196860848917126,0.9000000000000005,1.0,0.011011742310070245,0.023613363016683077,0.00833900270159639,0.002496575855217654,0,0,0,0.925
40,100,1.0,0.9,f090,202609114,2500,0.9914434599475864,0.8983326502601022,0.8963792089153184,0.8963792089153182,0.9962618268910601,-0.3323989181879687,0.9000000000000005,1.0,0.0063136267039304245,0.014480279793005873,0.004764941148517308,0.0013027032374550878,0,0,0,0.925
40,100,1.0,0.9,f090,202609114,5000,0.9938378717889469,0.8987015888360355,0.8969718924523421,0.8969718924523421,0.9969448673909186,-0.3325299410250263,0.9000000000000005,1.0,0.004266182053843816,0.010060312697282518,0.002503777460073817,0.0008017549031680729,0,0,0,0.925
40,100,1.0,0.9,f090,202609114,10000,0.9952834291816147,0.8990703264720713,0.8973783997435572,0.897378399743557,0.9974400398987651,-0.3326057849244182,0.9000000000000005,1.0,0.0029425391223235745,0.007003945548385775,0.0014697191522828083,0.0004901862595854445,0,0,0,0.925
40,100,1.0,0.9,f090,202609115,0,0.002030267786546898,-0.00907501001303264,-2.3746836899525168e-05,-2.374683689951805e-05,-0.0004323487054015487,0.018220873397939562,-2.564102564102621e-05,0.9999999999999997,1.0,1.0,1.0,1.0,0,0,0,0.875
40,100,1.0,0.9,f090,202609115,125,0.8214066133393115,0.8300180591575264,0.6986129699716177,0.6986129699716176,0.9772919571116747,-0.19662278711660308,0.7114615384615388,1.0000000000000004,0.04199419362733795,0.0749882910444001,0.03106420223899882,0.012158065855394234,0,0,0,0.875
40,100,1.0,0.9,f090,202609115,500,0.8528021026452801,0.8419166358306566,0.7124024959964782,0.7124024959964781,0.9955535673442572,-0.19862992104304444,0.7153846153846156,1.0000000000000007,0.01232032636273478,0.03613969777844574,0.012131910004706946,0.003423741034405159,0,0,0,0.875
40,100,1.0,0.9,f090,202609115,1000,0.8576200381165204,0.8445940037690527,0.7141153233805568,0.7141153233805567,0.9976930270215076,-0.1988955877754295,0.7153846153846156,1.0000000000000007,0.006758647984813469,0.025742495728133388,0.007824501847241516,0.0017893707215292085,0,0,0,0.875
40,100,1.0,0.9,f090,202609115,2500,0.8610008891011318,0.8467093369114113,0.7153200987545718,0.7153200987545721,0.9991782041364524,-0.19919718810424591,0.7153846153846156,1.0000000000000007,0.0031078901554829155,0.016653230437395285,0.004695538466083366,0.0007438765653834019,0,0,0,0.875
40,100,1.0,0.9,f090,202609115,5000,0.8621826890400999,0.8476933791677765,0.7157041213794058,0.7157041213794058,0.9995800824454535,-0.1992942585590757,0.7153846153846156,1.0000000000000007,0.0017689142399751987,0.012059692925426004,0.003184419811616491,0.0003781185666778347,0,0,0,0.875
40,100,1.0,0.9,f090,202609115,10000,0.8628111192219372,0.8483838264725834,0.7159358717279061,0.7159358717279058,0.9997973021437156,-0.19935550932843665,0.7153846153846156,1.0000000000000007,0.001036898091295148,0.008701484672726295,0.0021789789937728893,0.00019163433287691398,0,0,0,0.875
40,100,1.0,0.9,f090,202609116,0,-0.0009080371206141489,-0.0027543828459559356,0.015033462811259363,0.015033462811259377,0.015212836121005754,0.01695209666321764,0.018717948717948723,1.0000000000000004,1.0,1.0,1.0,1.0,0,0,0,0.85
40,100,1.0,0.9,f090,202609116,125,0.9091682663813645,0.9165999401620543,0.880753331486491,0.880753331486491,0.9787367225179294,0.3303453293597282,0.8923846153846159,0.9999999999999997,0.050948562285901486,0.07256910678282388,0.03195874896564224,0.013564206500878436,0,0,0,0.85
40,100,1.0,0.9,f090,202609116,500,0.9725903890937292,0.9007155751464394,0.8933147084089517,0.8933147084089517,0.9929648429559053,0.3320778785219061,0.9000000000000005,0.9999999999999993,0.018921842863065256,0.03341827963160334,0.011596818138156089,0.004546756170194328,0,0,0,0.85
40,100,1.0,0.9,f090,202609116,1000,0.9852686670012618,0.8967688348990072,0.8948252041683216,0.8948252041683218,0.994726505787756,0.3321235076397722,0.9000000000000005,0.9999999999999993,0.01220259356973179,0.022530164451260357,0.007656932307285556,0.0026886385593832864,0,0,0,0.85
40,100,1.0,0.9,f090,202609116,2500,0.9911909819517664,0.8974989454579241,0.8960435579075643,0.8960435579075642,0.9962458357709523,0.3321122686589248,0.9000000000000005,0.9999999999999994,0.007158475435497447,0.013792502076379476,0.00460019640996055,0.0013836775236743906,0,0,0,0.85
40,100,1.0,0.9,f090,202609116,5000,0.9932842837782956,0.8982474419834046,0.8965047308944247,0.8965047308944247,0.9968744602322739,0.3320750263090838,0.9000000000000005,0.9999999999999993,0.004928743122269342,0.00957503108854962,0.0029426813206908137,0.0008536655216819095,0,0,0,0.85
40,100,1.0,0.9,f090,202609116,10000,0.9945065193464806,0.8987993978095936,0.8967608697928863,0.896760869792886,0.9972573060483796,0.33205795529187127,0.9000000000000005,0.9999999999999993,0.0034544797050091976,0.006662244929999518,0.0017926308917863756,0.0005339286496831808,0,0,0,0.85
40,100,1.0,0.9,f090,202609117,0,-0.0023253952378594926,-0.008133294849679451,0.00044640440841913024,0.0004464044084191352,0.0013481168536790523,-0.06287647268844676,-0.005128205128205127,0.9999999999999997,1.0,1.0,1.0,1.0,0,0,0,0.925
40,100,1.0,0.9,f090,202609117,125,0.9114495320986152,0.9240629893019734,0.882457718851258,0.8824577188512579,0.9804459663534079,-0.33207987816439655,0.8981025641025644,0.9999999999999997,0.04806295646113393,0.07495824075333014,0.032048990833624724,0.012901680547004522,0,0,0,0.925
40,100,1.0,0.9,f090,202609117,500,0.9723447096020136,0.9046509889834685,0.8946146555324154,0.8946146555324155,0.9940635055882693,-0.332951454983108,0.9000000000000005,0.9999999999999997,0.017641700523685085,0.034260609386805,0.012884514475765269,0.004234772331147158,0,0,0,0.925
40,100,1.0,0.9,f090,202609117,1000,0.9859117565572532,0.8990548865450588,0.8963067198634443,0.8963067198634447,0.9959662419751801,-0.3329593957114043,0.9000000000000005,0.9999999999999997,0.011247115325547145,0.023317215305518748,0.008473022902688991,0.0024524944026242507,0,0,0,0.925
40,100,1.0,0.9,f090,202609117,2500,0.9924774882785119,0.8984105471643709,0.8974492555777782,0.8974492555777782,0.9972664237067964,-0.3330752933089779,0.9000000000000005,0.9999999999999997,0.006443746502785991,0.014311806483469877,0.004528997734275488,0.0012117407342075526,0,0,0,0.925
40,100,1.0,0.9,f090,202609117,5000,0.9947280119969938,0.8987543316973233,0.8979268645671992,0.8979268645671992,0.9978127265511225,-0.33311355105640467,0.9000000000000005,0.9999999999999997,0.004356002099829487,0.009943754114783104,0.002528003500102735,0.000726958857468497,0,0,0,0.925
40,100,1.0,0.9,f090,202609117,10000,0.9960650528898797,0.8991035678784421,0.8982391943676625,0.8982391943676625,0.998159803526715,-0.3331209422250938,0.9000000000000005,0.9999999999999997,0.0030050173286031083,0.006922284004037851,0.0015067022940464098,0.00044617583635628765,0,0,0,0.925
40,100,1.0,0.9,f090,202609118,0,-0.0015537416273332008,-0.001536714536824825,-0.00832467170618829,-0.008324671706188285,-0.008747690869598212,-0.04025654183697478,-0.00323076923076923,1.0,1.0,1.0,1.0,1.0,0,0,0,0.875
40,100,1.0,0.9,f090,202609118,125,0.8214553573116222,0.8298409877275853,0.7003572323150403,0.7003572323150403,0.9787279891215509,-0.197981112224165,0.7153846153846156,1.0000000000000004,0.04161380915832525,0.0751495171301942,0.03406292497800577,0.010459964120373592,0,0,0,0.875
40,100,1.0,0.9,f090,202609118,500,0.8526448083993707,0.8419832486722428,0.7126844477630793,0.7126844477630789,0.9957701064594658,-0.19913729794310106,0.7153846153846156,1.0000000000000004,0.012309043114286627,0.03592292671656119,0.011763859621396427,0.0029289734109272402,0,0,0,0.875
40,100,1.0,0.9,f090,202609118,1000,0.8574582266526072,0.8446740703177881,0.7141223461208023,0.714122346120802,0.9977667101191219,-0.19933460460045332,0.7153846153846156,1.0000000000000004,0.006788626587423347,0.025483912124423764,0.007681370619531491,0.0015108418586528751,0,0,0,0.875
40,100,1.0,0.9,f090,202609118,2500,0.8606901742993818,0.8467731039860475,0.7150786074463631,0.7150786074463632,0.9989695107426366,-0.19940323028538634,0.7153846153846156,1.0000000000000004,0.0031519650919055262,0.016440190432757858,0.0045493880843978035,0.0006250823559180855,0,0,0,0.875
40,100,1.0,0.9,f090,202609118,5000,0.8620755351297382,0.8477401582484164,0.7155022020511244,0.7155022020511244,0.9995223745642381,-0.1994431096583971,0.7153846153846156,1.0000000000000004,0.0018114019908587113,0.011875174602647122,0.0031032641298845702,0.0003143212740636847,0,0,0,0.875
40,100,1.0,0.9,f090,202609118,10000,0.8628004595718507,0.8484188902949532,0.7157111544690613,0.7157111544690613,0.9997726013044681,-0.19944852565639615,0.7153846153846156,1.0000000000000004,0.0010733241577565874,0.00855854132628153,0.0021281558917857937,0.0001586609232369573,0,0,0,0.875
40,100,1.0,0.9,f090,202609119,0,0.0004417572250133875,0.0050249838335183405,-0.005722818428751,-0.005722818428751002,-0.008467034515671693,-0.06192270543478902,-0.0018461538461538468,1.0,1.0,1.0,1.0,1.0,0,0,0,0.875
40,100,1.0,0.9,f090,202609119,125,0.9097484760972325,0.9198990339556649,0.8803081590142422,0.8803081590142422,0.978034878577655,0.19625918326414737,0.8857948717948722,1.0000000000000004,0.048006788917585,0.07471670033507781,0.0354268002213785,0.01307524851018599,0,0,0,0.875
40,100,1.0,0.9,f090,202609119,500,0.968323175298977,0.9059147084680558,0.8930609841711512,0.8930609841711514,0.9930962441714222,0.19823808251680433,0.9000000000000005,1.0000000000000002,0.01754371653935607,0.03426262178926949,0.013476717435326408,0.0036229596304367985,0,0,0,0.875
40,100,1.0,0.9,f090,202609119,1000,0.983588092764532,0.8991062480249947,0.8948724747294262,0.894872474729426,0.9951861602126079,0.19871479601033437,0.9000000000000005,1.0000000000000002,0.011190406024820822,0.023141847211324104,0.008742783264841585,0.002063528402261225,0,0,0,0.875
40,100,1.0,0.9,f090,202609119,2500,0.9908586690096524,0.8983281885918041,0.8963129617914782,0.8963129617914785,0.996814139207396,0.19903285061092432,0.9000000000000005,1.0,0.0064112384309121685,0.014187817921118763,0.004481757345186927,0.000991805469011199,0,0,0,0.875
40,100,1.0,0.9,f090,202609119,5000,0.9932875635324189,0.8986759119238102,0.8968509514774324,0.8968509514774324,0.9974379839428015,0.19914221684714778,0.9000000000000005,1.0,0.004331588637679509,0.009851773572654533,0.0023720141649764283,0.00059215245128016,0,0,0,0.875
40,100,1.0,0.9,f090,202609119,10000,0.9947360372212871,0.8990457346147,0.897218552174986,0.897218552174986,0.997888517573091,0.19921595575329584,0.9000000000000005,1.0000000000000002,0.0029888133276333726,0.0068559533348813775,0.001390306592564136,0.0003599334916139746,0,0,0,0.875
40,100,1.0,0.9,f090,202609120,0,-0.00024413095881927713,-0.006177618626865025,0.0016458237252951317,0.0016458237252951272,0.00332546251386372,-0.0328190456968076,-0.006128205128205128,1.0,1.0,1.0,1.0,1.0,0,0,0,0.95
40,100,1.0,0.9,f090,202609120,125,0.8664060093173714,0.8836453375435495,0.793293508673798,0.793293508673798,0.9853322514782524,0.9911258144646724,0.784102564102564,1.0,0.04241740199388277,0.07611947607641562,0.0374722664531272,0.011984747229544412,0,0,0,0.95
40,100,1.0,0.9,f090,202609120,500,0.8953289916350057,0.8908316191457406,0.8025879497723601,0.8025879497723604,0.9965414978015067,0.9966798499200715,0.8051282051282049,0.9999999999999998,0.012655973122359087,0.03950312076025861,0.012962101874022773,0.0032278880741621312,0,0,0,0.95
40,100,1.0,0.9,f090,202609120,1000,0.9298398499224373,0.8633356128755574,0.8039795539624964,0.8039795539624967,0.9981354262409394,0.9977066954528999,0.8051282051282049,1.0,0.0073188410115824195,0.025823702170519124,0.008693255494114238,0.0017491212550082844,0,0,0,0.95
40,100,1.0,0.9,f090,202609120,2500,0.9683249490897631,0.8297862950407674,0.8045478144611308,0.804547814461131,0.9988751162315826,0.9982870651825535,0.8051282051282049,0.9999999999999998,0.003926499608097624,0.014257362901357647,0.003982303227764549,0.0008007541044422657,0,0,0,0.95
40,100,1.0,0.9,f090,202609120,5000,0.9852372400574634,0.8150295924331585,0.8047730773691828,0.8047730773691827,0.9991524802978321,0.9986167796464296,0.8051282051282049,1.0,0.0024970142700919662,0.009828310876689443,0.001778677607655335,0.0004631059833330358,0,0,0,0.95
40,100,1.0,0.9,f090,202609120,10000,0.9927142066463617,0.8089690792594145,0.8049176694474212,0.804917669447421,0.9993350079019689,0.9988572826456328,0.8051282051282049,1.0,0.0016179897147664852,0.0068128225147154374,0.0008899849862998024,0.00026654451168183364,0,0,0,0.95
40,100,1.0,0.9,f090,202609121,0,0.0005044382235674858,0.007697568844473169,0.006346160380754533,0.006346160380754539,-0.0001196335262312735,-0.048658919206319214,-0.0005384615384615379,1.0,1.0,1.0,1.0,1.0,0,0,0,0.825
40,100,1.0,0.9,f090,202609121,125,0.8697586010692991,0.8654186143005229,0.787691860986531,0.7876918609865308,0.9775898127010726,0.047441073145423285,0.7949999999999998,1.0,0.04420585690573828,0.07442070006618251,0.030197894716290155,0.01299095659408914,0,0,0,0.825
40,100,1.0,0.9,f090,202609121,500,0.9040286413929906,0.8771625638736267,0.8003382737287958,0.8003382737287957,0.9946737945258272,0.047234508334881846,0.8051282051282049,1.0,0.013966896236033957,0.03796702172128336,0.010859049610031812,0.0037831603977817453,0,0,0,0.825
40,100,1.0,0.9,f090,202609121,1000,0.9376343454407793,0.8517089537515343,0.8020832889234192,0.8020832889234193,0.9971130008874193,0.047221337078281835,0.8051282051282049,1.0,0.008351392882179908,0.0249518419157137,0.007436497883000653,0.00202225245487959,0,0,0,0.825
40,100,1.0,0.9,f090,202609121,2500,0.9789837497857304,0.8159408023499938,0.8028883667904357,0.8028883667904357,0.9981431614765014,0.04719422927395395,0.8051282051282049,1.0,0.004628272222893804,0.013811308675617667,0.004318228168264699,0.0009730880347389593,0,0,0,0.825
40,100,1.0,0.9,f090,202609121,5000,0.9892787663340077,0.8080768892193804,0.8031911669722022,0.8031911669722022,0.9985822829546773,0.047148579921835264,0.8051282051282049,1.0,0.003033649158125948,0.009510221442618727,0.002177559358569853,0.0005616446749604659,0,0,0,0.825
40,100,1.0,0.9,f090,202609121,10000,0.9929307289978975,0.8059933355390714,0.8033846744709452,0.8033846744709451,0.9988650721227422,0.04713584020082258,0.8051282051282049,1.0,0.002052237445580377,0.006592470246342548,0.0010814605237351644,0.0003249599579478282,0,0,0,0.825
40,100,1.0,1.0,f100,202609110,0,-0.0014877288959757456,0.007612087463459997,0.004544046388728023,0.004544046388728026,0.004544046388728026,nan,0.001974358974358974,1.0000000000000004,1.0,1.0,1.0,1.0,0,0,0,1.0
40,100,1.0,1.0,f100,202609110,125,0.9571920939272892,0.9773617611425053,0.9793616562276771,0.9793616562276773,0.9793616562276773,nan,0.9883846153846153,0.9999999999999997,0.058307698964420125,0.07422560315009873,0.04329533959977109,0.015649691337842078,0,0,0,1.0
40,100,1.0,1.0,f100,202609110,500,0.98223486100057,0.9914760407880925,0.990679088886491,0.9906790888864911,0.9906790888864911,nan,1.0,0.9999999999999997,0.024719403200010228,0.03495861497617902,0.02241454459891285,0.005480136558864134,0,0,0,1.0
40,100,1.0,1.0,f100,202609110,1000,0.98714109052081,0.9945613169059122,0.9925390888611446,0.9925390888611446,0.9925390888611446,nan,1.0,0.9999999999999997,0.016655807194125925,0.02424672050779048,0.015571094757901742,0.0033278703135245988,0,0,0,1.0
40,100,1.0,1.0,f100,202609110,2500,0.9905983706546932,0.9969221880082221,0.993656610050225,0.9936566100502245,0.9936566100502245,nan,1.0,0.9999999999999997,0.010172369557127565,0.015017104700980211,0.009509232101355902,0.0017301272740062005,0,0,0,1.0
40,100,1.0,1.0,f100,202609110,5000,0.9920170628249377,0.9979722552666495,0.9940326824464122,0.9940326824464121,0.9940326824464121,nan,1.0,0.9999999999999997,0.007151493171601547,0.010469794843276215,0.006641488664593761,0.0010659890196423251,0,0,0,1.0
40,100,1.0,1.0,f100,202609110,10000,0.992803880859023,0.9986526132086045,0.9941433632571729,0.9941433632571729,0.9941433632571729,nan,1.0,0.9999999999999997,0.005116264021915525,0.0073045458915704355,0.0045992537733199335,0.0006589330708405527,0,0,0,1.0
40,100,1.0,1.0,f100,202609111,0,-0.0011263693607101854,-0.008967010737212129,-0.003002529815127585,-0.0030025298151275756,-0.0030025298151275756,nan,-0.0038974358974358976,1.0000000000000004,1.0,1.0,1.0,1.0,0,0,0,1.0
40,100,1.0,1.0,f100,202609111,125,0.9628202161249075,0.97672632976199,0.9857623427462262,0.9857623427462262,0.9857623427462262,nan,0.9889743589743589,0.9999999999999997,0.053707547017134656,0.07375312875691162,0.04311383024546036,0.014334148071815033,0,0,0,1.0
40,100,1.0,1.0,f100,202609111,500,0.9862981137975788,0.9912673799867782,0.9949869413157526,0.9949869413157526,0.9949869413157526,nan,1.0,0.9999999999999997,0.021662909949389606,0.034589258521391046,0.01873826428684039,0.004821784228628709,0,0,0,1.0
40,100,1.0,1.0,f100,202609111,1000,0.9908144540160265,0.9944335533500647,0.9963606344183288,0.9963606344183289,0.9963606344183289,nan,1.0,0.9999999999999997,0.014199002396386282,0.023958912017640832,0.012978826496232321,0.00285359610835756,0,0,0,1.0
40,100,1.0,1.0,f100,202609111,2500,0.994190286702189,0.9968533721506,0.9973285042680727,0.9973285042680725,0.9973285042680725,nan,1.0,0.9999999999999994,0.008341786906825884,0.014821374942835013,0.007808522777096421,0.0014520777572758097,0,0,0,1.0
40,100,1.0,1.0,f100,202609111,5000,0.9957096992976179,0.9979281611523038,0.9977769311920786,0.9977769311920789,0.9977769311920789,nan,1.0,0.9999999999999993,0.005682992023586555,0.010326349310340155,0.005365183579051177,0.000878135719103609,0,0,0,1.0
40,100,1.0,1.0,f100,202609111,10000,0.9966975312921346,0.9986239735540328,0.9980709013347465,0.9980709013347463,0.9980709013347463,nan,1.0,0.9999999999999993,0.003932981311883486,0.007200654988225904,0.0036869992715658465,0.0005263286546798541,0,0,0,1.0
40,100,1.0,1.0,f100,202609112,0,-0.0003734606661455327,0.010991584517368704,0.0021347933022071997,0.0021347933022072088,0.0021347933022072088,nan,0.008871794871794873,0.9999999999999997,1.0,1.0,1.0,1.0,0,0,0,1.0
40,100,1.0,1.0,f100,202609112,125,0.9568911971430033,0.9773303107830438,0.9790855746139011,0.9790855746139013,0.9790855746139013,nan,0.9990000000000001,1.0000000000000004,0.058551957455793016,0.07431944512493426,0.04568127970764026,0.015626129093263528,0,0,0,1.0
40,100,1.0,1.0,f100,202609112,500,0.9829415172370073,0.9914839805539308,0.9913837480433657,0.9913837480433658,0.9913837480433658,nan,1.0,1.0000000000000004,0.024832647465688376,0.03496000166211408,0.019745678727640627,0.005478544298734954,0,0,0,1.0
40,100,1.0,1.0,f100,202609112,1000,0.9880415951946587,0.9945670242007337,0.9934386800778445,0.9934386800778446,0.9934386800778446,nan,1.0,1.0000000000000004,0.016621666535196804,0.024246951877662234,0.014076190227173864,0.0032016210986479795,0,0,0,1.0
40,100,1.0,1.0,f100,202609112,2500,0.9918792338491873,0.9969256319869458,0.9949379201818236,0.9949379201818237,0.9949379201818237,nan,1.0,1.0000000000000007,0.0100144296581256,0.015018410035480833,0.008649173148985731,0.0015717001608831344,0,0,0,1.0
40,100,1.0,1.0,f100,202609112,5000,0.9935729143291234,0.9979742389220801,0.9955896614398683,0.9955896614398684,0.9955896614398684,nan,1.0,1.0000000000000004,0.006942302269917359,0.01047146981685631,0.00601104681406773,0.0009295116073778773,0,0,0,1.0
40,100,1.0,1.0,f100,202609112,10000,0.9946456900935997,0.9986537183436961,0.9959865170826756,0.9959865170826755,0.9959865170826755,nan,1.0,1.0000000000000004,0.004880951309570269,0.007306179297025809,0.004154020503430596,0.0005568840338070789,0,0,0,1.0
40,100,1.0,1.0,f100,202609113,0,-0.004217025512642517,0.008264903455092875,0.003654614474145586,0.003654614474145586,0.003654614474145586,nan,-0.004128205128205128,1.0,1.0,1.0,1.0,1.0,0,0,0,1.0
40,100,1.0,1.0,f100,202609113,125,0.9592109942972731,0.9771250948613137,0.9816664675562011,0.9816664675562011,0.9816664675562011,nan,0.9919230769230769,1.0000000000000002,0.05442018637578227,0.07432449171473239,0.041449788917937797,0.014605054294479862,0,0,0,1.0
40,100,1.0,1.0,f100,202609113,500,0.9840002390606629,0.9914185167974376,0.9925176005637903,0.9925176005637907,0.9925176005637907,nan,1.0,1.0,0.022867889418645274,0.03490325888537204,0.01978606410631845,0.004932690391629365,0,0,0,1.0
40,100,1.0,1.0,f100,202609113,1000,0.9888236969629597,0.994529266281881,0.9942631015484054,0.9942631015484054,0.9942631015484054,nan,1.0,1.0,0.015311271547447072,0.024195861590179234,0.013588432852619544,0.002901472159870737,0,0,0,1.0
40,100,1.0,1.0,f100,202609113,2500,0.9925138488375652,0.9969052535596489,0.9955950001856197,0.9955950001856197,0.9955950001856197,nan,1.0,1.0,0.009242464234349877,0.014977507323613339,0.00844460266605477,0.0014522017149714952,0,0,0,1.0
40,100,1.0,1.0,f100,202609113,5000,0.9941559477842101,0.9979615146901609,0.9961866840013618,0.9961866840013615,0.9961866840013615,nan,1.0,1.0000000000000002,0.006416933617348654,0.010440118840924318,0.00584022255061203,0.0008505596205138876,0,0,0,1.0
40,100,1.0,1.0,f100,202609113,10000,0.9951916711265206,0.998645616185276,0.9965413865599063,0.9965413865599063,0.9965413865599063,nan,1.0,1.0000000000000004,0.004521764607817356,0.007282859683003386,0.004039114295965283,0.000497260348062683,0,0,0,1.0
40,100,1.0,1.0,f100,202609114,0,0.0004805128108364578,0.007064013459859216,-0.0030819410184124802,-0.003081941018412488,-0.003081941018412488,nan,0.0004615384615384613,1.0000000000000004,1.0,1.0,1.0,1.0,0,0,0,1.0
40,100,1.0,1.0,f100,202609114,125,0.9563805848805799,0.9772583316335998,0.9786346872051721,0.978634687205172,0.978634687205172,nan,0.9990000000000001,1.0,0.05318282509869381,0.07494359749534277,0.048181108873845344,0.014042334767671635,0,0,0,1.0
40,100,1.0,1.0,f100,202609114,500,0.9839329495147184,0.991481369581236,0.9923865110586686,0.9923865110586688,0.9923865110586688,nan,1.0,1.0,0.021640614390093637,0.03518984407146042,0.02291329183814373,0.004822322587159743,0,0,0,1.0
40,100,1.0,1.0,f100,202609114,1000,0.9891761325592183,0.994573094109714,0.9945734911160038,0.9945734911160038,0.9945734911160038,nan,1.0,1.0,0.014241996777915478,0.024397352200629177,0.015394390811984227,0.0028627590224023294,0,0,0,1.0
40,100,1.0,1.0,f100,202609114,2500,0.993029661990149,0.996931634242014,0.9960859742534747,0.9960859742534748,0.9960859742534748,nan,1.0,1.0,0.008409891312109055,0.01510282599837518,0.009397456755650678,0.0014711352465808843,0,0,0,1.0
40,100,1.0,1.0,f100,202609114,5000,0.9947021210809182,0.9979791396957781,0.9967163198254864,0.9967163198254864,0.9967163198254864,nan,1.0,1.0,0.0057460667497401625,0.010527074969373083,0.006465110994776212,0.0008913649395689503,0,0,0,1.0
40,100,1.0,1.0,f100,202609114,10000,0.9957832766474812,0.9986574695237107,0.9971219275322031,0.9971219275322027,0.9971219275322027,nan,1.0,1.0,0.003986506594290036,0.007343332199233976,0.004463150039454874,0.0005434351566741091,0,0,0,1.0
40,100,1.0,1.0,f100,202609115,0,0.002030267786546898,-0.00907501001303264,-2.3746836899525168e-05,-2.374683689951805e-05,-2.374683689951805e-05,nan,-2.564102564102621e-05,0.9999999999999997,1.0,1.0,1.0,1.0,0,0,0,1.0
40,100,1.0,1.0,f100,202609115,125,0.9597181240259245,0.977146531680595,0.9821636420744385,0.9821636420744387,0.9821636420744387,nan,0.9883589743589744,1.0000000000000004,0.05598376647662536,0.07408270248569537,0.04458418843794962,0.015575188131525216,0,0,0,1.0
40,100,1.0,1.0,f100,202609115,500,0.9854447517093872,0.9914201940594164,0.9939727884301872,0.9939727884301868,0.9939727884301868,nan,1.0,1.0000000000000004,0.023058966752201794,0.034778037710043445,0.019767098942672305,0.005635215890013327,0,0,0,1.0
40,100,1.0,1.0,f100,202609115,1000,0.9903193288376996,0.9945286010466499,0.9957675223729285,0.9957675223729285,0.9957675223729285,nan,1.0,1.0000000000000007,0.01523695135372159,0.024102867004607575,0.013314080844184506,0.0034189613291388393,0,0,0,1.0
40,100,1.0,1.0,f100,202609115,2500,0.9939371308478919,0.9969049739009384,0.9970229122240848,0.9970229122240847,0.9970229122240847,nan,1.0,1.0000000000000007,0.009013345289929047,0.014921394066010035,0.008097215190950965,0.0018297350467286404,0,0,0,1.0
40,100,1.0,1.0,f100,202609115,5000,0.9955276483328818,0.9979610323615893,0.9975616261648258,0.9975616261648257,0.9975616261648257,nan,1.0,1.0000000000000004,0.006158999476494905,0.010401423028544502,0.005652072775659063,0.001153557304396239,0,0,0,1.0
40,100,1.0,1.0,f100,202609115,10000,0.9965520713568218,0.9986450908953792,0.9979041291641165,0.9979041291641165,0.9979041291641165,nan,1.0,1.0000000000000004,0.00426408265249813,0.007256072542725365,0.003911591614755508,0.0007233849398450643,0,0,0,1.0
40,100,1.0,1.0,f100,202609116,0,-0.0009080371206141489,-0.0027543828459559356,0.015033462811259363,0.015033462811259377,0.015033462811259377,nan,0.018717948717948723,1.0000000000000004,1.0,1.0,1.0,1.0,0,0,0,1.0
40,100,1.0,1.0,f100,202609116,125,0.9544950095374384,0.9770550697184053,0.9769079796225163,0.9769079796225164,0.9769079796225164,nan,0.9990000000000001,0.9999999999999997,0.06181107523976525,0.07353335869099496,0.04249358941443195,0.015792622476565456,0,0,0,1.0
40,100,1.0,1.0,f100,202609116,500,0.9822634884757718,0.991355212789974,0.9908286415125327,0.9908286415125328,0.9908286415125328,nan,1.0,0.9999999999999997,0.026444648445654747,0.034616014384346055,0.019032417647205594,0.005756193792831757,0,0,0,1.0
40,100,1.0,1.0,f100,202609116,1000,0.9874951795576128,0.9944831303379613,0.9929731280568422,0.9929731280568425,0.9929731280568425,nan,1.0,0.9999999999999997,0.017837245256046186,0.02400863015680023,0.01287476807062757,0.003463035488010916,0,0,0,1.0
40,100,1.0,1.0,f100,202609116,2500,0.9913353369847889,0.996877854453659,0.9944400545830901,0.9944400545830903,0.9944400545830903,nan,1.0,0.9999999999999993,0.010880045824764817,0.014869975298770285,0.007799030027260177,0.0017998769867662563,0,0,0,1.0
40,100,1.0,1.0,f100,202609116,5000,0.9929811837405786,0.9979429914081819,0.9950279257732084,0.9950279257732082,0.9950279257732082,nan,1.0,0.9999999999999994,0.007627561378066477,0.010367484676538934,0.005421292135055993,0.0011071041771255686,0,0,0,1.0
40,100,1.0,1.0,f100,202609116,10000,0.993963776861931,0.9986330184591219,0.9953243438522191,0.9953243438522194,0.9953243438522194,nan,1.0,0.9999999999999994,0.00542240147819957,0.007232802353146838,0.003778532807210789,0.0006874010992670658,0,0,0,1.0
40,100,1.0,1.0,f100,202609117,0,-0.0023253952378594926,-0.008133294849679451,0.00044640440841913024,0.0004464044084191352,0.0004464044084191352,nan,-0.005128205128205127,0.9999999999999997,1.0,1.0,1.0,1.0,0,0,0,1.0
40,100,1.0,1.0,f100,202609117,125,0.9565141565089105,0.9770657787971929,0.9789642541030485,0.9789642541030484,0.9789642541030484,nan,1.0,0.9999999999999998,0.05522125715769701,0.07411490872147028,0.04766423335850731,0.014498913290787244,0,0,0,1.0
40,100,1.0,1.0,f100,202609117,500,0.9829397069500921,0.9914008709948084,0.991465263208076,0.9914652632080759,0.9914652632080759,nan,1.0,1.0,0.02343036820742949,0.03477301099412216,0.021517646105199652,0.005584842783843638,0,0,0,1.0
40,100,1.0,1.0,f100,202609117,1000,0.9881880259970997,0.9945167209321186,0.993636300273503,0.9936363002735028,0.9936363002735028,nan,1.0,1.0,0.015733122400651556,0.024100194615654078,0.014911279188030965,0.003398047770099837,0,0,0,1.0
40,100,1.0,1.0,f100,202609117,2500,0.9920817553271855,0.9968978538789598,0.9951688665204945,0.9951688665204947,0.9951688665204947,nan,1.0,1.0,0.009502457746289732,0.014919065666692446,0.009124449359777893,0.0017450443966741229,0,0,0,1.0
40,100,1.0,1.0,f100,202609117,5000,0.9938154250265554,0.997956418349798,0.9958504976256429,0.9958504976256429,0.9958504976256429,nan,1.0,1.0,0.006589420786134951,0.01040020974711562,0.006337450235141855,0.0010567862045177258,0,0,0,1.0
40,100,1.0,1.0,f100,202609117,10000,0.9949281134876667,0.9986420364176206,0.9962810087409152,0.9962810087409153,0.9962810087409153,nan,1.0,1.0,0.004624289537669348,0.007255415767060773,0.004375563766375398,0.0006486134557963194,0,0,0,1.0
40,100,1.0,1.0,f100,202609118,0,-0.0015537416273332008,-0.001536714536824825,-0.00832467170618829,-0.008324671706188285,-0.008324671706188285,nan,-0.00323076923076923,1.0,1.0,1.0,1.0,1.0,0,0,0,1.0
40,100,1.0,1.0,f100,202609118,125,0.9630216640718849,0.9770918313114448,0.9856000550327322,0.9856000550327318,0.9856000550327318,nan,0.9707948717948718,1.0,0.05295939525293939,0.07464041998153836,0.045758708318168355,0.013210657662842386,0,0,0,1.0
40,100,1.0,1.0,f100,202609118,500,0.9865579122253982,0.9914287953545919,0.995087051898369,0.9950870518983688,0.9950870518983688,nan,1.0,1.0,0.021809244404341937,0.034971984383421084,0.02058965481631792,0.004808334803710846,0,0,0,1.0
40,100,1.0,1.0,f100,202609118,1000,0.9911038617183816,0.9945401050990285,0.9965449039622466,0.9965449039622466,0.9965449039622466,nan,1.0,1.0,0.014441726501640896,0.024221989693893674,0.014500814278320076,0.002952745476710259,0,0,0,1.0
40,100,1.0,1.0,f100,202609118,2500,0.9944858711540158,0.996914516533976,0.9975638424023819,0.997563842402382,0.997563842402382,nan,1.0,1.0,0.008574274210692494,0.01498818854630625,0.008712680996564531,0.001503734809110888,0,0,0,1.0
40,100,1.0,1.0,f100,202609118,5000,0.9959722801996999,0.9979681047467569,0.9980001135298266,0.9980001135298268,0.9980001135298268,nan,1.0,1.0,0.005876543838165877,0.010445365657024025,0.005982353436225632,0.0009088816240929297,0,0,0,1.0
40,100,1.0,1.0,f100,202609118,10000,0.9969308933748314,0.9986501254195387,0.9982784443605537,0.9982784443605537,0.9982784443605537,nan,1.0,1.0,0.004081307074329609,0.007285685390278842,0.004133617731670128,0.0005576996043499421,0,0,0,1.0
40,100,1.0,1.0,f100,202609119,0,0.0004417572250133875,0.0050249838335183405,-0.005722818428751,-0.005722818428751002,-0.005722818428751002,nan,-0.0018461538461538468,1.0,1.0,1.0,1.0,1.0,0,0,0,1.0
40,100,1.0,1.0,f100,202609119,125,0.9567983732439489,0.9773149791842699,0.9790066204044786,0.9790066204044786,0.9790066204044786,nan,0.9891538461538463,1.0000000000000004,0.054074409530105026,0.07480090519026132,0.046146754948112045,0.013938971494669624,0,0,0,1.0
40,100,1.0,1.0,f100,202609119,500,0.9839610012414379,0.9914890832438084,0.9924072260049075,0.9924072260049075,0.9924072260049075,nan,1.0,1.0000000000000002,0.022311745902337886,0.03514085786897924,0.019120374330915294,0.0048590336757238,0,0,0,1.0
40,100,1.0,1.0,f100,202609119,1000,0.9891622631716648,0.9945745559500042,0.9945581404680985,0.9945581404680985,0.9945581404680985,nan,1.0,1.0,0.014735856550033264,0.024363053345716118,0.013202181638452734,0.0029038391419380456,0,0,0,1.0
40,100,1.0,1.0,f100,202609119,2500,0.9930063493945871,0.9969320594114953,0.9960621911518548,0.9960621911518548,0.9960621911518548,nan,1.0,1.0000000000000004,0.008716309741900631,0.015083493547065589,0.008157147629228595,0.0014869913609365242,0,0,0,1.0
40,100,1.0,1.0,f100,202609119,5000,0.9946380358031258,0.9979793935712924,0.9966518666542618,0.9966518666542618,0.9966518666542618,nan,1.0,1.0000000000000004,0.0059643621256226485,0.01051366359194295,0.005570993099522544,0.0008951952000082158,0,0,0,1.0
40,100,1.0,1.0,f100,202609119,10000,0.995653905824841,0.9986577173707087,0.9969921445865297,0.9969921445865295,0.9969921445865295,nan,1.0,1.0000000000000004,0.004148447109015659,0.0073338279966684294,0.003847579074463471,0.0005368328210849701,0,0,0,1.0
40,100,1.0,1.0,f100,202609120,0,-0.00024413095881927713,-0.006177618626865025,0.0016458237252951317,0.0016458237252951272,0.0016458237252951272,nan,-0.006128205128205128,1.0,1.0,1.0,1.0,1.0,0,0,0,1.0
40,100,1.0,1.0,f100,202609120,125,0.960554234278209,0.9770067186979167,0.9831595924183981,0.9831595924183979,0.9831595924183979,nan,0.9961538461538462,0.9999999999999998,0.05178459187599516,0.07435844553920483,0.04698355272442306,0.015139061629148035,0,0,0,1.0
40,100,1.0,1.0,f100,202609120,500,0.9856690372403177,0.99138153865648,0.994237651849407,0.9942376518494073,0.9942376518494073,nan,1.0,0.9999999999999997,0.021184144307007675,0.034879543185443576,0.021462918724307768,0.005192588970621848,0,0,0,1.0
40,100,1.0,1.0,f100,202609120,1000,0.9903085797789741,0.9945078541418714,0.9957774510848233,0.9957774510848233,0.9957774510848233,nan,1.0,0.9999999999999998,0.014000827257868383,0.024171542152252114,0.014562503901383916,0.0030377341850240775,0,0,0,1.0
40,100,1.0,1.0,f100,202609120,2500,0.9937059411768663,0.9968948724134453,0.9968010860418202,0.9968010860418202,0.9968010860418202,nan,1.0,0.9999999999999997,0.008320638601264403,0.01495638973131011,0.009017803990803276,0.001492574224979221,0,0,0,1.0
40,100,1.0,1.0,f100,202609120,5000,0.9951709301668206,0.9979554633461873,0.997209730015001,0.9972097300150012,0.9972097300150012,nan,1.0,0.9999999999999997,0.0057241575317396294,0.010422372938192728,0.006207812085939133,0.0008823823512021135,0,0,0,1.0
40,100,1.0,1.0,f100,202609120,10000,0.9960955755724402,0.998642021520082,0.9974500698196814,0.9974500698196814,0.9974500698196814,nan,1.0,0.9999999999999997,0.004002076282833225,0.007268329475132177,0.004326917073788778,0.0005281950606838009,0,0,0,1.0
40,100,1.0,1.0,f100,202609121,0,0.0005044382235674858,0.007697568844473169,0.006346160380754533,0.006346160380754539,0.006346160380754539,nan,-0.0005384615384615379,1.0,1.0,1.0,1.0,1.0,0,0,0,1.0
40,100,1.0,1.0,f100,202609121,125,0.9566625117206223,0.9773624669245339,0.9788181665868433,0.9788181665868435,0.9788181665868435,nan,0.998,1.0,0.0564022767338773,0.07436910340308028,0.04241853689595693,0.016236529331910953,0,0,0,1.0
40,100,1.0,1.0,f100,202609121,500,0.981883760629528,0.991491404169965,0.9903096009126303,0.9903096009126303,0.9903096009126303,nan,1.0,1.0,0.023721435470249404,0.034984866371520706,0.020253792649564874,0.005872506473744595,0,0,0,1.0
40,100,1.0,1.0,f100,202609121,1000,0.9868718818355963,0.9945719326271779,0.9922577814649575,0.9922577814649575,0.9922577814649575,nan,1.0,1.0,0.015904207060795268,0.024264160418507076,0.014379537428066498,0.0035371181444609355,0,0,0,1.0
40,100,1.0,1.0,f100,202609121,2500,0.9905289978377741,0.996928066984365,0.9935811572440899,0.9935811572440897,0.9935811572440897,nan,1.0,1.0000000000000004,0.009628370881399301,0.015028439692293488,0.008857969582023954,0.001851968422432651,0,0,0,1.0
40,100,1.0,1.0,f100,202609121,5000,0.9921016961125454,0.9979760746330664,0.9941136731970597,0.9941136731970597,0.9941136731970597,nan,1.0,1.0000000000000002,0.006706936051191164,0.010478852078927323,0.0061438043138059605,0.001143540466522936,0,0,0,1.0
40,100,1.0,1.0,f100,202609121,10000,0.9931097479519855,0.9986551308687488,0.9944471266852273,0.9944471266852273,0.9944471266852273,nan,1.0,1.0,0.004736433310854267,0.007311906015047756,0.004261312193296969,0.0007120516063244483,0,0,0,1.0
40,5,0.5,1.0,a_reference,202609110,0,-0.0014877288959757452,0.007612087463459997,0.004544046388728023,-0.02158564307974325,-0.02158564307974325,nan,-0.022564102564102562,0.1697720729366441,1.0,1.0,1.0,1.0,0,0,0,1.0
40,5,0.5,1.0,a_reference,202609110,125,0.35780260460351093,0.9756913113245437,0.3667901787128439,0.9850499339837587,0.9850499339837587,nan,1.0,0.36958882111365066,0.018654015097301656,0.07123362688852052,0.03202722856493241,0.004909563590895711,0,0,0,1.0
40,5,0.5,1.0,a_reference,202609110,500,0.43164039526602477,0.9908457046857034,0.4356468679556252,0.9906415661969861,0.9906415661969861,nan,1.0,0.4371299176208406,0.009262967504493406,0.03345007090583143,0.014695235882340674,0.002210121230420316,0,0,0,1.0
40,5,0.5,1.0,a_reference,202609110,1000,0.46123462922587843,0.9941500452435603,0.46395934345823225,0.9922876998578891,0.9922876998578891,nan,1.0,0.4650029616471948,0.006639666788344883,0.02321675517046618,0.009860216439491106,0.0015178666528444468,0,0,0,1.0
40,5,0.5,1.0,a_reference,202609110,2500,0.4954082414350825,0.9966835976177062,0.49706183715833246,0.9938519255368514,0.9938519255368514,nan,1.0,0.49766054928154285,0.004319928151188982,0.014393684308572963,0.0059254153561316344,0.0009203401166271891,0,0,0,1.0
40,5,0.5,1.0,a_reference,202609110,5000,0.5183084698204508,0.9978129262630971,0.5194475251311528,0.9947409779903528,0.9947409779903528,nan,1.0,0.519778640229761,0.0031373894019379603,0.01004163748490488,0.00405865931416342,0.0006347781250779414,0,0,0,1.0
40,5,0.5,1.0,a_reference,202609110,10000,0.5391224771462971,0.9985458933747716,0.5399093344480905,0.9954534878135172,0.9954534878135172,nan,1.0,0.5400199475546058,0.0022840143815955213,0.007009702622985131,0.0028025903868135068,0.0004373130247974124,0,0,0,1.0
40,5,0.5,1.0,a_reference,202609110,25000,0.5639497332693124,0.9991441342744507,0.5644337442948659,0.9961940933437973,0.9961940933437973,nan,1.0,0.5643068996560915,0.0015059111394178815,0.004359953913309204,0.0017227859541245581,0.00026892534441772865,0,0,0,1.0
40,5,0.5,1.0,a_reference,202609110,50000,0.5809960983506112,0.9994236682575198,0.5813317055742035,0.9966420643618533,0.9966420643618533,nan,1.0,0.581057920692065,0.0010985145979092912,0.003044809424700176,0.001190426692220312,0.00018669988428167628,0,0,0,1.0
40,5,0.5,1.0,a_reference,202609110,100000,0.5967505791864376,0.9996104041177234,0.5969835059844154,0.9970159990274019,0.9970159990274019,nan,1.0,0.5965858597815523,0.000800610585835581,0.002126588145133423,0.0008260809795506562,0.00012975792064285425,0,0,0,1.0
40,5,0.5,1.0,a_reference,202609111,0,-0.0011263693607101851,-0.008967010737212129,-0.0030025298151275847,0.008832584488393753,0.008832584488393753,nan,0.006153846153846154,0.1662559283947304,1.0,1.0,1.0,1.0,0,0,0,1.0
40,5,0.5,1.0,a_reference,202609111,125,0.5152154868369434,0.78841707983196,0.40387908343903883,0.8004105544646808,0.8004105544646808,nan,0.8051282051282052,0.537609737329903,0.018954390802930855,0.06960926809822804,0.019964100039206765,0.004171698604404355,0,0,0,1.0
40,5,0.5,1.0,a_reference,202609111,500,0.6014864181417381,0.7987232298430271,0.470483793198891,0.8024290807374787,0.8024290807374787,nan,0.8051282051282052,0.613267837850322,0.008794537641250846,0.03258653925563021,0.008122745745331216,0.0018543082724190511,0,0,0,1.0
40,5,0.5,1.0,a_reference,202609111,1000,0.6328924442737734,0.8010177649183738,0.4956299999315,0.8029771699444127,0.8029771699444127,nan,0.8051282051282052,0.6418688183001271,0.006096007855237255,0.02258981900915831,0.005532815265669697,0.0012625785787616075,0,0,0,1.0
40,5,0.5,1.0,a_reference,202609111,2500,0.6672222546101425,0.8027909263601744,0.5236348450398806,0.8034653943978791,0.8034653943978791,nan,0.8051282051282052,0.6737640693771257,0.0037742806398965564,0.013992656829221342,0.003330295035125863,0.0007641238677027599,0,0,0,1.0
40,5,0.5,1.0,a_reference,202609111,5000,0.6891373825594589,0.8035828453965471,0.5417654534628953,0.8037315705814908,0.8037315705814908,nan,0.8051282051282052,0.6944362113088893,0.0026308238145094235,0.00975692209320695,0.002270376958015867,0.0005271458744683233,0,0,0,1.0
40,5,0.5,1.0,a_reference,202609111,10000,0.7083499436116252,0.8040986939265458,0.5578032438961422,0.8039384633826294,0.8039384633826294,nan,0.8051282051282052,0.7127387044014061,0.0018367436801603472,0.006808110059892677,0.0015342650024847244,0.00036467188123561346,0,0,0,1.0
40,5,0.5,1.0,a_reference,202609111,25000,0.7304017062312879,0.8045207824965042,0.576349198417463,0.8041480728540252,0.8041480728540252,nan,0.8051282051282052,0.7339300316369015,0.0011428781649415287,0.00423282034549805,0.0009386652098643055,0.0002249787755391908,0,0,0,1.0
40,5,0.5,1.0,a_reference,202609111,50000,0.7450252872138959,0.8047184837665852,0.5887171982419109,0.8042708493371101,0.8042708493371101,nan,0.8051282051282052,0.7480798731873364,0.000798381570465442,0.002955218657415413,0.0006493045106834382,0.0001564485961485208,0,0,0,1.0
40,5,0.5,1.0,a_reference,202609111,100000,0.758181045743242,0.804850831985357,0.5998825232305142,0.8043729178945199,0.8043729178945199,nan,0.8051282051282052,0.760864081369703,0.0005580212199151294,0.0020635918153226033,0.0004479393524590511,0.00010884467234933921,0,0,0,1.0
40,5,0.5,1.0,a_reference,202609112,0,-0.00037346066614553234,0.010991584517368704,0.0021347933022071997,0.002237879401794178,0.002237879401794178,nan,0.001025641025641026,0.15862539992345895,1.0,1.0,1.0,1.0,0,0,0,1.0
40,5,0.5,1.0,a_reference,202609112,125,0.4821843372382159,0.9776227204914556,0.49326754451524246,0.9929100418291003,0.9929100418291003,nan,1.0,0.4987621682532436,0.02443091513893188,0.07191584085323165,0.02525902156211002,0.00681342187763512,0,0,0,1.0
40,5,0.5,1.0,a_reference,202609112,500,0.5497772178361111,0.9914453443123726,0.5545365391306631,0.995511667685444,0.995511667685444,nan,1.0,0.5584886999659497,0.011744587779989739,0.034198960698635254,0.012317027040142283,0.0030491614187667777,0,0,0,1.0
40,5,0.5,1.0,a_reference,202609112,1000,0.5762228296222032,0.9945176006540345,0.5794092533309999,0.9962932271033507,0.9962932271033507,nan,1.0,0.582832280402511,0.008213589692930219,0.023797319576277697,0.00860192960928432,0.0020936577218102228,0,0,0,1.0
40,5,0.5,1.0,a_reference,202609112,2500,0.6062783069677706,0.9968852551340287,0.6081780345561657,0.9970439531232821,0.9970439531232821,nan,1.0,0.6110502828588882,0.005138611927153468,0.014781883748870451,0.005111128529133453,0.0012826794101544069,0,0,0,1.0
40,5,0.5,1.0,a_reference,202609112,5000,0.6261345172666292,0.9979438251080133,0.6274280442191347,0.9974719617072403,0.9974719617072403,nan,1.0,0.6299647793197746,0.003605892280855439,0.010321799989441698,0.0035133232766219563,0.0008858386578732242,0,0,0,1.0
40,5,0.5,1.0,a_reference,202609112,10000,0.6440018846208228,0.9986317928887283,0.6448863940576065,0.9978135217819117,0.9978135217819117,nan,1.0,0.6471406480972893,0.002531284946914839,0.007209382846545148,0.0024138644460882054,0.0006144473670760424,0,0,0,1.0
40,5,0.5,1.0,a_reference,202609112,25000,0.6650884578772778,0.9991939979056361,0.6656261675298331,0.998166466849456,0.998166466849456,nan,1.0,0.6675718879913577,0.001584664392880178,0.004486549651542325,0.0014884292793641697,0.00037916939378220444,0,0,0,1.0
40,5,0.5,1.0,a_reference,202609112,50000,0.6794278371982952,0.9994569571873361,0.679797779868953,0.9983788889512293,0.9983788889512293,nan,1.0,0.6815481332581655,0.0011115652801966674,0.00313411539030762,0.0010281787896191975,0.00026376304739632366,0,0,0,1.0
40,5,0.5,1.0,a_reference,202609112,100000,0.6925818753174197,0.9996327363820819,0.6928368391275778,0.9985557933953038,0.9985557933953038,nan,1.0,0.694418237868874,0.0007794387176064124,0.002189421581882652,0.0007112248214339306,0.00018362586031646968,0,0,0,1.0
40,5,0.5,1.0,a_reference,202609113,0,-0.004217025512642516,0.008264903455092875,0.0036546144741455844,-0.009607135456033603,-0.009607135456033603,nan,-0.004615384615384616,0.16443526111916973,1.0,1.0,1.0,1.0,0,0,0,1.0
40,5,0.5,1.0,a_reference,202609113,125,0.39391061758860385,0.97511354432474,0.40405601574051453,0.986314161070299,0.986314161070299,nan,1.0,0.4091532417470165,0.01959994969706171,0.07046693991292072,0.028860831948384964,0.005567283588785248,0,0,0,1.0
40,5,0.5,1.0,a_reference,202609113,500,0.467559336898403,0.9906296336937273,0.47201188538001326,0.9915851190359598,0.9915851190359598,nan,1.0,0.47525538235016684,0.009364421844667375,0.03318509829394842,0.011225363441908255,0.0025059833016074064,0,0,0,1.0
40,5,0.5,1.0,a_reference,202609113,1000,0.4967118050721483,0.9940112362225739,0.4997221090745419,0.9931029046210464,0.9931029046210464,nan,1.0,0.5023695073165515,0.006549359375700528,0.02304376313033609,0.007652625718421366,0.0017219305946983058,0,0,0,1.0
40,5,0.5,1.0,a_reference,202609113,2500,0.5301341902646703,0.9966045856180947,0.5319495027503818,0.9945546293935241,0.9945546293935241,nan,1.0,0.5339870421867963,0.004099270474479654,0.014289286988491237,0.004696251050045448,0.0010469376851207082,0,0,0,1.0
40,5,0.5,1.0,a_reference,202609113,5000,0.552385453308931,0.99776169781058,0.5536302093933739,0.9953651336544355,0.9953651336544355,nan,1.0,0.5553084713378015,0.0028785389134866634,0.009970398918895566,0.0031729721831395058,0.0007232568507407343,0,0,0,1.0
40,5,0.5,1.0,a_reference,202609113,10000,0.5725222597639813,0.9985121710037147,0.5733787654274585,0.9960034460629457,0.9960034460629457,nan,1.0,0.5747626745292411,0.002020481780502916,0.006960151233140356,0.0021862734151726414,0.0005010046329742443,0,0,0,1.0
40,5,0.5,1.0,a_reference,202609113,25000,0.5964372003236293,0.9991245275446375,0.5969616725540248,0.9966611290939847,0.9966611290939847,nan,1.0,0.5980303063697161,0.0012651274691619497,0.004329145600771133,0.001338053046886066,0.00030887785512378834,0,0,0,1.0
40,5,0.5,1.0,a_reference,202609113,50000,0.6127928884702244,0.9994105755081848,0.6131554613523302,0.9970539951825101,0.9970539951825101,nan,1.0,0.614029077652333,0.0008871809499501528,0.0030232020244313983,0.0009227055620085411,0.00021465964409181644,0,0,0,1.0
40,5,0.5,1.0,a_reference,202609113,100000,0.6278617493734272,0.999601654632194,0.628112692684315,0.9973799877914551,0.9973799877914551,nan,1.0,0.6288209535542858,0.0006219019077620486,0.002111527180272202,0.0006418227061921467,0.00014928393671855098,0,0,0,1.0
40,5,0.5,1.0,a_reference,202609114,0,0.00048051281083645814,0.007064013459859216,-0.003081941018412479,-0.018923930507288203,-0.018923930507288203,nan,-0.0025641025641025632,0.18154940581752302,1.0,1.0,1.0,1.0,0,0,0,1.0
40,5,0.5,1.0,a_reference,202609114,125,0.4115081193535657,0.9756078616519295,0.4218023965822294,0.9905468982518628,0.9905468982518628,nan,1.0,0.42816949093872686,0.019722611462853062,0.07006366765779017,0.029689944897808747,0.004970868972753758,0,0,0,1.0
40,5,0.5,1.0,a_reference,202609114,500,0.4826582606177119,0.9907524869695256,0.48716267025379706,0.9942292231838874,0.9942292231838874,nan,1.0,0.49184846399551096,0.009271087774630437,0.033084014730540345,0.012990599454012647,0.0022302170828922075,0,0,0,1.0
40,5,0.5,1.0,a_reference,202609114,1000,0.5108737698754706,0.9940850808635335,0.5139123336390132,0.9952945023669675,0.9952945023669675,nan,1.0,0.5180193416360683,0.006426805244863483,0.022985774217028913,0.008914194161568589,0.0015154951006332775,0,0,0,1.0
40,5,0.5,1.0,a_reference,202609114,2500,0.543261877464498,0.9966438190629403,0.5450904178715502,0.9963028574727139,0.9963028574727139,nan,1.0,0.548589353894645,0.003979536264067913,0.014256362550033526,0.005378994760902739,0.0009149529356304272,0,0,0,1.0
40,5,0.5,1.0,a_reference,202609114,5000,0.5648397537903654,0.9977863785623322,0.5660922478059508,0.9968604706157592,0.9968604706157592,nan,1.0,0.569219036750996,0.002773679837737547,0.009947505091128225,0.0036875984103794716,0.0006273885678912977,0,0,0,1.0
40,5,0.5,1.0,a_reference,202609114,10000,0.5843748800626171,0.9985280228845483,0.5852358687769625,0.9973005479133719,0.9973005479133719,nan,1.0,0.5880468972876672,0.0019350330322064758,0.006944015526126278,0.0025411721272650904,0.0004337314626837017,0,0,0,1.0
40,5,0.5,1.0,a_reference,202609114,25000,0.6075879013115647,0.9991335895643103,0.6081144786881334,0.9977482149009479,0.9977482149009479,nan,1.0,0.6105772072802262,0.0012029882089916997,0.004319149868882868,0.0015654438640546977,0.0002666436233788975,0,0,0,1.0
40,5,0.5,1.0,a_reference,202609114,50000,0.6234668625045936,0.9994165520499517,0.6238306218182299,0.9980172262183462,0.9980172262183462,nan,1.0,0.6260692791436494,0.0008401486722129942,0.0030161642869612417,0.001083429897285513,0.00018505856757937135,0,0,0,1.0
40,5,0.5,1.0,a_reference,202609114,100000,0.6381002516805451,0.999605601513743,0.6383518642362428,0.9982394003481595,0.9982394003481595,nan,1.0,0.6403948610761916,0.000586935097651977,0.0021065006294318676,0.0007525128855695134,0.00012839756218498754,0,0,0,1.0
40,5,0.5,1.0,a_reference,202609115,0,0.002030267786546897,-0.00907501001303264,-2.3746836899525452e-05,-0.009914376016065362,-0.009914376016065362,nan,-0.015897435897435898,0.18145139980475206,1.0,1.0,1.0,1.0,0,0,0,1.0
40,5,0.5,1.0,a_reference,202609115,125,0.4593981156470721,0.8778850508840638,0.4153054032679648,0.8912323171824865,0.8912323171824865,nan,0.9,0.4809119454189439,0.019579259735504156,0.06880359147204598,0.024311974385120626,0.0058669473323814956,0,0,0,1.0
40,5,0.5,1.0,a_reference,202609115,500,0.5358092647160289,0.8915823710915127,0.4787089857769869,0.8946385033980744,0.8946385033980744,nan,0.9,0.5476403321825961,0.00924125441361823,0.03229627017984364,0.010426995623095653,0.002582165997792577,0,0,0,1.0
40,5,0.5,1.0,a_reference,202609115,1000,0.5651139810015187,0.8946100583828315,0.5039499558672295,0.8956214775312225,0.8956214775312225,nan,0.9,0.5743106047321,0.006433984173404133,0.02240309235293207,0.006941587712547984,0.0017467879153696317,0,0,0,1.0
40,5,0.5,1.0,a_reference,202609115,2500,0.5982555146453794,0.8969410666336748,0.5330340545265163,0.8965352451349219,0.8965352451349219,nan,0.9,0.6051175619334125,0.004002512612264598,0.013879621412376735,0.004190252963495388,0.0010595354261977137,0,0,0,1.0
40,5,0.5,1.0,a_reference,202609115,5000,0.6200254990903435,0.8979821534004128,0.5524000854589748,0.8970303310058027,0.8970303310058027,nan,0.9,0.6256824168510071,0.002797354178054254,0.009678692067403174,0.0028631418976351446,0.0007279988732056446,0,0,0,1.0
40,5,0.5,1.0,a_reference,202609115,10000,0.6395029432872065,0.8986584189625765,0.569869438338438,0.8974275125747015,0.8974275125747015,nan,0.9,0.6442559436655293,0.0019581380699720064,0.006753511290691245,0.0019528840927905947,0.0005033211759978539,0,0,0,1.0
40,5,0.5,1.0,a_reference,202609115,25000,0.6624388194564749,0.8992104503574083,0.5905921645447956,0.8978423467130044,0.8978423467130044,nan,0.9,0.6663128928670389,0.0012220253314411884,0.0041987348424440156,0.0011924840016270507,0.00030987630271079615,0,0,0,1.0
40,5,0.5,1.0,a_reference,202609115,50000,0.677995863908105,0.8994683363125039,0.604723771483559,0.8980907481958016,0.8980907481958016,nan,0.9,0.6813726953839967,0.0008553325687808342,0.0029313538303561413,0.0008266082620995113,0.00021537710505660786,0,0,0,1.0
40,5,0.5,1.0,a_reference,202609115,100000,0.6922242014985511,0.8996406365805887,0.617691520863553,0.898298581731589,0.898298581731589,nan,0.9,0.6952037159896486,0.0005990455515959413,0.002046886841844397,0.0005724953999314944,0.00015000593163378432,0,0,0,1.0
40,5,0.5,1.0,a_reference,202609116,0,-0.0009080371206141492,-0.0027543828459559356,0.015033462811259366,0.016881176797745402,0.016881176797745402,nan,0.012307692307692308,0.16662704556947266,1.0,1.0,1.0,1.0,0,0,0,1.0
40,5,0.5,1.0,a_reference,202609116,125,0.30142450650937025,0.6196148208821648,0.1977579970651462,0.6244329489452703,0.6244329489452703,nan,0.6307692307692307,0.32636600755846057,0.01859131094663464,0.0704906914444852,0.021969118594225318,0.002238883358161738,0,0,0,1.0
40,5,0.5,1.0,a_reference,202609116,500,0.40185108399814845,0.6257147141018676,0.25279531108452447,0.6252955561561151,0.6252955561561151,nan,0.6307692307692307,0.4148835376056549,0.00868529431410191,0.03143882593316734,0.00859569436763096,0.0008039027402021099,0,0,0,1.0
40,5,0.5,1.0,a_reference,202609116,1000,0.4389648427014045,0.627489521047092,0.27480470584292194,0.6260642102450085,0.6260642102450085,nan,0.6307692307692307,0.4488809075517768,0.0060605687027932495,0.021628168437077017,0.005734402314134994,0.000520801141332866,0,0,0,1.0
40,5,0.5,1.0,a_reference,202609116,2500,0.4807029819714878,0.6288915695639009,0.3002462533684541,0.6269661747854519,0.6269661747854519,nan,0.6307692307692307,0.48778036421633575,0.0038030081969802564,0.013322805750473569,0.003392134329029625,0.00030458206872630526,0,0,0,1.0
40,5,0.5,1.0,a_reference,202609116,5000,0.5080875272012112,0.6295253029160691,0.3172585708210783,0.6274751425445619,0.6274751425445619,nan,0.6307692307692307,0.5136931069749668,0.0026659847027454497,0.009268714662229336,0.002296733883130905,0.0002054222425313257,0,0,0,1.0
40,5,0.5,1.0,a_reference,202609116,10000,0.532653531752162,0.6299394933679019,0.3326994382145061,0.6279231101508068,0.6279231101508068,nan,0.6307692307692307,0.5371282700779568,0.0018721745343123254,0.006458347858644955,0.0015614866094191804,0.00013996960195618023,0,0,0,1.0
40,5,0.5,1.0,a_reference,202609116,25000,0.5614799107791894,0.6302798881625679,0.35100328585699914,0.6283922198508488,0.6283922198508488,nan,0.6307692307692307,0.5648574171022982,0.0011722415883909363,0.004010669044423628,0.0009485238168585319,8.510340267294454e-05,0,0,0,1.0
40,5,0.5,1.0,a_reference,202609116,50000,0.5809967924460782,0.6304392983945529,0.3634808044246817,0.6286841528877055,0.6286841528877055,nan,0.6307692307692307,0.5837471034834728,0.0008215837012839807,0.0027985658699564045,0.0006516465148810634,5.865618839597828e-05,0,0,0,1.0
40,5,0.5,1.0,a_reference,202609116,100000,0.5988263471325856,0.6305460016447957,0.3749284185765633,0.6289243979541089,0.6289243979541089,nan,0.6307692307692307,0.6010810332406391,0.0005755959112933947,0.001953444429103684,0.0004499013849500202,4.0520212179298306e-05,0,0,0,1.0
40,5,0.5,1.0,a_reference,202609117,0,-0.0023253952378594926,-0.008133294849679451,0.00044640440841913024,0.020626690560808833,0.020626690560808833,nan,0.013846153846153847,0.17190108003551702,1.0,1.0,1.0,1.0,0,0,0,1.0
40,5,0.5,1.0,a_reference,202609117,125,0.4497747049292128,0.8791526778114084,0.41143134577911167,0.891925058975065,0.891925058975065,nan,0.9,0.4710008646634217,0.019870387909097387,0.0704845656776937,0.029724522430227995,0.006267204567980728,0,0,0,1.0
40,5,0.5,1.0,a_reference,202609117,500,0.5237725657968721,0.8920356987737078,0.4730946840328315,0.8949829902037435,0.8949829902037435,nan,0.9,0.5362540863635068,0.009476330072416694,0.03323624890494291,0.014192894246088389,0.0027923425673910965,0,0,0,1.0
40,5,0.5,1.0,a_reference,202609117,1000,0.5525525726234065,0.8948980928718245,0.49791090241456837,0.8958423262623391,0.8958423262623391,nan,0.9,0.5626326544162492,0.0066199764720870375,0.02307670629620826,0.009812904840341674,0.0019147297825449483,0,0,0,1.0
40,5,0.5,1.0,a_reference,202609117,2500,0.5853788893278672,0.8971022818920996,0.5266908183217232,0.8966786947791178,0.8966786947791178,nan,0.9,0.5932922538392674,0.004133483778614768,0.01431118584168444,0.005920677251641963,0.001167777677173,0,0,0,1.0
40,5,0.5,1.0,a_reference,202609117,5000,0.6070859538507312,0.8980875964752753,0.5459446132709331,0.8971543050486027,0.8971543050486027,nan,0.9,0.6138429233871919,0.0029003891430919248,0.009985407374893314,0.004013972463460909,0.000805365746431256,0,0,0,1.0
40,5,0.5,1.0,a_reference,202609117,10000,0.626592657508988,0.8987277287007469,0.5633681849883234,0.8975333749178857,0.8975333749178857,nan,0.9,0.6324742029981083,0.0020348948498381926,0.006970492706974212,0.002774689818494687,0.0005594142984867662,0,0,0,1.0
40,5,0.5,1.0,a_reference,202609117,25000,0.6496237070005727,0.8992507783589693,0.5840626697823208,0.8979192511500065,0.8979192511500065,nan,0.9,0.6546426462606252,0.0012731102807739022,0.004335513447467867,0.0017009911436249026,0.00034476988974400035,0,0,0,1.0
40,5,0.5,1.0,a_reference,202609117,50000,0.665302089558881,0.8994952758429658,0.5982116187265375,0.8981552711586774,0.8981552711586774,nan,0.9,0.6698191810308793,0.0008928785103076781,0.003027550597308042,0.0011794738339307308,0.00023960438946777428,0,0,0,1.0
40,5,0.5,1.0,a_reference,202609117,100000,0.6796830795238807,0.8996587081216949,0.6112230748728378,0.8983514623989982,0.8983514623989982,nan,0.9,0.6837922384607701,0.0006260740340887509,0.0021144428589628026,0.000817638531182889,0.00016681894512361793,0,0,0,1.0
40,5,0.5,1.0,a_reference,202609118,0,-0.0015537416273332003,-0.001536714536824825,-0.008324671706188289,-0.014261535224861255,-0.014261535224861255,nan,-0.010769230769230769,0.16064292746429581,1.0,1.0,1.0,1.0,0,0,0,1.0
40,5,0.5,1.0,a_reference,202609118,125,0.38263753697996916,0.9738708401207876,0.3929798764074071,0.9863392519547082,0.9863392519547082,nan,1.0,0.4060795533097738,0.014556321144751755,0.07020902759258275,0.023706349376846434,0.004661719630817088,0,0,0,1.0
40,5,0.5,1.0,a_reference,202609118,500,0.46565671391219776,0.9902855314721338,0.4702519742498839,0.9921808376515864,0.9921808376515864,nan,1.0,0.4804384862466227,0.006704803486896245,0.03281787014457868,0.009523908358156788,0.002086187909517592,0,0,0,1.0
40,5,0.5,1.0,a_reference,202609118,1000,0.4978616674014144,0.9938051655260849,0.5009818992888724,0.9937293477998754,0.9937293477998754,nan,1.0,0.5101872984036115,0.004621158753212066,0.022751281685079196,0.006299639718938296,0.001406076108250976,0,0,0,1.0
40,5,0.5,1.0,a_reference,202609118,2500,0.5343759780127902,0.996494239947735,0.5362649349900726,0.9951551348358122,0.9951551348358122,nan,1.0,0.5444265485271153,0.0028451415944938294,0.014092884568246263,0.003756075230114001,0.0008498160896917826,0,0,0,1.0
40,5,0.5,1.0,a_reference,202609118,5000,0.5584359425687656,0.9976908129911055,0.5597340939797725,0.9959272996874428,0.9959272996874428,nan,1.0,0.5672525500570951,0.0019764942117056596,0.009828148723485,0.002590699552387703,0.0005851753274761935,0,0,0,1.0
40,5,0.5,1.0,a_reference,202609118,10000,0.5800389754784279,0.998465913913874,0.5809337216616074,0.9965260763142314,0.9965260763142314,nan,1.0,0.5879001212357676,0.0013752397411515424,0.006858130353070551,0.0017682849506383803,0.0004032268616271139,0,0,0,1.0
40,5,0.5,1.0,a_reference,202609118,25000,0.6054794964004112,0.9990978835489441,0.6060281463966489,0.997134031449095,0.997134031449095,nan,1.0,0.6123733784059093,0.000853010548774353,0.0042643333479552206,0.001075525245620737,0.0002474038216332445,0,0,0,1.0
40,5,0.5,1.0,a_reference,202609118,50000,0.6227403005935319,0.9993928442843503,0.6231198799461459,0.9974930565516676,0.9974930565516676,nan,1.0,0.6290607208524833,0.000594833789942941,0.0029773999593066154,0.000745665325862452,0.00017139341531669018,0,0,0,1.0
40,5,0.5,1.0,a_reference,202609118,100000,0.6385456644790035,0.9995897862310898,0.6388085170465931,0.9977877752895451,0.9977877752895451,nan,1.0,0.644391175517706,0.000415073604461527,0.0020792360019790328,0.0005142611308580004,0.00011894446679532397,0,0,0,1.0
40,5,0.5,1.0,a_reference,202609119,0,0.00044175722501338773,0.0050249838335183405,-0.005722818428751001,-0.011191023838449313,-0.011191023838449313,nan,-0.01282051282051282,0.1824331038941749,1.0,1.0,1.0,1.0,0,0,0,1.0
40,5,0.5,1.0,a_reference,202609119,125,0.4011189799213152,0.6997008496602811,0.28493786083817035,0.7025955769574909,0.7025955769574909,nan,0.7153846153846154,0.43027830135131684,0.027041113611651568,0.06818772914743403,0.02415727935398156,0.003916059422712719,0,0,0,1.0
40,5,0.5,1.0,a_reference,202609119,500,0.4744933077140614,0.7092678715828733,0.33331878797109415,0.7071482891057156,0.7071482891057156,nan,0.7153846153846154,0.49350503002650664,0.013218547350761629,0.03197572499564558,0.01087642520890895,0.0016848334697964719,0,0,0,1.0
40,5,0.5,1.0,a_reference,202609119,1000,0.5033506911940384,0.7114524424573023,0.35324347001520956,0.7085686941701308,0.7085686941701308,nan,0.7153846153846154,0.5193919138519714,0.009341061017814676,0.022176013647247125,0.0072227299794620815,0.00113077574343402,0,0,0,1.0
40,5,0.5,1.0,a_reference,202609119,2500,0.5365148026920097,0.7131439539698523,0.3766218846261374,0.7099314069636808,0.7099314069636808,nan,0.7153846153846154,0.5497566485392443,0.005901438344590396,0.013737361190214705,0.004403851163605382,0.0006803094916748892,0,0,0,1.0
40,5,0.5,1.0,a_reference,202609119,5000,0.5586225708170061,0.7139038760743767,0.3924458056382267,0.7107112217473429,0.7107112217473429,nan,0.7153846153846154,0.5703065540563026,0.004172137524395915,0.009578074502997394,0.003034721830648794,0.00046664867409049675,0,0,0,1.0
40,5,0.5,1.0,a_reference,202609119,10000,0.5786404809301051,0.7143988656891487,0.4069067373993385,0.7113462168387515,0.7113462168387515,nan,0.7153846153846154,0.5890934663714298,0.002947508731701689,0.006682609908930115,0.0020745260591945977,0.0003218341992166819,0,0,0,1.0
40,5,0.5,1.0,a_reference,202609119,25000,0.6024532825029374,0.7148038574751411,0.42425077082063833,0.7120038562995543,0.7120038562995543,nan,0.7153846153846154,0.6116347803739312,0.0018561586120410777,0.004154116170403964,0.0012706749921028607,0.0001976133049178624,0,0,0,1.0
40,5,0.5,1.0,a_reference,202609119,50000,0.6187369170030335,0.7149932578626135,0.43617551173760505,0.7124048178982851,0.7124048178982851,nan,0.7153846153846154,0.6271498424671549,0.0013062385466208254,0.0028999611890552146,0.0008771070192349474,0.00013687149893093416,0,0,0,1.0
40,5,0.5,1.0,a_reference,202609119,100000,0.6337509382951334,0.715119912550407,0.4472110652574833,0.7127375658391732,0.7127375658391732,nan,0.7153846153846154,0.6415193660288134,0.0009176086820747631,0.0020248223236225714,0.0006076070178283309,9.501242534287924e-05,0,0,0,1.0
40,5,0.5,1.0,a_reference,202609120,0,-0.00024413095881927735,-0.006177618626865025,0.0016458237252951313,0.00022142204850319138,0.00022142204850319138,nan,-0.02153846153846154,0.15787260943524437,1.0,1.0,1.0,1.0,0,0,0,1.0
40,5,0.5,1.0,a_reference,202609120,125,0.4760253222515705,0.9767841340377608,0.48735648331182213,0.991437423444645,0.991437423444645,nan,1.0,0.49379934867609376,0.021114372962635044,0.07069945310295686,0.036764436334845864,0.007674296315534839,0,0,0,1.0
40,5,0.5,1.0,a_reference,202609120,500,0.5455088460846693,0.9911461744372752,0.5503881696940301,0.9946663586228341,0.9946663586228341,nan,1.0,0.5551138889616277,0.010066601005255412,0.03351527337916188,0.015355659419885613,0.003499136315343957,0,0,0,1.0
40,5,0.5,1.0,a_reference,202609120,1000,0.5725809932407384,0.9943285085716601,0.5758505425808064,0.9956217813580955,0.9956217813580955,nan,1.0,0.5799836591827702,0.007032539829104192,0.023302481975691153,0.0103997484686199,0.0023911805062654876,0,0,0,1.0
40,5,0.5,1.0,a_reference,202609120,2500,0.6032778827776799,0.9967787503749506,0.605229526370722,0.9965398780606057,0.9965398780606057,nan,1.0,0.6087390355594424,0.004399491266922769,0.014462106137257914,0.006187728828452389,0.001455238639094783,0,0,0,1.0
40,5,0.5,1.0,a_reference,202609120,5000,0.6235171988171818,0.9978741834911028,0.6248467448086776,0.99705028607288,0.99705028607288,nan,1.0,0.6279804718979174,0.0030877669521799664,0.010094280125989091,0.004251232083438807,0.001005167397069523,0,0,0,1.0
40,5,0.5,1.0,a_reference,202609120,10000,0.6416988995731496,0.998585750512891,0.6426084700070117,0.9974554164026039,0.9974554164026039,nan,1.0,0.6454244168890748,0.0021689416337706234,0.007047996880799905,0.002943783500011422,0.0006950292857685256,0,0,0,1.0
40,5,0.5,1.0,a_reference,202609120,25000,0.6631285172907472,0.9991671129667908,0.6636816930406744,0.9978744237304735,0.9978744237304735,nan,1.0,0.666147558771884,0.001359375525511596,0.004384563505659843,0.0018057544314202287,0.0004294803887229363,0,0,0,1.0
40,5,0.5,1.0,a_reference,202609120,50000,0.6776811848711637,0.9994389228911537,0.6780618837597426,0.9981245503015048,0.9981245503015048,nan,1.0,0.6803055533759758,0.0009543223731763109,0.0030621493993296775,0.0012547523544143852,0.0002986967171848287,0,0,0,1.0
40,5,0.5,1.0,a_reference,202609120,100000,0.6910182914143633,0.9996206059939474,0.6912807187369827,0.9983321179725233,0.9983321179725233,nan,1.0,0.6933315318810014,0.000669670867113881,0.002138782609886347,0.0008711121611236054,0.00020786542667436167,0,0,0,1.0
40,5,0.5,1.0,a_reference,202609121,0,0.0005044382235674859,0.007697568844473169,0.006346160380754531,0.014068169453353888,0.014068169453353888,nan,0.022564102564102566,0.18778184264746323,1.0,1.0,1.0,1.0,0,0,0,1.0
40,5,0.5,1.0,a_reference,202609121,125,0.3900720344550224,0.9742744800223636,0.40035134372039227,0.9851855797656962,0.9851855797656962,nan,1.0,0.4067219845894695,0.02120979393325629,0.06903980194228813,0.026479644839120357,0.0049382257214917475,0,0,0,1.0
40,5,0.5,1.0,a_reference,202609121,500,0.46418536625740914,0.9903177552718883,0.4687182967000122,0.9909021226248119,0.9909021226248119,nan,1.0,0.473187754722513,0.01015109668710501,0.03241314564967378,0.011511389515398167,0.0021470499501328737,0,0,0,1.0
40,5,0.5,1.0,a_reference,202609121,1000,0.4934684913093307,0.9938139974381492,0.49653716294300115,0.9925729353727822,0.9925729353727822,nan,1.0,0.5003509019424597,0.0070937345716769904,0.022485528259889403,0.007566688480522342,0.0014582653328534618,0,0,0,1.0
40,5,0.5,1.0,a_reference,202609121,2500,0.527071058376313,0.9964936547312278,0.5289242346143798,0.9941505739373631,0.9941505739373631,nan,1.0,0.5320581644548599,0.00443319202519036,0.013930300675862855,0.004616471870275519,0.0008819907054618861,0,0,0,1.0
40,5,0.5,1.0,a_reference,202609121,5000,0.5494463516283354,0.9976887184545314,0.5507182726665708,0.9950262199311075,0.9950262199311075,nan,1.0,0.5534436319663056,0.0031091142909852043,0.009714501108256699,0.003162766481492665,0.0006080796569716107,0,0,0,1.0
40,5,0.5,1.0,a_reference,202609121,10000,0.5696918036562404,0.9984641515318208,0.5705674927531756,0.9957177535268223,0.9957177535268223,nan,1.0,0.5729492148816533,0.0021802575512978955,0.00677918082882554,0.0021703580138388153,0.0004193581883194428,0,0,0,1.0
40,5,0.5,1.0,a_reference,202609121,25000,0.5937440051067415,0.9990965009180784,0.5942805742325239,0.9964335571092056,0.9964335571092056,nan,1.0,0.5962842893641095,0.0013634138597013773,0.0042147925991762765,0.0013310557981038328,0.0002567821077914834,0,0,0,1.0
40,5,0.5,1.0,a_reference,202609121,50000,0.6101919238118821,0.9993918007045496,0.6105630247262551,0.9968590602396148,0.9968590602396148,nan,1.0,0.6123294245785836,0.0009554386937630063,0.0029426685304906664,0.0009231621345747956,0.00017768410359346828,0,0,0,1.0
40,5,0.5,1.0,a_reference,202609121,100000,0.6253495219514724,0.9995890029824537,0.6256064821047689,0.9972110797924462,0.9972110797924462,nan,1.0,0.6271677235944862,0.0006694221135948666,0.002054808540996451,0.0006393020026125273,0.00012325638784100126,0,0,0,1.0
40,5,1.0,0.5,b_reference,202609110,0,-0.0014877288959757452,0.007612087463459997,0.004544046388728023,-0.02158564307974325,-0.03205614738180474,-0.017530792888107303,-0.022564102564102562,0.1697720729366441,1.0,1.0,1.0,1.0,0,0,0,0.55
40,5,1.0,0.5,b_reference,202609110,125,0.144297431247562,0.5551139184116813,0.02058002380531956,0.34154847534817456,0.995077832538883,-0.045027284597833464,0.3435897435897436,0.24728997213693732,0.014661764313731788,0.07034133227790694,0.02484157428283314,0.0023851069594664864,0,0,0,0.55
40,5,1.0,0.5,b_reference,202609110,500,0.1612407952944119,0.5638544134953145,0.02055639989409936,0.34268323786750704,0.9989201561815308,-0.04532068450612784,0.3435897435897436,0.27171283235150434,0.006848066310718088,0.03313534533792235,0.011488288558240025,0.0005914392318427988,0,0,0,0.55
40,5,1.0,0.5,b_reference,202609110,1000,0.16728437156735926,0.5658000470828932,0.020469528557528708,0.3428639523685317,0.9993609635166792,-0.04539965279974881,0.3435897435897436,0.2813886671453398,0.004852113900710593,0.022993768795882625,0.00768490108445081,0.0002937070770146562,0,0,0,0.55
40,5,1.0,0.5,b_reference,202609110,2500,0.17393771935350766,0.5672886601002943,0.020333805320796865,0.34302833530181376,0.9997233732005505,-0.04547828266092583,0.3435897435897436,0.2925698631913055,0.003147234821246833,0.01424793670644969,0.004603314282367932,0.00011797042020058758,0,0,0,0.55
40,5,1.0,0.5,b_reference,202609110,5000,0.17822214023664115,0.5679513332587093,0.02020956335283631,0.34311526678160587,0.999867916232425,-0.04552058149228715,0.3435897435897436,0.3000722774902809,0.002292072252102261,0.009935122451455603,0.0031673504511502645,5.8866303617163876e-05,0,0,0,0.55
40,5,1.0,0.5,b_reference,202609110,10000,0.1820507045908078,0.5683806797464157,0.020091285927783323,0.3431831313062293,0.9999292966975232,-0.04555327456724604,0.3435897435897436,0.3069332015706422,0.0016762013330240372,0.006932070919156472,0.002197574935412055,2.9426808339735885e-05,0,0,0,0.55
40,5,1.0,0.5,b_reference,202609110,25000,0.18650580335474234,0.5687309256217132,0.01992091707297118,0.34324635957703653,0.9999732672349306,-0.045585899040336095,0.3435897435897436,0.3151241901516869,0.001113983196017711,0.004309211205653804,0.0013472567939295215,1.1781393565862222e-05,0,0,0,0.55
40,5,1.0,0.5,b_reference,202609110,50000,0.18952166464503378,0.5688943746137928,0.01979441493400329,0.34328285827858057,0.9999885557076309,-0.045605055102838056,0.3435897435897436,0.3207714178430575,0.0008177913755389587,0.0030081080169433,0.000930174083783092,5.889433167800492e-06,0,0,0,0.55
40,5,1.0,0.5,b_reference,202609110,100000,0.19229084132573543,0.5690034622169352,0.019674188024147377,0.34331115690462155,0.9999934720285625,-0.04562105905928666,0.3435897435897436,0.3260099690745484,0.0005995740614076736,0.002100190323483396,0.0006439815359138957,2.9425321095877935e-06,0,0,0,0.55
40,5,1.0,0.5,b_reference,202609111,0,-0.0011263693607101851,-0.008967010737212129,-0.0030025298151275847,0.008832584488393753,0.05678896422851007,0.012341438664295008,0.006153846153846154,0.1662559283947304,1.0,1.0,1.0,1.0,0,0,0,0.525
40,5,1.0,0.5,b_reference,202609111,125,0.18641667066514378,0.5155258036803216,0.005488637674142156,0.28373201581526636,0.9976233518496485,-0.05215774345030876,0.2846153846153846,0.32839097557686936,0.012150876048411427,0.06956776387876969,0.02079982236816025,0.001991550996738321,0,0,0,0.525
40,5,1.0,0.5,b_reference,202609111,500,0.20653240963029637,0.5225224092541186,0.005414006941685683,0.28437697053304406,0.9992780373709551,-0.052333673650769,0.2846153846153846,0.35508126706507365,0.005006038747761151,0.0326103095220846,0.009267430042183377,0.0004900657507374274,0,0,0,0.525
40,5,1.0,0.5,b_reference,202609111,1000,0.21332182856866955,0.5241037222858006,0.0054032988122563515,0.28451628702340964,0.9996654908475315,-0.05238618150168792,0.2846153846153846,0.3650165591360634,0.0033423824901304376,0.02260855083469835,0.006264021581861549,0.00024399953363175484,0,0,0,0.525
40,5,1.0,0.5,b_reference,202609111,2500,0.2203008306111343,0.5253256973239003,0.005302203882834893,0.2845948060237894,0.99988700180328,-0.05243632126427258,0.2846153846153846,0.3759182023289004,0.002001077002809409,0.01400079220243451,0.003774282043494415,9.781395288989539e-05,0,0,0,0.525
40,5,1.0,0.5,b_reference,202609111,5000,0.224613083067529,0.5258690421439537,0.005215157537913649,0.2846110775670275,0.9999482453797628,-0.05246446182836237,0.2846153846153846,0.3829640966198299,0.0013713908694296816,0.009759467802491843,0.0025642790458874376,4.886359452925185e-05,0,0,0,0.525
40,5,1.0,0.5,b_reference,202609111,10000,0.22829755892052989,0.5262219577838008,0.005112966727370829,0.2846163621661111,0.9999694231481607,-0.05248712321981722,0.2846153846153846,0.3891920426366947,0.0009450427630966844,0.006807911784129558,0.0017726551388083218,2.446866987837518e-05,0,0,0,0.525
40,5,1.0,0.5,b_reference,202609111,25000,0.23262921118487054,0.5265100545871514,0.005050605825686451,0.2846236214317636,0.9999831006571669,-0.05250987598093394,0.2846153846153846,0.3965506175351578,0.0005811552954124979,0.004231244661246232,0.0010828569677520056,9.770823307806566e-06,0,0,0,0.525
40,5,1.0,0.5,b_reference,202609111,50000,0.23548127585659717,0.5266447482926205,0.005001420901193315,0.28462509316581985,0.9999923772484939,-0.05252377088086315,0.2846153846153846,0.4014863551362581,0.0004036042727188811,0.0029534272749572434,0.0007441197682553605,4.896128891929827e-06,0,0,0,0.525
40,5,1.0,0.5,b_reference,202609111,100000,0.23800854467174917,0.5267347547606916,0.004940345846407033,0.2846256964079039,0.9999961396702496,-0.05253543656920149,0.2846153846153846,0.40595474964554706,0.0002808646029870355,0.0020619319570839663,0.0005152281815740559,2.448069501828518e-06,0,0,0,0.525
40,5,1.0,0.5,b_reference,202609112,0,-0.00037346066614553234,0.010991584517368704,0.0021347933022071997,0.002237879401794178,-0.011367593532446246,-0.010058606818985863,0.001025641025641026,0.15862539992345895,1.0,1.0,1.0,1.0,0,0,0,0.55
40,5,1.0,0.5,b_reference,202609112,125,0.19322540576565542,0.5902041132329877,0.04487206874550072,0.405867029829879,0.9980175286866488,-0.007151028883177236,0.4076923076923077,0.3061209585119182,0.012503838100718298,0.07135930399632635,0.026862913802591083,0.002299324152305289,0,0,0,0.55
40,5,1.0,0.5,b_reference,202609112,500,0.20964220111594054,0.5994528334588249,0.04519929754282944,0.40673713634817715,0.9993212423902897,-0.006925846684896572,0.4076923076923077,0.3289094830254018,0.005206440394181522,0.03368580913449219,0.0104785330457647,0.0005701721449073353,0,0,0,0.55
40,5,1.0,0.5,b_reference,202609112,1000,0.21557190935420012,0.6014981293809049,0.045444804873712,0.40697447257291347,0.9996616614098591,-0.006858451693719561,0.4076923076923077,0.33795484426417827,0.0034798929039298854,0.023393235334856655,0.006981097314991769,0.0002825768154559428,0,0,0,0.55
40,5,1.0,0.5,b_reference,202609112,2500,0.22167053824682897,0.6030743692034306,0.04554574010137799,0.40719246592454333,0.9998886061799284,-0.0067948698694925355,0.4076923076923077,0.34801583122971824,0.00208576399224623,0.014502584293453693,0.004262002767997193,0.00011335879802820681,0,0,0,0.55
40,5,1.0,0.5,b_reference,202609112,5000,0.22541932608923992,0.60377621802505,0.045532275415429285,0.4072730867112899,0.9999360975542858,-0.006758238184967051,0.4076923076923077,0.3546058867416482,0.0014316135967219683,0.010114699305978634,0.002883009990768838,5.681537244398494e-05,0,0,0,0.55
40,5,1.0,0.5,b_reference,202609112,10000,0.22880808712863845,0.6042301795360967,0.045572752654023274,0.4073329076205954,0.99996262063734,-0.006728802228861475,0.4076923076923077,0.36061879987912937,0.0009880890540081555,0.007058144231974146,0.001982968929156576,2.842535503156077e-05,0,0,0,0.55
40,5,1.0,0.5,b_reference,202609112,25000,0.23280546782729022,0.60460013421607,0.04566416743576387,0.4073934084038128,0.9999863197115793,-0.006699084859965039,0.4076923076923077,0.3677952920933081,0.0006084168369986907,0.004388371778352254,0.0012096106869385593,1.1355040889908208e-05,0,0,0,0.55
40,5,1.0,0.5,b_reference,202609112,50000,0.23554061726034456,0.6047727867026643,0.04575990103157212,0.407430044089813,0.9999928145609832,-0.006680881428378423,0.4076923076923077,0.3727216180415679,0.00042303270449623706,0.0030637751664406992,0.0008360694897754468,5.673726282919617e-06,0,0,0,0.55
40,5,1.0,0.5,b_reference,202609112,100000,0.23797223214086616,0.6048880445862337,0.04581301984955785,0.4074588969995679,0.999997122343464,-0.006665699173236956,0.4076923076923077,0.37720942316931044,0.0002946157755768561,0.002139286696197428,0.0005783431747886024,2.8350598733874496e-06,0,0,0,0.55
40,5,1.0,0.5,b_reference,202609113,0,-0.004217025512642516,0.008264903455092875,0.0036546144741455844,-0.009607135456033603,-0.029317551768044875,-0.016378006652785233,-0.004615384615384616,0.16443526111916973,1.0,1.0,1.0,1.0,0,0,0,0.55
40,5,1.0,0.5,b_reference,202609113,125,0.17516659572375284,0.6284368430377314,0.054791149928028825,0.47470335369709693,0.9967514476623753,0.05788791991458497,0.4769230769230769,0.270686418669457,0.01335845035701306,0.06891200521488859,0.021023478451961106,0.0026418006836601993,0,0,0,0.55
40,5,1.0,0.5,b_reference,202609113,500,0.19753269827592165,0.6394815756328782,0.05952233479981689,0.4759966769192041,0.999327170589621,0.05820011569428077,0.4769230769230769,0.2978680803152683,0.005768853564992205,0.03246479941530154,0.008628112365176528,0.000692059637110627,0,0,0,0.55
40,5,1.0,0.5,b_reference,202609113,1000,0.20463225887911424,0.6418959194795526,0.06078387554153184,0.47624075598358073,0.9996671432237202,0.05831108449164153,0.4769230769230769,0.3078521165864327,0.003927555195241391,0.022538186548956837,0.00569791724967209,0.0003481338175306446,0,0,0,0.55
40,5,1.0,0.5,b_reference,202609113,2500,0.21219683653131013,0.6437442296127762,0.062088642624750945,0.47641475567429364,0.9998708204380914,0.058418651635730665,0.4769230769230769,0.31919835799798113,0.0024072154115312547,0.013969155262026498,0.003202786286504807,0.0001404978918458345,0,0,0,0.55
40,5,1.0,0.5,b_reference,202609113,5000,0.2170939860052109,0.6445686438871246,0.0629780182579808,0.476508974586161,0.9999405279692194,0.05847613942869545,0.4769230769230769,0.32681873308380577,0.0016761012980222763,0.009741012170954225,0.002169924425485661,7.030962342970106e-05,0,0,0,0.55
40,5,1.0,0.5,b_reference,202609113,10000,0.22128399749024266,0.6451018062946572,0.06367667053693911,0.47656843824564854,0.9999693404844924,0.05852119486816019,0.4769230769230769,0.3336445654156343,0.0011703579252272558,0.006796299410918353,0.0014781229561492432,3.526551778005822e-05,0,0,0,0.55
40,5,1.0,0.5,b_reference,202609113,25000,0.22610735734545456,0.6455359778058622,0.06446005333198132,0.47662510977531347,0.9999833126617044,0.058569522626034896,0.4769230769230769,0.34173427984259014,0.0007308762276512241,0.004224618542773739,0.0009035309772270608,1.41066120418041e-05,0,0,0,0.55
40,5,1.0,0.5,b_reference,202609113,50000,0.22935214635596834,0.6457383260759831,0.06498673820885745,0.47666033990938994,0.9999937107891739,0.058598496068059364,0.4769230769230769,0.34728320674261187,0.000512236675686367,0.002948899805508043,0.0006205443322679849,7.063051543145552e-06,0,0,0,0.55
40,5,1.0,0.5,b_reference,202609113,100000,0.23232634784197054,0.6458732416279687,0.06547712419048633,0.47668753285409,0.9999969042188677,0.05862201148173549,0.4769230769230769,0.3524236813350089,0.00035912207031032936,0.002058764980110301,0.0004283782991290797,3.5312740737548976e-06,0,0,0,0.55
40,5,1.0,0.5,b_reference,202609114,0,0.00048051281083645814,0.007064013459859216,-0.003081941018412479,-0.018923930507288203,-0.017181483498417166,-0.01920803153552436,-0.0025641025641025632,0.18154940581752302,1.0,1.0,1.0,1.0,0,0,0,0.5
40,5,1.0,0.5,b_reference,202609114,125,0.1653732333096878,0.47561384730654727,0.0030263409669147954,0.23200279750873246,0.9971382996593078,-0.05134244892181984,0.23076923076923078,0.29841177924621076,0.012709208948067721,0.06816028706725173,0.023082082623464815,0.002212889530695271,0,0,0,0.5
40,5,1.0,0.5,b_reference,202609114,500,0.18622233964733853,0.4827368517069944,0.0016465766903117618,0.23168773285758287,0.9991805393762527,-0.051856324367583306,0.23076923076923078,0.32612431874313746,0.005466471951181438,0.0318971545500876,0.01031880120126175,0.0005450695078129267,0,0,0,0.5
40,5,1.0,0.5,b_reference,202609114,1000,0.19344788537389296,0.48434704591448946,0.0011256309559270422,0.2315117616471617,0.9995790407677894,-0.05199391003252285,0.23076923076923078,0.3367578261779548,0.003717188671952522,0.02210653432303145,0.006960543207640177,0.00027169998378334664,0,0,0,0.5
40,5,1.0,0.5,b_reference,202609114,2500,0.20163303010279807,0.4855759740605574,0.0006814243819890341,0.23137290378455713,0.9998092628505532,-0.05212403341551825,0.23076923076923078,0.34910788387705655,0.0022698982522858036,0.013683256894545331,0.004182814308513374,0.00010876033020098537,0,0,0,0.5
40,5,1.0,0.5,b_reference,202609114,5000,0.2068445243433161,0.4861216159700792,0.00038249584933383384,0.23130647765357376,0.9999108470710263,-0.05219699104872638,0.23076923076923078,0.3572869110586,0.0015746716746777006,0.009536150867122997,0.002920963500153935,5.4431128017885234e-05,0,0,0,0.5
40,5,1.0,0.5,b_reference,202609114,10000,0.21138272612379308,0.4864765130518202,9.70330768728089e-05,0.2312399849395415,0.9999597145028378,-0.05225438994520238,0.23076923076923078,0.36462353028360034,0.0010961837766881061,0.006650762148988355,0.002006362449109003,2.7154681790524307e-05,0,0,0,0.5
40,5,1.0,0.5,b_reference,202609114,25000,0.21662329777117248,0.4867660018642826,-0.0002461480023623239,0.2311689992722925,0.9999846816539494,-0.05231350760217653,0.23076923076923078,0.3733024451420631,0.000681015103455764,0.004132908950590838,0.0012271840857374927,1.0866135909840972e-05,0,0,0,0.5
40,5,1.0,0.5,b_reference,202609114,50000,0.22019156929759343,0.48690104076855595,-0.00046259327937434817,0.23112657273586895,0.9999912065898209,-0.052349540777306636,0.23076923076923078,0.3792456434376096,0.00047583068708532863,0.0028844054397741173,0.0008472878284884229,5.4342943911121974e-06,0,0,0,0.5
40,5,1.0,0.5,b_reference,202609114,100000,0.22341586329250782,0.48699127641013323,-0.000669472465193102,0.23108551415516304,0.9999948075505394,-0.05237950459848684,0.23076923076923078,0.38469693882985245,0.000332721931606893,0.0020135776212514755,0.0005875030544550413,2.7153665414614194e-06,0,0,0,0.5
40,5,1.0,0.5,b_reference,202609115,0,0.002030267786546897,-0.00907501001303264,-2.3746836899525452e-05,-0.009914376016065362,-0.0007599929684444183,-0.006983429055559584,-0.015897435897435898,0.18145139980475206,1.0,1.0,1.0,1.0,0,0,0,0.475
40,5,1.0,0.5,b_reference,202609115,125,0.23752411840386142,0.5619254887955153,0.06578537933732222,0.40644243306193,0.9973932086031689,0.06657758381871309,0.4076923076923077,0.3405100496633038,0.015810241177380436,0.06974276676254876,0.02256473787294141,0.002675053671864906,0,0,0,0.475
40,5,1.0,0.5,b_reference,202609115,500,0.25781032528752545,0.5720659351614066,0.06793564622451662,0.4071266927195129,0.9992968670352064,0.06659623783197426,0.4076923076923077,0.36481673964209693,0.007052521575985821,0.03286387970498683,0.010726645161357353,0.0006559995288190998,0,0,0,0.475
40,5,1.0,0.5,b_reference,202609115,1000,0.2650927625301666,0.574288777118379,0.06874686794655191,0.40728150268199065,0.9996041798847249,0.0666067274289497,0.4076923076923077,0.3746005518317813,0.004831630221626445,0.02279889164937621,0.007072000439776697,0.00032882150142680234,0,0,0,0.475
40,5,1.0,0.5,b_reference,202609115,2500,0.27293713848206896,0.5759914645166714,0.06955636418365138,0.40739961865413815,0.9998375675319903,0.06661714904271836,0.4076923076923077,0.3858463531483124,0.0029671953553843146,0.014123805352345876,0.004262994564438022,0.00013176813991632775,0,0,0,0.475
40,5,1.0,0.5,b_reference,202609115,5000,0.27830531845435924,0.576749371655385,0.07030086639000911,0.40746318723039604,0.9999241277265211,0.06662187079129563,0.4076923076923077,0.39359664708080755,0.002062855270917528,0.009847135817723155,0.0029275119214499045,6.570279118888299e-05,0,0,0,0.475
40,5,1.0,0.5,b_reference,202609115,10000,0.2829131661194994,0.5772391859331492,0.07085700322346537,0.4074955723635386,0.9999608939428838,0.06662453772851666,0.4076923076923077,0.4005470432203776,0.0014380389256823777,0.00686969891972478,0.0019883531424296705,3.2841840672181593e-05,0,0,0,0.475
40,5,1.0,0.5,b_reference,202609115,25000,0.2883973096561388,0.5776376560339648,0.07157859652563432,0.4075356856849972,0.9999881511212634,0.06662870554099186,0.4076923076923077,0.40891114359415975,0.0008946643798619036,0.004269953335106023,0.001210839386249933,1.3156620440992752e-05,0,0,0,0.475
40,5,1.0,0.5,b_reference,202609115,50000,0.2921590226237758,0.5778235329392679,0.07210450316828795,0.4075528607059387,0.9999939816565736,0.06663184865872765,0.4076923076923077,0.41468872503577375,0.0006253391290651236,0.0029806378204776766,0.0008361988091897939,6.576666994491172e-06,0,0,0,0.475
40,5,1.0,0.5,b_reference,202609115,100000,0.29555917478258886,0.5779474711165236,0.0725596039909063,0.4075644654014658,0.9999962185332202,0.0666344521211854,0.4076923076923077,0.42000788345272333,0.0004373591747798761,0.0020809800734753582,0.0005766074091548345,3.286416680839846e-06,0,0,0,0.475
40,5,1.0,0.5,b_reference,202609116,0,-0.0009080371206141492,-0.0027543828459559356,0.015033462811259366,0.016881176797745402,-0.013858738011190001,0.08993637525062535,0.012307692307692308,0.16662704556947266,1.0,1.0,1.0,1.0,0,0,0,0.575
40,5,1.0,0.5,b_reference,202609116,125,0.16988902358372812,0.5992314472584807,0.04405053226431336,0.40593608546167953,0.9954520207116551,-0.02765201435643306,0.4076923076923077,0.2674020487675127,0.02201875108535087,0.07017724038176636,0.024774049488151106,0.0021603259890456816,0,0,0,0.575
40,5,1.0,0.5,b_reference,202609116,500,0.18484158123979547,0.6084136915128601,0.04447439083164193,0.40727400900304705,0.9991828176914727,-0.02822368191905274,0.4076923076923077,0.2878780414087824,0.010225026209607021,0.03324127299266501,0.010303493874126976,0.0005368426504265953,0,0,0,0.575
40,5,1.0,0.5,b_reference,202609116,1000,0.1901356761451577,0.6104672797100794,0.044597481786141584,0.40743053158614634,0.9996289935080878,-0.02841650363416767,0.4076923076923077,0.2961189908112235,0.007154407944693122,0.023089321788993557,0.006989063728036604,0.0002679744540752091,0,0,0,0.575
40,5,1.0,0.5,b_reference,202609116,2500,0.195681608360589,0.6120455101378889,0.04457540244947878,0.407574089935855,0.9998304140871528,-0.028601998192973228,0.4076923076923077,0.3055027454237465,0.0045131238330781455,0.014311891752926822,0.004246419913991745,0.00010694138478211048,0,0,0,0.575
40,5,1.0,0.5,b_reference,202609116,5000,0.19945822069449218,0.6127476814858459,0.044671275319834745,0.40759326070047736,0.9998865681000133,-0.02870969914231918,0.4076923076923077,0.31198033319868673,0.003194070778754028,0.009981723751207306,0.0029025171466066325,5.340248826193705e-05,0,0,0,0.575
40,5,1.0,0.5,b_reference,202609116,10000,0.20285395037196063,0.6132031046962647,0.04477710305815084,0.407618634906924,0.9999494253827155,-0.028796763998491324,0.4076923076923077,0.3179332988878384,0.0022621312771014196,0.006965182938278642,0.0019896545475962014,2.6758430267381254e-05,0,0,0,0.575
40,5,1.0,0.5,b_reference,202609116,25000,0.20676955922456325,0.6135736235449345,0.04486371647863534,0.4076469508997328,0.9999783540314617,-0.02888983629312479,0.4076923076923077,0.3250129466054808,0.001432246946814508,0.004330327158937652,0.001215584283568605,1.0701292643826513e-05,0,0,0,0.575
40,5,1.0,0.5,b_reference,202609116,50000,0.20939560460224038,0.6137465024685336,0.04490697488716789,0.40766147225562066,0.999991692277442,-0.02894577832397261,0.4076923076923077,0.3298815996431744,0.001012330299951589,0.003023035773985329,0.0008394432214493615,5.349961366658098e-06,0,0,0,0.575
40,5,1.0,0.5,b_reference,202609116,100000,0.21183247474003244,0.6138619388943642,0.04496261150932101,0.40766741273384277,0.9999961843922632,-0.02899317549478389,0.4076923076923077,0.3344170090461425,0.0007145220536169782,0.0021107630540723,0.000579655242328831,2.6733778435276167e-06,0,0,0,0.575
40,5,1.0,0.5,b_reference,202609117,0,-0.0023253952378594926,-0.008133294849679451,0.00044640440841913024,0.020626690560808833,0.02413226862353428,-0.026318658410894258,0.013846153846153847,0.17190108003551702,1.0,1.0,1.0,1.0,0,0,0,0.55
40,5,1.0,0.5,b_reference,202609117,125,0.18185698048643473,0.5898716836418832,0.03874128681289273,0.4056624509994288,0.9972629585185876,-0.007181182112368055,0.4076923076923077,0.2932401213944248,0.010942846942823773,0.06922407570718088,0.02229114074570297,0.002839785319259263,0,0,0,0.55
40,5,1.0,0.5,b_reference,202609117,500,0.2009288886195945,0.5992876928010838,0.039780316976390444,0.4067879079962333,0.9994084583665661,-0.006930612014006783,0.4076923076923077,0.3186044941495198,0.004506270551347554,0.03252622296735083,0.008669671848550648,0.0007203710304367636,0,0,0,0.55
40,5,1.0,0.5,b_reference,202609117,1000,0.20736825302505657,0.6013932439063665,0.04012788135862056,0.4070148257152389,0.9997277798485554,-0.006859077881563668,0.4076923076923077,0.3282248531172248,0.003003425935337336,0.022555881355985612,0.005770681312908851,0.0003595019028929354,0,0,0,0.55
40,5,1.0,0.5,b_reference,202609117,2500,0.2139881706308749,0.6030138309415041,0.04034623587835321,0.40719127298125124,0.9999147215441129,-0.0067964235824598766,0.4076923076923077,0.3389443508452968,0.0017928988086656056,0.013966629316612269,0.0034358082966378044,0.00014338090553784526,0,0,0,0.55
40,5,1.0,0.5,b_reference,202609117,5000,0.21830516096304048,0.60373537928086,0.0405627312065669,0.40727345621004235,0.999946610900669,-0.006760445733178598,0.4076923076923077,0.34612414277283193,0.0012276325431740593,0.009736527859677022,0.002325871183466259,7.134126479391955e-05,0,0,0,0.55
40,5,1.0,0.5,b_reference,202609117,10000,0.22221832135305858,0.6042036466641114,0.04083785574837459,0.40733635247340516,0.9999729432358035,-0.006731273882868319,0.4076923076923077,0.3526843984130463,0.000845891210870858,0.0067918627685612555,0.0015909048590504328,3.571199517393874e-05,0,0,0,0.55
40,5,1.0,0.5,b_reference,202609117,25000,0.22660411105653422,0.6045848211893489,0.04107747200338696,0.4073953291983356,0.9999903854230671,-0.006700779987468317,0.4076923076923077,0.3603475637019579,0.0005201140009378298,0.004221252298296732,0.0009750386499531043,1.4280801595211048e-05,0,0,0,0.55
40,5,1.0,0.5,b_reference,202609117,50000,0.22959999683718238,0.6047625701397324,0.041276704684904734,0.4074295984778106,0.9999953804962426,-0.0066822358042780685,0.4076923076923077,0.3656068248389901,0.00036121015412010746,0.0029463303962806104,0.000674033626030756,7.138023570623212e-06,0,0,0,0.55
40,5,1.0,0.5,b_reference,202609117,100000,0.23229706278289308,0.6048811483330346,0.04144431811914259,0.4074582972838064,0.9999971509682869,-0.006666775933963359,0.4076923076923077,0.37042084871744957,0.0002513349150518515,0.0020569046417267174,0.00046626890182677666,3.569600613459347e-06,0,0,0,0.55
40,5,1.0,0.5,b_reference,202609118,0,-0.0015537416273332003,-0.001536714536824825,-0.008324671706188289,-0.014261535224861255,-0.031177052437182055,-0.03635783338887686,-0.010769230769230769,0.16064292746429581,1.0,1.0,1.0,1.0,0,0,0,0.55
40,5,1.0,0.5,b_reference,202609118,125,0.17197804726383392,0.5897379006904775,0.036963247869128066,0.4070250974007242,0.9975799920379164,-0.00617115206388095,0.4076923076923077,0.28239798078634176,0.010857858608654824,0.07072310113609283,0.028673779523617802,0.0028823900801832063,0,0,0,0.55
40,5,1.0,0.5,b_reference,202609118,500,0.18942234606754654,0.5992772339228265,0.037619728214581115,0.40760651614142873,0.9994406435941745,-0.006322746131305716,0.4076923076923077,0.30705218861547984,0.004435366055703198,0.033309821210664836,0.012733562635394977,0.0007142239110124901,0,0,0,0.55
40,5,1.0,0.5,b_reference,202609118,1000,0.19563617077726306,0.6013882841308672,0.03789577185427323,0.40764319185869397,0.9996334628931343,-0.006360081695317349,0.4076923076923077,0.31673001958425695,0.0029465515913801596,0.0231072292050466,0.00849428443940753,0.0003573608326849323,0,0,0,0.55
40,5,1.0,0.5,b_reference,202609118,2500,0.2024076610061395,0.6030125725562021,0.038181769673691884,0.40770771202934863,0.9998808219109675,-0.006393386356171892,0.4076923076923077,0.3277849966586493,0.0017527190124001506,0.014317083251266904,0.005108365193145587,0.00014244091337054152,0,0,0,0.55
40,5,1.0,0.5,b_reference,202609118,5000,0.20664992336258536,0.6037357458233468,0.03830645575497186,0.40772170374600014,0.999928555726622,-0.006412936574617863,0.4076923076923077,0.3350703483953319,0.0011969092772138145,0.009981802536755362,0.003490939146678497,7.114666927887193e-05,0,0,0,0.55
40,5,1.0,0.5,b_reference,202609118,10000,0.2104633843903842,0.6042038396818469,0.03844976770608777,0.4077282514563793,0.9999628075005632,-0.006429019681164863,0.4076923076923077,0.3416949093818071,0.0008227279340951276,0.0069636005630790455,0.0024048083108839757,3.5576476109588284e-05,0,0,0,0.55
40,5,1.0,0.5,b_reference,202609118,25000,0.21493674145184558,0.6045849381129494,0.03863447864520169,0.4077284384639999,0.9999873408542563,-0.006446068524692164,0.4076923076923077,0.34958547317299005,0.0005046616761815372,0.004328519733515347,0.0014717876875838013,1.4194539573916854e-05,0,0,0,0.55
40,5,1.0,0.5,b_reference,202609118,50000,0.21797195241334508,0.6047625566863883,0.03877098713157238,0.4077256009255106,0.9999932227092041,-0.006456079597677556,0.4076923076923077,0.3549911375962381,0.0003499894113247038,0.003021432413970928,0.001016491746495638,7.0997887409521815e-06,0,0,0,0.55
40,5,1.0,0.5,b_reference,202609118,100000,0.22079045405589848,0.6048811718980905,0.038926013769423444,0.4077250048227829,0.999997320800007,-0.006464481265872711,0.4076923076923077,0.35999837926212763,0.00024324839465207542,0.002109535764372654,0.0007038446100581706,3.5483687720437755e-06,0,0,0,0.55
40,5,1.0,0.5,b_reference,202609119,0,0.00044175722501338773,0.0050249838335183405,-0.005722818428751001,-0.011191023838449313,-0.019668794637510135,0.03478541794063667,-0.01282051282051282,0.1824331038941749,1.0,1.0,1.0,1.0,0,0,0,0.475
40,5,1.0,0.5,b_reference,202609119,125,0.18193799986241976,0.49092420789444685,0.012340389176676377,0.28253579192153183,0.9956586869409207,-0.028320774652843553,0.2846153846153846,0.3003417862483995,0.020031746940209254,0.06980255644979241,0.023892191551597757,0.0020433309293853624,0,0,0,0.475
40,5,1.0,0.5,b_reference,202609119,500,0.2023519350119527,0.4989222670344116,0.012551540637715825,0.28363371907422275,0.9988017685891059,-0.028429619192036553,0.2846153846153846,0.32728405606039673,0.009739511428092141,0.03289110050727823,0.010518021492291564,0.000506317596288127,0,0,0,0.475
40,5,1.0,0.5,b_reference,202609119,1000,0.20993148343822524,0.5006988416666808,0.012642739214685941,0.28388593860967054,0.9995272278824526,-0.028459472827489507,0.2846153846153846,0.3380919370990146,0.006952078697408534,0.02282362685424852,0.006871626087490157,0.00024965610969946887,0,0,0,0.475
40,5,1.0,0.5,b_reference,202609119,2500,0.2178065014408464,0.5020669660588475,0.012452492056794709,0.2840466296661934,0.9997997408391179,-0.02848345386978426,0.2846153846153846,0.35032696888377707,0.004488496021554178,0.014138167655974913,0.004110236897372821,9.92019129827683e-05,0,0,0,0.475
40,5,1.0,0.5,b_reference,202609119,5000,0.22316202047839132,0.5026749181613112,0.012429240853164363,0.2841512156664808,0.9999264431072049,-0.028495744419433703,0.2846153846153846,0.3587031037850731,0.0032315240156895477,0.009858275099975208,0.0028075874680361613,4.976383154436143e-05,0,0,0,0.475
40,5,1.0,0.5,b_reference,202609119,10000,0.22795922379415323,0.503068287777577,0.01240356766692637,0.28422111399837763,0.9999496863608706,-0.028507044515902486,0.2846153846153846,0.36634397105234895,0.0023261731867063543,0.006877484797656173,0.0019415944132057917,2.4898418575517005e-05,0,0,0,0.475
40,5,1.0,0.5,b_reference,202609119,25000,0.23362623969600463,0.5033890384580544,0.012376646292956192,0.28428613243241857,0.9999806207385522,-0.02851596839167694,0.2846153846153846,0.37551841381426343,0.0015027806565167056,0.004275136776383295,0.001190672762530241,9.976933440619771e-06,0,0,0,0.475
40,5,1.0,0.5,b_reference,202609119,50000,0.2374515706727687,0.503538532028971,0.012341393929797342,0.2843268735916298,0.9999905626012404,-0.0285213244323577,0.2846153846153846,0.3818179637317342,0.0010769129849585815,0.002984262731457281,0.0008191359391323755,4.98870826569536e-06,0,0,0,0.475
40,5,1.0,0.5,b_reference,202609119,100000,0.24097567754308472,0.5036382792964424,0.01231107782704747,0.2843588355641508,0.9999952679434744,-0.028525457691478167,0.2846153846153846,0.38766152544716587,0.0007695394993946652,0.002083576055875681,0.0005664642959576758,2.4941392959877182e-06,0,0,0,0.475
40,5,1.0,0.5,b_reference,202609120,0,-0.00024413095881927735,-0.006177618626865025,0.0016458237252951313,0.00022142204850319138,0.006451325998251627,-0.027829665355794533,-0.02153846153846154,0.15787260943524437,1.0,1.0,1.0,1.0,0,0,0,0.5
40,5,1.0,0.5,b_reference,202609120,125,0.18912629984155505,0.5026080045759316,0.01471972104844305,0.283489972766769,0.9959135293257112,-0.041967800296359256,0.2846153846153846,0.3141219732115893,0.012106883307422626,0.0709038456263132,0.020932928895622014,0.0025594645094786607,0,0,0,0.5
40,5,1.0,0.5,b_reference,202609120,500,0.20894019713494574,0.5105079254675231,0.014350600771660085,0.2843236517065507,0.9990209335435098,-0.04201793907712427,0.2846153846153846,0.34080694300044645,0.0051869578009632955,0.033315345923676166,0.008368221271743727,0.0006159534625066073,0,0,0,0.5
40,5,1.0,0.5,b_reference,202609120,1000,0.21560188272883127,0.5122790616875251,0.014106095013370639,0.2844689296143134,0.9995910087509542,-0.042032073729420825,0.2846153846153846,0.3509427636756713,0.003511958439468845,0.02311187778597554,0.005507590259675516,0.0003053366941109333,0,0,0,0.5
40,5,1.0,0.5,b_reference,202609120,2500,0.22308899086249756,0.5136294166530542,0.013965662213275628,0.2845444182324545,0.9998225700241739,-0.042047073299394895,0.2846153846153846,0.3626645908114036,0.002133305545539098,0.014317407527803238,0.003277479052187243,0.00012219706630000284,0,0,0,0.5
40,5,1.0,0.5,b_reference,202609120,5000,0.22780372431550777,0.5142288897511748,0.013837121989264107,0.28457671034596477,0.9999185691791694,-0.042056699752955354,0.2846153846153846,0.3703710992646242,0.001474074502088944,0.009982007960371636,0.0022558149677537925,6.0968930375933246e-05,0,0,0,0.5
40,5,1.0,0.5,b_reference,202609120,10000,0.2319994063961439,0.5146168343577364,0.013741440282553174,0.28459543454896347,0.9999691093722121,-0.04206387297401346,0.2846153846153846,0.37734243219709135,0.0010224464417308032,0.006964292401526715,0.0015380304567817393,3.0448811555722002e-05,0,0,0,0.5
40,5,1.0,0.5,b_reference,202609120,25000,0.23692348073943037,0.5149331390266186,0.013652809368594716,0.2846030439652018,0.9999849902561336,-0.042070760200202784,0.2846153846153846,0.3856183063204558,0.0006329662084296422,0.004329361442646291,0.0009354989657081458,1.2189048401908434e-05,0,0,0,0.5
40,5,1.0,0.5,b_reference,202609120,50000,0.2402179908387972,0.5150807751053433,0.013587474908307204,0.2846059538543837,0.9999934427339072,-0.042075044547342746,0.2846153846153846,0.39124997326036137,0.00044124002771062646,0.0030222327456163904,0.0006446532235828555,6.094917504306114e-06,0,0,0,0.5
40,5,1.0,0.5,b_reference,202609120,100000,0.24323413671855226,0.5151792763870093,0.013535190709373585,0.2846076441515638,0.9999971261452488,-0.04207859457410139,0.2846153846153846,0.39643498238297464,0.00030795143426906867,0.0021101696648124085,0.0004467272018291868,3.048744971825163e-06,0,0,0,0.5
40,5,1.0,0.5,b_reference,202609121,0,0.0005044382235674859,0.007697568844473169,0.006346160380754531,0.014068169453353888,0.02097256129508064,-0.01184164712113811,0.022564102564102566,0.18778184264746323,1.0,1.0,1.0,1.0,0,0,0,0.525
40,5,1.0,0.5,b_reference,202609121,125,0.18562889152385528,0.581302320782547,0.04831438905170744,0.4043358358215979,0.9962755171601254,0.015776583929640643,0.4076923076923077,0.28384207916668797,0.015593971287027095,0.07079316585635845,0.02567533655938542,0.0026698394865376247,0,0,0,0.525
40,5,1.0,0.5,b_reference,202609121,500,0.20291254640593837,0.5904848632802832,0.048994870763097574,0.4058418790504779,0.9990033799135821,0.016342548678634265,0.4076923076923077,0.30680029546729093,0.007040778614674344,0.033455326352738075,0.011157765018781704,0.0006459561724930459,0,0,0,0.525
40,5,1.0,0.5,b_reference,202609121,1000,0.20914586230386928,0.5925379302145157,0.04923170093131353,0.40624260544827234,0.9995169769569494,0.016529319206066137,0.4076923076923077,0.3161114633754538,0.004864620510029789,0.02323474842592962,0.007589704158261371,0.0003237364142432405,0,0,0,0.525
40,5,1.0,0.5,b_reference,202609121,2500,0.21633154947247382,0.5941078406872714,0.049670260328510143,0.40656214524363127,0.9997851334059541,0.016715983357198354,0.4076923076923077,0.32714319461850894,0.003031417087719433,0.014405306732928152,0.004574051927625545,0.000128891108899409,0,0,0,0.525
40,5,1.0,0.5,b_reference,202609121,5000,0.22087999531127378,0.5948066568486355,0.04987166157568566,0.4067418811250036,0.9999166162188365,0.01682409142838377,0.4076923076923077,0.3345375586378717,0.002130051389198446,0.010048979416979352,0.003117531220507364,6.434452165175792e-05,0,0,0,0.525
40,5,1.0,0.5,b_reference,202609121,10000,0.22492963063097976,0.5952590878229965,0.05004362914368168,0.4068684336706343,0.9999464165993558,0.016912733082828427,0.4076923076923077,0.3412807443330158,0.0014998758155553304,0.007013094808919435,0.002142621349519231,3.214078682089391e-05,0,0,0,0.525
40,5,1.0,0.5,b_reference,202609121,25000,0.22967379785295036,0.5956278500907841,0.050234160306398185,0.40700109556402436,0.9999791682571079,0.017008017207577497,0.4076923076923077,0.34937483262833946,0.00094452134166693,0.004360095881235177,0.001310748323220972,1.2864706061451072e-05,0,0,0,0.525
40,5,1.0,0.5,b_reference,202609121,50000,0.23293967005530639,0.5957999015933114,0.05038614220891439,0.40708018443222754,0.9999919665221536,0.017066330230007073,0.4076923076923077,0.35499376645215924,0.0006653237128517184,0.003044074679434566,0.0009095014814950417,6.424534342708652e-06,0,0,0,0.525
40,5,1.0,0.5,b_reference,202609121,100000,0.23594277762502758,0.5959147110673224,0.0505263272384026,0.4071444356640591,0.999996441394042,0.017114904317140106,0.4076923076923077,0.3602162421665896,0.0004683409809199656,0.0021255416231923973,0.0006306066294543632,3.2131275629719458e-06,0,0,0,0.525
40,5,0.0,0.0,control,202609110,0,-0.0014877288959757452,0.007612087463459997,0.004544046388728023,-0.02158564307974325,nan,-0.02158564307974325,-0.022564102564102562,0.1697720729366441,1.0,1.0,1.0,1.0,0,0,0,0.0
40,5,0.0,0.0,control,202609110,125,0.4976161976180869,-0.022595610930943658,-0.006692198300517264,-0.02279673729838424,nan,-0.02279673729838424,-0.023076923076923078,0.5290198406892852,0.023974372857313096,0.0552924765061632,0.020194612351181404,0.003674679247394528,0,0,0,0.0
40,5,0.0,0.0,control,202609110,500,0.574676104651534,-0.022903100826810366,-0.008719535253882837,-0.022899272826748935,nan,-0.022899272826748935,-0.023076923076923078,0.5882395422882641,0.011537098889959425,0.0248733495629317,0.008403305185678871,0.0014704004623459078,0,0,0,0.0
40,5,0.0,0.0,control,202609110,1000,0.601524200329762,-0.022951966607887942,-0.009488624092843751,-0.022928917608328638,nan,-0.022928917608328638,-0.023076923076923078,0.610817995370063,0.008158350633912475,0.017078545870166488,0.0055484868824438515,0.0009831913842751683,0,0,0,0.0
40,5,0.0,0.0,control,202609110,2500,0.6307433482926412,-0.023003151780330966,-0.010361298390557232,-0.022957072223051024,nan,-0.022957072223051024,-0.023076923076923078,0.6364853128860742,0.005197172060599922,0.010486476917624735,0.003288332947472021,0.0005822478123540185,0,0,0,0.0
40,5,0.0,0.0,control,202609110,5000,0.6494844113796642,-0.02302809023741244,-0.010942575231229294,-0.02297389677208124,nan,-0.02297389677208124,-0.023076923076923078,0.6534967075657866,0.0037023176583284843,0.007276306017603455,0.0021991873956932083,0.0003962705198631807,0,0,0,0.0
40,5,0.0,0.0,control,202609110,10000,0.6660567801116111,-0.02304369980076389,-0.011466759165284703,-0.02298745145539541,nan,-0.02298745145539541,-0.023076923076923078,0.6688581127743992,0.002636674223651847,0.0050576423450344795,0.0015075546011099577,0.00027195062881207936,0,0,0,0.0
40,5,0.0,0.0,control,202609110,25000,0.6853623152250903,-0.023057259612858493,-0.012090191759067545,-0.023001083265846538,nan,-0.023001083265846538,-0.023076923076923078,0.6870714995178855,0.0016826810929592162,0.003132602355145912,0.0009154824390535403,0.0001658085949144273,0,0,0,0.0
40,5,0.0,0.0,control,202609110,50000,0.698370576704055,-0.023063616862470295,-0.012516978954586377,-0.023009530237965908,nan,-0.023009530237965908,-0.023076923076923078,0.6995089618529644,0.0011962424112087846,0.0021821121241068844,0.0006304119994538393,0.00011451710600356908,0,0,0,0.0
40,5,0.0,0.0,control,202609110,100000,0.7102416843189346,-0.023067817511708524,-0.012910240734193043,-0.02301655528529672,nan,-0.02301655528529672,-0.023076923076923078,0.7109578155274816,0.0008494327925839004,0.0015209693085409795,0.0004345191632032523,7.935173773000536e-05,0,0,0,0.0
40,5,0.0,0.0,control,202609111,0,-0.0011263693607101851,-0.008967010737212129,-0.0030025298151275847,0.008832584488393753,nan,0.008832584488393753,0.006153846153846154,0.1662559283947304,1.0,1.0,1.0,1.0,0,0,0,0.0
40,5,0.0,0.0,control,202609111,125,0.44763391133431407,0.014791032092407796,0.0016556992823178478,0.015719826983812288,nan,0.015719826983812288,0.015384615384615385,0.47827819355780843,0.03887823302014436,0.061722180958215286,0.024455008605481176,0.005122644731283928,0,0,0,0.0
40,5,0.0,0.0,control,202609111,500,0.5050168561769072,0.015132654611446488,0.0027255451990360114,0.015701715724276546,nan,0.015701715724276546,0.015384615384615385,0.5234807113156416,0.02015759426919459,0.02873584758345297,0.010652668345815507,0.0022134137481664247,0,0,0,0.0
40,5,0.0,0.0,control,202609111,1000,0.5272617213386767,0.01522558858897102,0.003181408294335192,0.015677021139163735,nan,0.015677021139163735,0.015384615384615385,0.5423924430427993,0.014691668482709457,0.019877399123242438,0.0072451416552568575,0.0014979355444288162,0,0,0,0.0
40,5,0.0,0.0,control,202609111,2500,0.5527414879263077,0.015294630499072462,0.003726351574325967,0.015649726585488365,nan,0.015649726585488365,0.015384615384615385,0.5648762795969147,0.009703391440372208,0.012280130794160708,0.0044359541401317705,0.0009073218637421082,0,0,0,0.0
40,5,0.0,0.0,control,202609111,5000,0.5698086568340196,0.015326447250558433,0.004101869203743191,0.015626390300333734,nan,0.015626390300333734,0.015384615384615385,0.5803372291542535,0.0070983910428213184,0.008547876539882659,0.003035971959989446,0.0006262368705710534,0,0,0,0.0
40,5,0.0,0.0,control,202609111,10000,0.5853814158741529,0.015346525811151968,0.004451176609786097,0.01560476931775432,nan,0.01560476931775432,0.015384615384615385,0.594680659351395,0.005195936891773238,0.005955911320255086,0.0021058228622582915,0.00043239039150367285,0,0,0,0.0
40,5,0.0,0.0,control,202609111,25000,0.6040736153260652,0.015362353878075795,0.004878690404150621,0.01557845202502023,nan,0.01557845202502023,0.015384615384615385,0.6121455333183442,0.00343548518349166,0.0036972657030750044,0.0012898343285822297,0.0002666229836395549,0,0,0,0.0
40,5,0.0,0.0,control,202609111,50000,0.617008457751768,0.015369677317733907,0.005178836769405466,0.015561296289420075,nan,0.015561296289420075,0.015384615384615385,0.6243610826800877,0.0025089140445125205,0.0025788089382312598,0.0008911850048933164,0.00018527935276423866,0,0,0,0.0
40,5,0.0,0.0,control,202609111,100000,0.629051576996649,0.015374539298177366,0.005460850895513229,0.015545737509317148,nan,0.015545737509317148,0.015384615384615385,0.6358119121971869,0.001828729786140917,0.0017993424976915282,0.0006159125901355971,0.00012882734618252777,0,0,0,0.0
40,5,0.0,0.0,control,202609112,0,-0.00037346066614553234,0.010991584517368704,0.0021347933022071997,0.002237879401794178,nan,0.002237879401794178,0.001025641025641026,0.15862539992345895,1.0,1.0,1.0,1.0,0,0,0,0.0
40,5,0.0,0.0,control,202609112,125,0.42194752016692155,-0.021163095633003833,-0.007453689705716532,-0.020548988111007103,nan,-0.020548988111007103,-0.023076923076923078,0.4585977812136699,0.03162164727056856,0.05703821756296115,0.01711984839799324,0.00437102660866219,0,0,0,0.0
40,5,0.0,0.0,control,202609112,500,0.4882335662154436,-0.022403970304272772,-0.009238314365685094,-0.021486543306122555,nan,-0.021486543306122555,-0.023076923076923078,0.5092961869399475,0.016318733733992813,0.026051869258726094,0.007096061708522984,0.0018305869938958661,0,0,0,0.0
40,5,0.0,0.0,control,202609112,1000,0.5130070061349131,-0.022665678324890026,-0.009916598612801777,-0.021753843532744205,nan,-0.021753843532744205,-0.023076923076923078,0.529924439881426,0.01194631562355374,0.017944803101968557,0.004704926796580822,0.0012335778256230697,0,0,0,0.0
40,5,0.0,0.0,control,202609112,2500,0.5409870884360168,-0.02284337288450173,-0.010692034894230951,-0.022011345647794816,nan,-0.022011345647794816,-0.023076923076923078,0.5542069929215445,0.007980874905924423,0.011043621490337826,0.002788720097915611,0.0007437689626329304,0,0,0,0.0
40,5,0.0,0.0,control,202609112,5000,0.559530200544709,-0.022923846009613513,-0.011209949886744057,-0.022156217643016736,nan,-0.022156217643016736,-0.023076923076923078,0.5707830029610512,0.0059073416573895065,0.00767265062697378,0.0018616864613876676,0.0005090039855811012,0,0,0,0.0
40,5,0.0,0.0,control,202609112,10000,0.5763222647394127,-0.022976013187289996,-0.01168115919036338,-0.022273474047465228,nan,-0.022273474047465228,-0.023076923076923078,0.5860833187729264,0.004387220509766323,0.005337929089983128,0.0012596700726068603,0.00035119303636565465,0,0,0,0.0
40,5,0.0,0.0,control,202609112,25000,0.5963455983422913,-0.023018180456901526,-0.012242403524854353,-0.02239557340984508,nan,-0.02239557340984508,-0.023076923076923078,0.6046267376575849,0.002968483977981599,0.0033090054407789006,0.0007664045094221901,0.00021594745190050023,0,0,0,0.0
40,5,0.0,0.0,control,202609112,50000,0.6101258213874471,-0.023037550732200564,-0.012628881029118919,-0.022470890975535476,nan,-0.022470890975535476,-0.023076923076923078,0.6175440560377213,0.0022128658901823303,0.0023061894202614963,0.0005286869998844922,0.0001496587551075534,0,0,0,0.0
40,5,0.0,0.0,control,202609112,100000,0.6229034231158758,-0.023050482037066358,-0.012986600728509223,-0.02253414419636077,nan,-0.02253414419636077,-0.023076923076923078,0.6296178076980988,0.0016499448778830878,0.0016081358648162764,0.00036333809802664116,0.00010386662965845825,0,0,0,0.0
40,5,0.0,0.0,control,202609113,0,-0.004217025512642516,0.008264903455092875,0.0036546144741455844,-0.009607135456033603,nan,-0.009607135456033603,-0.004615384615384616,0.16443526111916973,1.0,1.0,1.0,1.0,0,0,0,0.0
40,5,0.0,0.0,control,202609113,125,0.5115761563320116,-0.014641122215023257,-0.005143487556138015,-0.015089246790164238,nan,-0.015089246790164238,-0.015384615384615385,0.5383624539197259,0.026572387562018275,0.059520874283115976,0.021151535368742116,0.005703439400022342,0,0,0,0.0
40,5,0.0,0.0,control,202609113,500,0.5755552072949677,-0.01509157249045954,-0.006448295573892213,-0.015208871768056909,nan,-0.015208871768056909,-0.015384615384615385,0.5886400893006662,0.012828884148034453,0.027418124555317273,0.009286886006477915,0.0024393925110735718,0,0,0,0.0
40,5,0.0,0.0,control,202609113,1000,0.5990873626042246,-0.015204049396441908,-0.00694309561906798,-0.015238306267386224,nan,-0.015238306267386224,-0.015384615384615385,0.6087524481621587,0.009035707483187449,0.018924806621587135,0.006302264750505844,0.0016543192033213017,0,0,0,0.0
40,5,0.0,0.0,control,202609113,2500,0.6253101292024045,-0.015284483438529518,-0.007502259086554836,-0.015267886133590487,nan,-0.015267886133590487,-0.015384615384615385,0.6320748236917237,0.005706839347019639,0.011665710734951049,0.0037319121314909167,0.0009944308773558775,0,0,0,0.0
40,5,0.0,0.0,control,202609113,5000,0.6424546697178716,-0.01532003428185267,-0.007874867260130744,-0.015284768755419408,nan,-0.015284768755419408,-0.015384615384615385,0.6477756304807023,0.0040320948273905605,0.008112838127198119,0.002535868411572866,0.0006839038589959681,0,0,0,0.0
40,5,0.0,0.0,control,202609113,10000,0.657821847835213,-0.01534159119030099,-0.00821238893761158,-0.01529792895761246,nan,-0.01529792895761246,-0.015384615384615385,0.6621078564330369,0.0028469703042857774,0.005648132080948343,0.001722915713687111,0.0004725151517013618,0,0,0,0.0
40,5,0.0,0.0,control,202609113,25000,0.6759473425527535,-0.015359445654476554,-0.008611497198192897,-0.015311652783019014,nan,-0.015311652783019014,-0.015384615384615385,0.6792735846529266,0.001794209491066907,0.003503583447437705,0.001046288678565197,0.0002905211743530827,0,0,0,0.0
40,5,0.0,0.0,control,202609113,50000,0.6882941600148622,-0.015367751867142312,-0.00888378616129643,-0.015320059942616,nan,-0.015320059942616,-0.015384615384615385,0.6911019330233039,0.001263370510995026,0.002442657970376621,0.0007226419092456426,0.0002015548674724588,0,0,0,0.0
40,5,0.0,0.0,control,202609113,100000,0.6996520134574674,-0.015373286847539126,-0.009134434245447657,-0.015327002989849325,nan,-0.015327002989849325,-0.015384615384615385,0.7020607029289104,0.0008888012982863402,0.0017037653121020522,0.0004989606136423592,0.00014009830802340083,0,0,0,0.0
40,5,0.0,0.0,control,202609114,0,0.00048051281083645814,0.007064013459859216,-0.003081941018412479,-0.018923930507288203,nan,-0.018923930507288203,-0.0025641025641025632,0.18154940581752302,1.0,1.0,1.0,1.0,0,0,0,0.0
40,5,0.0,0.0,control,202609114,125,0.4669444708889987,-0.020916446806413712,-0.009799700167619099,-0.02239561619020963,nan,-0.02239561619020963,-0.023076923076923078,0.5059107310712114,0.027628406046531634,0.057499359889403426,0.02129361708978255,0.003923745117383618,0,0,0,0.0
40,5,0.0,0.0,control,202609114,500,0.5373949557953459,-0.022347305848704434,-0.011164971766018867,-0.02267802007461928,nan,-0.02267802007461928,-0.023076923076923078,0.5599436866366693,0.014390236181914474,0.026209713992295346,0.00922657017579239,0.0015681235785873643,0,0,0,0.0
40,5,0.0,0.0,control,202609114,1000,0.5631326848179551,-0.022627069352653944,-0.01170732713654394,-0.02275159286199856,nan,-0.02275159286199856,-0.023076923076923078,0.5813462309274169,0.010631611246111032,0.0180475793521226,0.006257173618105084,0.0010503467434280786,0,0,0,0.0
40,5,0.0,0.0,control,202609114,2500,0.5917565392464043,-0.022825309989709535,-0.012340227698029952,-0.022820324764997797,nan,-0.022820324764997797,-0.023076923076923078,0.6060952424146189,0.007201684827302131,0.01110488694721952,0.003800564261542563,0.0006278515395833145,0,0,0,0.0
40,5,0.0,0.0,control,202609114,5000,0.6104673841148603,-0.022912707621377273,-0.01276798566075455,-0.022858831375817415,nan,-0.022858831375817415,-0.023076923076923078,0.622745575776039,0.005393250703882897,0.007714985921041754,0.002628166503174662,0.0004281807627804993,0,0,0,0.0
40,5,0.0,0.0,control,202609114,10000,0.627234532433051,-0.022968480861916253,-0.013160017674867953,-0.022889139669121407,nan,-0.022889139669121407,-0.023076923076923078,0.6379463960455276,0.0040554528376280765,0.005367667129847736,0.001806338238109984,0.00029489001032579113,0,0,0,0.0
40,5,0.0,0.0,control,202609114,25000,0.6470035116482592,-0.023013712189960216,-0.013632393643290245,-0.022919699856276118,nan,-0.022919699856276118,-0.023076923076923078,0.6561563195030239,0.002785366006809197,0.003327406464584731,0.0011000071584167024,0.0001807741210389667,0,0,0,0.0
40,5,0.0,0.0,control,202609114,50000,0.6604666564730255,-0.02303465327871306,-0.013960098360338267,-0.02293842969608213,nan,-0.02293842969608213,-0.023076923076923078,0.6687105450492054,0.002095528340042615,0.0023190475209601278,0.0007597709927799461,0.00012503459808735384,0,0,0,0.0
40,5,0.0,0.0,control,202609114,100000,0.6728486897874314,-0.023048572804282404,-0.014264612992679154,-0.022953689363885896,nan,-0.022953689363885896,-0.023076923076923078,0.6803494335584946,0.0015737481841941975,0.0016170843907762874,0.0005250130344985552,8.673981120611224e-05,0,0,0,0.0
40,5,0.0,0.0,control,202609115,0,0.002030267786546897,-0.00907501001303264,-2.3746836899525452e-05,-0.009914376016065362,nan,-0.009914376016065362,-0.015897435897435898,0.18145139980475206,1.0,1.0,1.0,1.0,0,0,0,0.0
40,5,0.0,0.0,control,202609115,125,0.5502345920288683,-0.0018794814066881353,0.002343390240491067,-0.0026680670797462223,nan,-0.0026680670797462223,-0.002564102564102564,0.5807219864762727,0.02947721042891117,0.062394241850199816,0.017341780403689756,0.004997021379051782,0,0,0,0.0
40,5,0.0,0.0,control,202609115,500,0.6109140675412806,-0.002306228773649006,0.0019992022146115658,-0.0026093007935686823,nan,-0.0026093007935686823,-0.002564102564102564,0.627307688432256,0.014602331529986402,0.029019365794897913,0.007283577192188891,0.002015563742330945,0,0,0,0.0
40,5,0.0,0.0,control,202609115,1000,0.633217394562588,-0.002401811151758084,0.001859952846156745,-0.0025951182739670725,nan,-0.0025951182739670725,-0.002564102564102564,0.6459967150917384,0.010372941487536915,0.02007344882940319,0.0048719173039541526,0.0013426590450861657,0,0,0,0.0
40,5,0.0,0.0,control,202609115,2500,0.6579963392632178,-0.00247508555357959,0.0016848916727524247,-0.002585548519182268,nan,-0.002585548519182268,-0.002564102564102564,0.6676591121189357,0.0066110066824652345,0.012402264399280952,0.002955992809556089,0.0008137228515842804,0,0,0,0.0
40,5,0.0,0.0,control,202609115,5000,0.6741461833873457,-0.0025068650588517486,0.0015627603420866442,-0.0025811185557164853,nan,-0.0025811185557164853,-0.002564102564102564,0.6822204457530996,0.004697230822672916,0.008634561048196092,0.002017912063080061,0.0005574603456735178,0,0,0,0.0
40,5,0.0,0.0,control,202609115,10000,0.6885894400311662,-0.0025265295557887046,0.001443752142820984,-0.0025785712006310153,nan,-0.0025785712006310153,-0.002564102564102564,0.6954951245199551,0.003332737752593136,0.006017058081734249,0.0013903528235872855,0.00038507681491245336,0,0,0,0.0
40,5,0.0,0.0,control,202609115,25000,0.70557872735021,-0.002542607064555175,0.0012975256412706365,-0.002576017038404652,nan,-0.002576017038404652,-0.002564102564102564,0.7113681333816044,0.0021109215974221196,0.0037356874382571147,0.0008495500789974974,0.00023666878339267247,0,0,0,0.0
40,5,0.0,0.0,control,202609115,50000,0.7171235932096888,-0.002550029807812791,0.0011931271345648298,-0.00257433876072042,nan,-0.00257433876072042,-0.002564102564102564,0.7222870569035067,0.0014913523385914887,0.0026059501353590804,0.0005835772760503224,0.0001640354035678386,0,0,0,0.0
40,5,0.0,0.0,control,202609115,100000,0.7277234019676343,-0.0025547442266589367,0.0010929056196930722,-0.00257297289411988,nan,-0.00257297289411988,-0.002564102564102564,0.7323903331665662,0.001052055220669026,0.0018184153176267375,0.00040251852600446523,0.00011397522770860678,0,0,0,0.0
40,5,0.0,0.0,control,202609116,0,-0.0009080371206141492,-0.0027543828459559356,0.015033462811259366,0.016881176797745402,nan,0.016881176797745402,0.012307692307692308,0.16662704556947266,1.0,1.0,1.0,1.0,0,0,0,0.0
40,5,0.0,0.0,control,202609116,125,0.4751111987688018,-0.002553609402945573,0.0036068875415649995,-0.002379397413798806,nan,-0.002379397413798806,-0.002564102564102564,0.5081252123113176,0.04482316708048002,0.0640413181140729,0.026010599549776664,0.005923087551348863,0,0,0,0.0
40,5,0.0,0.0,control,202609116,500,0.531354731752778,-0.002574392354544349,0.0029100850032352864,-0.0024084190232112807,nan,-0.0024084190232112807,-0.002564102564102564,0.552211070361774,0.023519563189334316,0.030053261116123053,0.01139933050988164,0.00261376465199284,0,0,0,0.0
40,5,0.0,0.0,control,202609116,1000,0.5532611372950524,-0.002568407853535877,0.00262051047776492,-0.002430908382139025,nan,-0.002430908382139025,-0.002564102564102564,0.5706950830564572,0.017163536102584108,0.020827200828599967,0.0079129703212657,0.001772182151555767,0,0,0,0.0
40,5,0.0,0.0,control,202609116,2500,0.5783847151353119,-0.0025651991313056697,0.0022774190634724453,-0.0024567107477678884,nan,-0.0024567107477678884,-0.002564102564102564,0.5926316978806098,0.011340125859600892,0.012886010748408309,0.004714016558347651,0.0010763711946601968,0,0,0,0.0
40,5,0.0,0.0,control,202609116,5000,0.5952041534187816,-0.0025640099246836815,0.0020446395576225523,-0.002471776403198748,nan,-0.002471776403198748,-0.002564102564102564,0.6076931486190088,0.008280725758738772,0.008977500797050637,0.0032132869372113095,0.0007437758462849869,0,0,0,0.0
40,5,0.0,0.0,control,202609116,10000,0.6105228474635274,-0.0025642787438476997,0.0018319182580673176,-0.0024833998898051535,nan,-0.0024833998898051535,-0.002564102564102564,0.6216329784599748,0.006038066964930109,0.006259036463566917,0.0021944987339206088,0.0005138455990526198,0,0,0,0.0
40,5,0.0,0.0,control,202609116,25000,0.6288747355600401,-0.0025642580472190883,0.0015833339973510964,-0.002493298929161752,nan,-0.002493298929161752,-0.002564102564102564,0.6385707192499532,0.0039646836346933665,0.0038879280721373834,0.001348214817477993,0.0003171903754223166,0,0,0,0.0
40,5,0.0,0.0,control,202609116,50000,0.6415433692324697,-0.0025642382639334414,0.001411756773371467,-0.0025001059075036845,nan,-0.0025001059075036845,-0.002564102564102564,0.6503872096763255,0.0028756649575824946,0.0027129569475435236,0.0009299741669604957,0.0002206043094379705,0,0,0,0.0
40,5,0.0,0.0,control,202609116,100000,0.6533116619152105,-0.002564194367268201,0.001254217774568476,-0.002505578694391398,nan,-0.002505578694391398,-0.002564102564102564,0.6614429985584319,0.0020789280082989256,0.0018934999167193323,0.0006457270380438254,0.0001534880871220542,0,0,0,0.0
40,5,0.0,0.0,control,202609117,0,-0.0023253952378594926,-0.008133294849679451,0.00044640440841913024,0.020626690560808833,nan,0.020626690560808833,0.013846153846153847,0.17190108003551702,1.0,1.0,1.0,1.0,0,0,0,0.0
40,5,0.0,0.0,control,202609117,125,0.5453351412560858,0.09638389447976493,0.06031376327914184,0.09872074755801573,nan,0.09872074755801573,0.1,0.5706728935043375,0.022080055502211624,0.06115233932510033,0.022918027155462078,0.005682824195444881,0,0,0,0.0
40,5,0.0,0.0,control,202609117,500,0.6078648988724072,0.09865362025113386,0.06561726555391333,0.09918321326298055,nan,0.09918321326298055,0.1,0.6201407769181522,0.010400339714059284,0.02827376140625183,0.009730391721301008,0.002424132001556486,0,0,0,0.0
40,5,0.0,0.0,control,202609117,1000,0.6307532645407975,0.09913818634762193,0.06767718788516758,0.09932560627146386,nan,0.09932560627146386,0.1,0.639798497805917,0.007240399269995171,0.019525976516141966,0.006668588637217343,0.0016403347584866689,0,0,0,0.0
40,5,0.0,0.0,control,202609117,2500,0.6561431861975502,0.09951182296074156,0.0700221813732852,0.09945622503976578,nan,0.09945622503976578,0.1,0.6624639003936095,0.004509735159470754,0.012049157470330953,0.003935166014903853,0.0009902259119818004,0,0,0,0.0
40,5,0.0,0.0,control,202609117,5000,0.6726672000008677,0.09967950536810478,0.07155911723781577,0.09952965884171298,nan,0.09952965884171298,0.1,0.6776433010907745,0.0031578002487862725,0.008381868147539141,0.002662456926502779,0.0006782832987465895,0,0,0,0.0
40,5,0.0,0.0,control,202609117,10000,0.687415269646285,0.09978783940631535,0.07294112726499075,0.09959057447624896,nan,0.09959057447624896,0.1,0.6914328437822601,0.0022117816991535635,0.005837787209218109,0.0018039958589784395,0.0004675805667801982,0,0,0,0.0
40,5,0.0,0.0,control,202609117,25000,0.7047348405547705,0.09987585286799681,0.07456661443081777,0.09965390793670717,nan,0.09965390793670717,0.1,0.7078708424820278,0.0013809948311458281,0.003622462496418988,0.001093542615884964,0.00028747140291138316,0,0,0,0.0
40,5,0.0,0.0,control,202609117,50000,0.7164845269927539,0.09991665302701255,0.07566849132440177,0.09969220626879062,nan,0.09969220626879062,0.1,0.7191462105185771,0.0009671318299899671,0.002526146241775204,0.0007525670223232362,0.00019933543216160457,0,0,0,0.0
40,5,0.0,0.0,control,202609117,100000,0.7272568337421481,0.09994378137821323,0.07667751373282836,0.09972416465543452,nan,0.09972416465543452,0.1,0.7295560964694526,0.0006772334815588581,0.0017623213417802758,0.000521169967952164,0.00013845835804920391,0,0,0,0.0
40,5,0.0,0.0,control,202609118,0,-0.0015537416273332003,-0.001536714536824825,-0.008324671706188289,-0.014261535224861255,nan,-0.014261535224861255,-0.010769230769230769,0.16064292746429581,1.0,1.0,1.0,1.0,0,0,0,0.0
40,5,0.0,0.0,control,202609118,125,0.5067492282352186,-0.02181373964142307,-0.01503196922163876,-0.0227093863214089,nan,-0.0227093863214089,-0.023076923076923078,0.5360409080780382,0.02109580950863609,0.05930883944567734,0.024076758563079535,0.005698521854991796,0,0,0,0.0
40,5,0.0,0.0,control,202609118,500,0.5738924344919126,-0.022622404907272672,-0.01595751995527881,-0.02285073149595447,nan,-0.02285073149595447,-0.023076923076923078,0.5893595127054929,0.00981146642146277,0.02717672581255912,0.009775004787319677,0.002323992010696209,0,0,0,0.0
40,5,0.0,0.0,control,202609118,1000,0.5984163853244182,-0.022802298184968504,-0.01631840024941553,-0.02289008763846095,nan,-0.02289008763846095,-0.023076923076923078,0.6104160328308135,0.006806136166236795,0.018732483502107215,0.006628492687888517,0.0015620685173198246,0,0,0,0.0
40,5,0.0,0.0,control,202609118,2500,0.6256308270279612,-0.022923100235320768,-0.016734402656924417,-0.022929866646296048,nan,-0.022929866646296048,-0.023076923076923078,0.634666457485028,0.004220108430886196,0.011539377555511607,0.003977756549996903,0.000946406967652016,0,0,0,0.0
40,5,0.0,0.0,control,202609118,5000,0.6433583672691656,-0.022975811895525337,-0.017012169577558602,-0.022951167875332985,nan,-0.022951167875332985,-0.023076923076923078,0.6509020642559005,0.0029458156068703683,0.008020781074203507,0.0027259430223555274,0.0006505874375926023,0,0,0,0.0
40,5,0.0,0.0,control,202609118,10000,0.659207092189809,-0.023009962682197765,-0.017265898291757214,-0.022968191645956575,nan,-0.022968191645956575,-0.023076923076923078,0.6656651729709452,0.0020582375852202213,0.005582121712932451,0.0018715287431148074,0.0004494732278974105,0,0,0,0.0
40,5,0.0,0.0,control,202609118,25000,0.6778428683719959,-0.023037756388384973,-0.017567568317653992,-0.022985566419631502,nan,-0.022985566419631502,-0.023076923076923078,0.6832740789463093,0.0012818685007761812,0.0034614795338859935,0.0011343335485393816,0.0002757686884125594,0,0,0,0.0
40,5,0.0,0.0,control,202609118,50000,0.6904988727017419,-0.023050644365793127,-0.017775279349176876,-0.02299594815042637,nan,-0.02299594815042637,-0.023076923076923078,0.6953618319439784,0.0008959864657722674,0.0024130009744981803,0.0007844047188895172,0.00019113985654166434,0,0,0,0.0
40,5,0.0,0.0,control,202609118,100000,0.7021141151942518,-0.023059254695235554,-0.017967090813644865,-0.02300475286600246,nan,-0.02300475286600246,-0.023076923076923078,0.7065294932463709,0.0006264132100215446,0.0016828768123334828,0.0005442002249685521,0.00013275249149835426,0,0,0,0.0
40,5,0.0,0.0,control,202609119,0,0.00044175722501338773,0.0050249838335183405,-0.005722818428751001,-0.011191023838449313,nan,-0.011191023838449313,-0.01282051282051282,0.1824331038941749,1.0,1.0,1.0,1.0,0,0,0,0.0
40,5,0.0,0.0,control,202609119,125,0.5108505671560047,0.06503390205621958,0.03648418733923292,0.06650617314642734,nan,0.06650617314642734,0.06666666666666667,0.534720943878314,0.03991265250181345,0.06446510672481393,0.025377100273746105,0.00813215261356206,0,0,0,0.0
40,5,0.0,0.0,control,202609119,500,0.563681694889619,0.06603759800782658,0.03982280163126227,0.06659779061408569,nan,0.06659779061408569,0.06666666666666667,0.5762867776601827,0.020416553525216603,0.03037293174403477,0.01087450483726076,0.003737659805842482,0,0,0,0.0
40,5,0.0,0.0,control,202609119,1000,0.5841644375821707,0.06626344444944947,0.041166131766675544,0.06661464194750638,nan,0.06661464194750638,0.06666666666666667,0.5937631428632147,0.014667526240502887,0.021070652877390836,0.00738252709479455,0.002568942989058325,0,0,0,0.0
40,5,0.0,0.0,control,202609119,2500,0.6075949689444364,0.06643601279250205,0.042742964341595434,0.06663033663826463,nan,0.06663033663826463,0.06666666666666667,0.6145429147435777,0.009460408998219946,0.013045817091560705,0.004331449903848698,0.001572216816235754,0,0,0,0.0
40,5,0.0,0.0,control,202609119,5000,0.6232370041770114,0.0665146253465584,0.04380241675368034,0.0666344507080308,nan,0.0666344507080308,0.06666666666666667,0.6288099347448659,0.006774301396527627,0.009091777075422263,0.0029745515164421267,0.0010883294586986792,0,0,0,0.0
40,5,0.0,0.0,control,202609119,10000,0.637470987934134,0.06656570909627532,0.044771977985278565,0.0666391682891836,nan,0.0666391682891836,0.06666666666666667,0.6420225426658515,0.004837467345599452,0.006339760342763224,0.0020619669743351804,0.0007549224308501642,0,0,0,0.0
40,5,0.0,0.0,control,202609119,25000,0.6545106354473144,0.0666072235032759,0.04593351079978203,0.06664393518440996,nan,0.06664393518440996,0.06666666666666667,0.658077427784559,0.0030867564519621313,0.003938912719480846,0.001261135837956528,0.0004654142237453821,0,0,0,0.0
40,5,0.0,0.0,control,202609119,50000,0.6662681213301617,0.06662659921332263,0.04673334763749759,0.06664674260240325,nan,0.06664674260240325,0.06666666666666667,0.6692807023185254,0.002190786481858272,0.002748749370362581,0.0008691785475177465,0.0003238596611092863,0,0,0,0.0
40,5,0.0,0.0,control,202609119,100000,0.6771888718586035,0.06663958266782374,0.04747327912532847,0.06664879769161572,nan,0.06664879769161572,0.06666666666666667,0.679763144547527,0.0015512682077788553,0.0019186367586753001,0.0006016621686847668,0.0002255527225720031,0,0,0,0.0
40,5,0.0,0.0,control,202609120,0,-0.00024413095881927735,-0.006177618626865025,0.0016458237252951313,0.00022142204850319138,nan,0.00022142204850319138,-0.02153846153846154,0.15787260943524437,1.0,1.0,1.0,1.0,0,0,0,0.0
40,5,0.0,0.0,control,202609120,125,0.4195698270587162,0.036100274557561596,0.01605047129786569,0.035639581314924056,nan,0.035639581314924056,0.038461538461538464,0.4805371793542509,0.017951775636018012,0.05187872904498376,0.014609579413352605,0.003594220582355145,0,0,0,0.0
40,5,0.0,0.0,control,202609120,500,0.5222071165676606,0.03741755446787183,0.019157083390611285,0.03712195496996495,nan,0.03712195496996495,0.038461538461538464,0.5516347394672022,0.007935648929777259,0.022169354483080175,0.0048259320612622485,0.0011245190096737805,0,0,0,0.0
40,5,0.0,0.0,control,202609120,1000,0.5548220863648968,0.03779948061774234,0.02031655104906726,0.03743164503683298,nan,0.03743164503683298,0.038461538461538464,0.5771340161984567,0.005465150081800414,0.015095265434610042,0.0031830859933781827,0.0007144044396845162,0,0,0,0.0
40,5,0.0,0.0,control,202609120,2500,0.589362685607755,0.03809654223518625,0.021602763652139045,0.03767760272131607,nan,0.03767760272131607,0.038461538461538464,0.6057063900099278,0.0033755081933418995,0.009213175182500446,0.0018476065969428663,0.00041111580954743797,0,0,0,0.0
40,5,0.0,0.0,control,202609120,5000,0.611141281982122,0.038222610534624814,0.022433094660467646,0.037811281949749226,nan,0.037811281949749226,0.038461538461538464,0.624485803811513,0.0023533865669564612,0.006375490431837791,0.0012429087219217629,0.00027726465069569865,0,0,0,0.0
40,5,0.0,0.0,control,202609120,10000,0.6302264537297835,0.03830527610708054,0.023175805363226772,0.037911023426501565,nan,0.037911023426501565,0.038461538461538464,0.6413857680110566,0.001643662924320425,0.004423423643021221,0.0008414151520644825,0.00018883795724322115,0,0,0,0.0
40,5,0.0,0.0,control,202609120,25000,0.652268429778121,0.03837033169004672,0.024049470163213345,0.03801011200828981,nan,0.03801011200828981,0.038461538461538464,0.6613615408397916,0.00102372009903031,0.0027351360291064703,0.0005055660133121391,0.00011475455157816994,0,0,0,0.0
40,5,0.0,0.0,control,202609120,50000,0.6670271785085695,0.03840057110993284,0.024640036412414048,0.038067319853047184,nan,0.038067319853047184,0.038461538461538464,0.674975629286554,0.0007156704982041756,0.0019036669911920235,0.00034795680577491875,7.895562519548835e-05,0,0,0,0.0
40,5,0.0,0.0,control,202609120,100000,0.6804409790701624,0.03842066694366695,0.0251813407105873,0.038114320252343264,nan,0.038114320252343264,0.038461538461538464,0.6874893863047937,0.0005004514801506693,0.0013260185533719817,0.0002388148547432805,5.455949315795931e-05,0,0,0,0.0
40,5,0.0,0.0,control,202609121,0,0.0005044382235674859,0.007697568844473169,0.006346160380754531,0.014068169453353888,nan,0.014068169453353888,0.022564102564102566,0.18778184264746323,1.0,1.0,1.0,1.0,0,0,0,0.0
40,5,0.0,0.0,control,202609121,125,0.5345446074768222,-0.014811009847103417,-0.006435590114742247,-0.015265604572376778,nan,-0.015265604572376778,-0.015384615384615385,0.5637491574518757,0.02690172815568618,0.06184973366794021,0.026733434532440273,0.006387103046096924,0,0,0,0.0
40,5,0.0,0.0,control,202609121,500,0.5944199584752188,-0.015162081604895194,-0.007430067827699613,-0.01531351430702377,nan,-0.01531351430702377,-0.015384615384615385,0.6108057567597145,0.01298779240245206,0.028764549031310826,0.01182471575042153,0.0028268875056269185,0,0,0,0.0
40,5,0.0,0.0,control,202609121,1000,0.6167677685290068,-0.015239821054233648,-0.007825890955160918,-0.015327845151094524,nan,-0.015327845151094524,-0.015384615384615385,0.6298315669914175,0.009120373549085157,0.01989702479145215,0.007982605312301867,0.0019370918094829565,0,0,0,0.0
40,5,0.0,0.0,control,202609121,2500,0.6417833786238659,-0.015299689027845677,-0.008285956492429239,-0.015339896299401379,nan,-0.015339896299401379,-0.015384615384615385,0.6519579561266107,0.005732578718766998,0.012287517141906585,0.0047316278898901646,0.0011740746080683218,0,0,0,0.0
40,5,0.0,0.0,control,202609121,5000,0.6581877073821374,-0.01532862269301918,-0.008594362477697355,-0.015346710297159604,nan,-0.015346710297159604,-0.015384615384615385,0.6668768199167294,0.004035089300424998,0.008551849720681765,0.003251554852479285,0.0008104508709543745,0,0,0,0.0
40,5,0.0,0.0,control,202609121,10000,0.6729089166399438,-0.01534712922341188,-0.008876706056361528,-0.01535217613397528,nan,-0.01535217613397528,-0.015384615384615385,0.6804976990140682,0.002838781400915158,0.005958064020142592,0.0022343035379076112,0.0005622125417034802,0,0,0,0.0
40,5,0.0,0.0,control,202609121,25000,0.6902894439307602,-0.015362444220829653,-0.009213396977748171,-0.015357624908617314,nan,-0.015357624908617314,-0.015384615384615385,0.6968154227895276,0.0017812788347855248,0.0036981854722825617,0.0013686791495928006,0.00034646503980918347,0,0,0,0.0
40,5,0.0,0.0,control,202609121,50000,0.7021346451773842,-0.015369725867455207,-0.009445436478195016,-0.015360656919072077,nan,-0.015360656919072077,-0.015384615384615385,0.7080578773608531,0.0012511656830843437,0.0025793938710406824,0.0009485203735755845,0.00024067234583398137,0,0,0,0.0
40,5,0.0,0.0,control,202609121,100000,0.713034373525316,-0.015374559854224834,-0.00966026281431806,-0.015363307351080751,nan,-0.015363307351080751,-0.015384615384615385,0.7184734905895251,0.0008781735523979512,0.001799675434793393,0.0006579187503894061,0.00016735330729504162,0,0,0,0.0
40,5,1.0,0.25,f025,202609110,0,-0.0014877288959757452,0.007612087463459997,0.004544046388728023,-0.02158564307974325,-0.007035071069388062,-0.014066501739535229,-0.022564102564102562,0.1697720729366441,1.0,1.0,1.0,1.0,0,0,0,0.3
40,5,1.0,0.25,f025,202609110,125,0.13325134054389703,0.2772989163209559,0.002592923959596727,0.0720439858660757,0.9868425895161542,-0.025785905915407272,0.05076923076923077,0.3186385282394193,0.018075759455427793,0.061766697372122176,0.012537461986639822,0.0019669183819443284,0,0,0,0.3
40,5,1.0,0.25,f025,202609110,500,0.16598855548093217,0.2807781163646196,0.0020940004044922795,0.0737614518674693,0.9982248284463567,-0.023355364072977055,0.07538461538461538,0.3626856855332297,0.00769649503620549,0.02685171493695723,0.003188095041976825,0.00039610765902358937,0,0,0,0.3
40,5,1.0,0.25,f025,202609110,1000,0.1784795907498862,0.28427328310927225,0.002409680242139404,0.07719485666122873,0.9991189810973764,-0.021134151221580588,0.08153846153846153,0.3776383806936153,0.005328464503425352,0.018273829199815562,0.0015782768800168278,0.0001820154966098466,0,0,0,0.3
40,5,1.0,0.25,f025,202609110,2500,0.19769056916885636,0.28904880025247703,0.0030960715813666893,0.08257958183763096,0.999425970778096,-0.01801378395622692,0.08923076923076924,0.3977510806036011,0.0032708793131183784,0.011316756912020168,0.0006286667548356806,6.911445602849385e-05,0,0,0,0.3
40,5,1.0,0.25,f025,202609110,5000,0.21229187363754737,0.2951408015910104,0.003103169405182419,0.0861966535069419,0.9997687718523152,-0.018907342902554733,0.08205128205128207,0.408498204964574,0.0022755774947854556,0.007827941750061008,0.0003159013309136134,3.426135677230518e-05,0,0,0,0.3
40,5,1.0,0.25,f025,202609110,10000,0.2253296681302307,0.2969439325987863,0.002774009624117859,0.08827829170284018,0.9998760804694213,-0.021080397150784164,0.08205128205128207,0.41930991539203594,0.0015447701244179482,0.005315661902151732,0.00015893118608254815,1.7675448576097284e-05,0,0,0,0.3
40,5,1.0,0.25,f025,202609110,25000,0.24445806923330776,0.2994656696700574,0.002609374050436216,0.08989640624224991,0.9999460375704159,-0.021505991957945225,0.08923076923076924,0.4342319686145643,0.0009729825714227438,0.003152831918233476,6.36225017353151e-05,7.629627003624625e-06,0,0,0,0.3
40,5,1.0,0.25,f025,202609110,50000,0.25827533000679725,0.3016464233974727,0.002657406810888608,0.0910282520787445,0.9999777848108401,-0.020971412990693716,0.08923076923076924,0.4450131443906395,0.0006871913493238215,0.002208522177082025,3.189855403053447e-05,3.834212703899452e-06,0,0,0,0.3
40,5,1.0,0.25,f025,202609110,100000,0.2693868730633151,0.3028299244287466,0.0027373837427717,0.09256891736045475,0.9999880962282444,-0.02046672545035402,0.08923076923076924,0.4550264332180401,0.0004865138636173426,0.0015587387023248856,1.5976858415559268e-05,1.9279387026288493e-06,0,0,0,0.3
40,5,1.0,0.25,f025,202609111,0,-0.0011263693607101851,-0.008967010737212129,-0.0030025298151275847,0.008832584488393753,-0.0361984453845529,0.005974089881183607,0.006153846153846154,0.1662559283947304,1.0,1.0,1.0,1.0,0,0,0,0.325
40,5,1.0,0.25,f025,202609111,125,0.2157662692145842,0.38638305833501185,0.01275421611244033,0.22824389768882705,0.9898619330635592,0.03100462320050346,0.23076923076923078,0.32413422849647183,0.02664902039222128,0.0661288126687387,0.021120914151259627,0.0019067778912036013,0,0,0,0.325
40,5,1.0,0.25,f025,202609111,500,0.24546601812406776,0.3932279393994082,0.01464647167372074,0.23012524848454566,0.9976071729646031,0.031314004876615495,0.23076923076923078,0.35563627617505145,0.013475503104858072,0.030995936724696325,0.00959597581003867,0.00046605459729610134,0,0,0,0.325
40,5,1.0,0.25,f025,202609111,1000,0.2568912312914655,0.3947524380690997,0.01539618703917885,0.23038821207712248,0.9988133064389157,0.03137618694136155,0.23076923076923078,0.3687494433556183,0.009793329901381693,0.021481904465096166,0.006513226197916182,0.0002323418340400309,0,0,0,0.325
40,5,1.0,0.25,f025,202609111,2500,0.269780838210014,0.39592179440264474,0.016190561819168225,0.23060467020756045,0.9994872831040368,0.031419096747418,0.23076923076923078,0.3842141023743686,0.006487166777112556,0.013295920883445871,0.0039367839437453745,9.299754065228534e-05,0,0,0,0.325
40,5,1.0,0.25,f025,202609111,5000,0.2783906448856218,0.39644009116614976,0.016730863803770913,0.2306721130885253,0.9996908524234732,0.031433724107845645,0.23076923076923078,0.39483866919218036,0.004765367268173926,0.009264665082998393,0.0026785693956410954,4.6538293626849134e-05,0,0,0,0.325
40,5,1.0,0.25,f025,202609111,10000,0.2861386273104951,0.39677487067230033,0.01718260705599784,0.23074589434520162,0.9998842531542218,0.03144103367092474,0.23076923076923078,0.404656843825897,0.0035073405858036333,0.0064604318934387474,0.0018534411660686867,2.3351696391940994e-05,0,0,0,0.325
40,5,1.0,0.25,f025,202609111,25000,0.29552405183090497,0.3970477005533009,0.017776400610895717,0.230766470557818,0.9999508755779666,0.03143916565325409,0.23076923076923078,0.41664494172614075,0.0023369602727725224,0.004013833429367958,0.0011332191989277974,9.356985757064888e-06,0,0,0,0.325
40,5,1.0,0.25,f025,202609111,50000,0.3019791364080933,0.39717494588095886,0.018177472644229066,0.23077942727131026,0.9999695617271968,0.031435260436682905,0.23076923076923078,0.425013080391005,0.001716481877142955,0.0028009311984569804,0.0007791118776786716,4.680687326304785e-06,0,0,0,0.325
40,5,1.0,0.25,f025,202609111,100000,0.3079714261688239,0.39725970003983385,0.018546408897217186,0.23078671010141893,0.9999822364411918,0.031429878575662,0.23076923076923078,0.4328536529457856,0.0012574630025504875,0.0019550467675603584,0.0005396617767938153,2.3401933806495538e-06,0,0,0,0.325
40,5,1.0,0.25,f025,202609112,0,-0.00037346066614553234,0.010991584517368704,0.0021347933022071997,0.002237879401794178,-0.09934710633247731,0.014893577179417309,0.001025641025641026,0.15862539992345895,1.0,1.0,1.0,1.0,0,0,0,0.2
40,5,1.0,0.25,f025,202609112,125,0.19805634832504942,0.20384505837053038,0.004163517702079364,0.08949849469134964,0.9834030856940369,-0.0010252749935238052,0.016923076923076923,0.33725508559493766,0.025722000081774814,0.06095806460704768,0.012296080343464053,0.001798428422596595,0,0,0,0.2
40,5,1.0,0.25,f025,202609112,500,0.24791491034450452,0.1952079186626343,-0.00016541245168703688,0.07317489105568678,0.9924030072612811,-0.011635923900444918,0.016923076923076923,0.38202043739067826,0.012998302732453185,0.02574772774900585,0.0030898330977593333,0.00042264256998135203,0,0,0,0.2
40,5,1.0,0.25,f025,202609112,1000,0.26784356073418986,0.19056943227595874,-0.0016859495228721598,0.06686538608593988,0.9973113757055708,-0.015073685652004799,0.016923076923076923,0.399658256964927,0.009649285585021216,0.01625951469945047,0.001558282655529355,0.00021037020065889605,0,0,0,0.2
40,5,1.0,0.25,f025,202609112,2500,0.2961142833001662,0.18559016672701895,-0.0027155265203905087,0.05987641689304776,0.998545984949133,-0.01894234874290575,0.02205128205128205,0.4169921057491627,0.006317841994740156,0.009764939844554704,0.0006252148533110683,8.337671651239713e-05,0,0,0,0.2
40,5,1.0,0.25,f025,202609112,5000,0.3159447313874995,0.18330432175258382,-0.003739043187769916,0.055752193966858925,0.9992546393711582,-0.02071652354455123,0.02205128205128205,0.43243319741536707,0.004674938656993914,0.006756697954474338,0.0003115707098221236,4.1598537605209967e-05,0,0,0,0.2
40,5,1.0,0.25,f025,202609112,10000,0.33214120587170165,0.18215492527183152,-0.004626342151510054,0.052178976969417805,0.9994944525869637,-0.022095750813063406,0.02205128205128205,0.4466620880638413,0.00347752611145246,0.00472340608932875,0.00015692581735831773,2.0795595508439632e-05,0,0,0,0.2
40,5,1.0,0.25,f025,202609112,25000,0.35010925071587584,0.18317683000431417,-0.005552156373525627,0.04865241141406623,0.9997784037800738,-0.023361742190806938,0.02205128205128205,0.46372625047317956,0.0023608122027770585,0.0028617083237141476,6.364279764897572e-05,8.31723216785781e-06,0,0,0,0.2
40,5,1.0,0.25,f025,202609112,50000,0.3622342235031595,0.18354803460562574,-0.006099533580757475,0.046844119737236685,0.99992741983859,-0.02401164171141922,0.02205128205128205,0.4755311263170663,0.0017627691160162946,0.001989433302451322,3.180371090132053e-05,4.156380980466324e-06,0,0,0,0.2
40,5,1.0,0.25,f025,202609112,100000,0.37319854485570836,0.1837495011255159,-0.006575563987179154,0.045369461629489856,0.999976236802833,-0.02451404132857022,0.02205128205128205,0.486559032890802,0.0013157573386802675,0.0013859545841731539,1.599759490949344e-05,2.0781964489603546e-06,0,0,0,0.2
40,5,1.0,0.25,f025,202609113,0,-0.004217025512642516,0.008264903455092875,0.0036546144741455844,-0.009607135456033603,0.05556097745978835,-0.017915986816801368,-0.004615384615384616,0.16443526111916973,1.0,1.0,1.0,1.0,0,0,0,0.225
40,5,1.0,0.25,f025,202609113,125,0.22876301921142664,0.21973927109847113,-0.0013192000888692385,0.061405457245357065,0.9845891012663921,-0.02222129653603831,0.05282051282051281,0.3367209328904054,0.01742348241202815,0.06222347116759354,0.016390749562343924,0.002054332957743953,0,0,0,0.225
40,5,1.0,0.25,f025,202609113,500,0.2905521377738977,0.22395194230198057,-0.0020003935660796016,0.06408168755549076,0.9943976854715376,-0.022678728073576942,0.05282051282051281,0.3909279784342316,0.0077011698256623465,0.027969561999874548,0.004096872891211051,0.0004891690811481263,0,0,0,0.225
40,5,1.0,0.25,f025,202609113,1000,0.3100059240385413,0.22518309326399027,-0.002346066068063711,0.0644562559979,0.9979705551209894,-0.022828298948657316,0.05282051282051281,0.4105956736300236,0.005331045690658913,0.019316958326595662,0.002058380268763735,0.00024180491941404512,0,0,0,0.225
40,5,1.0,0.25,f025,202609113,2500,0.33093150306897917,0.22627383348754507,-0.0027091951077227168,0.064869031392517,0.9990518193937784,-0.022961418771184378,0.05282051282051281,0.43294436944291137,0.003327601101418997,0.011950721920688473,0.0007983392918978757,9.71685205610967e-05,0,0,0,0.225
40,5,1.0,0.25,f025,202609113,5000,0.3442346923472316,0.2268518562401701,-0.002974354650398716,0.06509504939385954,0.9996779491536097,-0.02303201219566383,0.05282051282051281,0.4477894623502142,0.0023427437140901026,0.008316145812585557,0.000404219041259689,4.8597819928344684e-05,0,0,0,0.225
40,5,1.0,0.25,f025,202609113,10000,0.3559447139577979,0.2272966764305799,-0.0032309381885402976,0.06507978088194158,0.9999097992194456,-0.02310428714703298,0.05282051282051281,0.4612872820229761,0.0016497495269552367,0.0057899796471452694,0.00020278363160002578,2.4307727470433264e-05,0,0,0,0.225
40,5,1.0,0.25,f025,202609113,25000,0.36957936220521,0.22768708645929528,-0.0035379945293310365,0.06518614672475341,0.9999525094827335,-0.023166035716185092,0.05282051282051281,0.4774013562613318,0.001036810653851188,0.0035892001487324754,8.118401697618913e-05,9.708131582826621e-06,0,0,0,0.225
40,5,1.0,0.25,f025,202609113,50000,0.3787754763412326,0.22787071844832843,-0.0037506172502912278,0.06521324098443233,0.9999743694769209,-0.023200682697009752,0.05282051282051281,0.48849794584069406,0.0007280800344916771,0.0025005007541574515,4.0604892801155555e-05,4.858582846591845e-06,0,0,0,0.225
40,5,1.0,0.25,f025,202609113,100000,0.3871817580917322,0.22798241310776932,-0.003951488509164058,0.06524043092321602,0.9999839081963405,-0.02323176663273572,0.05282051282051281,0.4987630826870982,0.0005110302195617006,0.0017422252854331403,2.03478616195967e-05,2.4267204647405623e-06,0,0,0,0.225
40,5,1.0,0.25,f025,202609114,0,0.00048051281083645814,0.007064013459859216,-0.003081941018412479,-0.018923930507288203,0.058458137383101745,-0.01773853866208789,-0.0025641025641025632,0.18154940581752302,1.0,1.0,1.0,1.0,0,0,0,0.2
40,5,1.0,0.25,f025,202609114,125,0.18672878490762634,0.20558730093937838,-0.00650987215143731,0.04535791783123195,0.9825168507716364,-0.023866739166520958,0.013846153846153847,0.344589333590777,0.022790701744897585,0.056867880637439604,0.013005825144719041,0.002003505397813847,0,0,0,0.2
40,5,1.0,0.25,f025,202609114,500,0.25826375802028506,0.18803651560336596,-0.009697979327231324,0.03247815490083549,0.9932275372201956,-0.028028605099576054,0.004615384615384616,0.4002434687459219,0.010468472049620158,0.024020164762133187,0.0031289423510508407,0.00045808320785118117,0,0,0,0.2
40,5,1.0,0.25,f025,202609114,1000,0.2830343051938826,0.1843987612556526,-0.010078257306331868,0.030253256479940524,0.9947488021803499,-0.027715835562896633,0.004615384615384616,0.4196847651240791,0.007732134625964057,0.016575204012632884,0.0015280588905877512,0.0002351723282064326,0,0,0,0.2
40,5,1.0,0.25,f025,202609114,2500,0.3163836755861446,0.18073927491664749,-0.010237795783090064,0.03206159115884196,0.9986616128415918,-0.026411308707365088,0.013846153846153847,0.44408695108602936,0.004783767931703538,0.009242393661110565,0.0006255639889453694,9.399607587936246e-05,0,0,0,0.2
40,5,1.0,0.25,f025,202609114,5000,0.33705296494098297,0.17908292000053017,-0.010861876405526475,0.030020680756839908,0.9994614501425055,-0.0269615606767502,0.013846153846153847,0.4611015673474813,0.003479796200544564,0.00630898176913509,0.00031315676856387284,4.6996218655914625e-05,0,0,0,0.2
40,5,1.0,0.25,f025,202609114,10000,0.3540111742112785,0.1779728330580528,-0.011452957649804033,0.027990547029043664,0.9997304037837169,-0.027442534532352316,0.013846153846153847,0.47639226357220005,0.0025462765228661576,0.004478535565797524,0.00015774174189539137,2.345748386244864e-05,0,0,0,0.2
40,5,1.0,0.25,f025,202609114,25000,0.37309437112600474,0.17940837112221317,-0.012042784427509067,0.026496200230874734,0.9999212233338748,-0.027669817627649317,0.013846153846153847,0.4945283795890978,0.0016876006387441112,0.002665808714020983,6.334635000103717e-05,9.379795857823121e-06,0,0,0,0.2
40,5,1.0,0.25,f025,202609114,50000,0.3856359308187437,0.17965393124741172,-0.012399395431133874,0.025911519822543593,0.9999246079281345,-0.027733433944156616,0.013846153846153847,0.5069456508658844,0.0012359721694238939,0.0018540020551740385,3.1795921574729475e-05,4.69157925288933e-06,0,0,0,0.2
40,5,1.0,0.25,f025,202609114,100000,0.3967724332241368,0.1797840371337881,-0.012719867739059141,0.025446944222188097,0.9999661164144101,-0.02777631062498034,0.013846153846153847,0.5183720914562655,0.0009034910712050823,0.0012913285395897707,1.5948405808090318e-05,2.3456251335912456e-06,0,0,0,0.2
40,5,1.0,0.25,f025,202609115,0,0.002030267786546897,-0.00907501001303264,-2.3746836899525452e-05,-0.009914376016065362,-0.03149458205091197,-0.009463197370036732,-0.015897435897435898,0.18145139980475206,1.0,1.0,1.0,1.0,0,0,0,0.325
40,5,1.0,0.25,f025,202609115,125,0.2529640349195392,0.384832196556852,0.027671609726427192,0.22532478001384834,0.9936770018109488,0.03098626206409722,0.18410256410256412,0.35873474470586847,0.018231921219553422,0.06755657277071728,0.01863937887539248,0.002103110452831495,0,0,0,0.325
40,5,1.0,0.25,f025,202609115,500,0.2850896951113609,0.39277466801533006,0.029677381660667183,0.2271192758848085,0.9985560431361284,0.03116257839190872,0.18410256410256412,0.3908024883717863,0.008346216536353639,0.03156811149420554,0.007435752631296042,0.00046872910203559523,0,0,0,0.325
40,5,1.0,0.25,f025,202609115,1000,0.29648878241773396,0.39445860658312343,0.030246970670697183,0.22738674907872441,0.9991234845289699,0.03119967357061097,0.18410256410256412,0.4037534209305667,0.005790927038556857,0.021853583044104067,0.004973915864163675,0.00022622600362654492,0,0,0,0.325
40,5,1.0,0.25,f025,202609115,2500,0.3092443004986168,0.3957467905738623,0.030935449733656042,0.2276359884128411,0.9995863988691704,0.031238125888892628,0.18410256410256412,0.4190228354496316,0.0036095765232287145,0.013495615827303718,0.0029205085437266527,8.868852815955446e-05,0,0,0,0.325
40,5,1.0,0.25,f025,202609115,5000,0.3174672729952347,0.39632264532348754,0.031318281283870056,0.22778408889771234,0.9997468871910178,0.031254409628518436,0.18410256410256412,0.4293455192622716,0.0025325440563563673,0.009393022320368743,0.0019597130042103526,4.4028209027900246e-05,0,0,0,0.325
40,5,1.0,0.25,f025,202609115,10000,0.3248757343892124,0.3966966510435256,0.03166753041064349,0.22790848845231876,0.9999034433785129,0.031265614903580055,0.18410256410256412,0.4388537933399608,0.0017793360840407594,0.006542902105376423,0.0013322548228615549,2.1862415394611807e-05,0,0,0,0.325
40,5,1.0,0.25,f025,202609115,25000,0.33369563129256125,0.39700110510204545,0.032105928180336044,0.2280232049662414,0.9999640302329715,0.031277648790892267,0.18410256410256412,0.45036833694833706,0.0011162551021107478,0.004060978670570903,0.0007924325099385844,8.694674897679074e-06,0,0,0,0.325
40,5,1.0,0.25,f025,202609115,50000,0.3397326481702353,0.39714383323321584,0.03240436314071103,0.22811111774309148,0.9999862904518466,0.03128443445195252,0.18410256410256412,0.45835571239096956,0.0007843656314727582,0.0028324148618840816,0.0005428165812641479,4.329519251396134e-06,0,0,0,0.325
40,5,1.0,0.25,f025,202609115,100000,0.3452729199899031,0.39723900074613394,0.03265681565043742,0.22817373926314044,0.9999894580329813,0.03129056422817511,0.18410256410256412,0.4657963474772796,0.0005509215978714976,0.0019760640908510897,0.0003718221328793861,2.158979773498705e-06,0,0,0,0.325
40,5,1.0,0.25,f025,202609116,0,-0.0009080371206141492,-0.0027543828459559356,0.015033462811259366,0.016881176797745402,-0.07539332731437716,0.033052961216786615,0.012307692307692308,0.16662704556947266,1.0,1.0,1.0,1.0,0,0,0,0.25
40,5,1.0,0.25,f025,202609116,125,0.26611721689635387,0.23818911214581395,0.0025750948755763193,0.06710313890559136,0.9796775842390216,-0.028269236967846827,0.06666666666666667,0.3707267407713409,0.0372340303525452,0.060911273883153226,0.014598937200303124,0.001658122693723838,0,0,0,0.25
40,5,1.0,0.25,f025,202609116,500,0.30388775865562107,0.2432324350410725,0.0015457566409186386,0.06729783846203918,0.9923295516139841,-0.028780675432728275,0.06666666666666667,0.40690821346389844,0.019183851874721207,0.02843563815142999,0.005640053926416433,0.0004082183988392709,0,0,0,0.25
40,5,1.0,0.25,f025,202609116,1000,0.31753817736016154,0.24430553532937763,0.0010520537570490698,0.06744717359133175,0.9961844938671565,-0.028936374972424222,0.06666666666666667,0.4214431424073316,0.014103754559661596,0.019683885392459376,0.0037292075838554688,0.00020240025898519715,0,0,0,0.25
40,5,1.0,0.25,f025,202609116,2500,0.3328933497383101,0.24512066916854505,0.0004697813735796194,0.06738071399681236,0.9980300639468658,-0.029105079550239187,0.06666666666666667,0.4384772756500818,0.00949849094120775,0.01216684718780041,0.0021569365906948727,8.076822668659485e-05,0,0,0,0.25
40,5,1.0,0.25,f025,202609116,5000,0.3430429136781135,0.24547810558967123,6.185785575347157e-05,0.06730696836248536,0.9988876733692057,-0.029205304109701086,0.06666666666666667,0.45011572203430517,0.00706753796910808,0.008473076787422316,0.0014648863647215634,4.028258045683866e-05,0,0,0,0.25
40,5,1.0,0.25,f025,202609116,10000,0.3521909245477374,0.24570882326483076,-0.0003214124753697593,0.06727852705903849,0.9994681326632259,-0.02928682868720992,0.06666666666666667,0.4608482260586051,0.0052667635092418,0.005905544649244597,0.0009914718614612336,2.0148652644503403e-05,0,0,0,0.25
40,5,1.0,0.25,f025,202609116,25000,0.3630513179486757,0.2458933396281746,-0.0008000372097322255,0.06724342854484282,0.9998716769350336,-0.029372751705611745,0.06666666666666667,0.4738600015711585,0.003571900123409879,0.0036673869406351704,0.0005999514272961621,8.060906936297959e-06,0,0,0,0.25
40,5,1.0,0.25,f025,202609116,50000,0.37051017077304954,0.24597890635407654,-0.0011391880695452842,0.06720060757641291,0.9999381826680661,-0.02942645585516135,0.06666666666666667,0.48293122583595405,0.002659896408990703,0.0025587366481102393,0.0004101182491923794,4.030003678034509e-06,0,0,0,0.25
40,5,1.0,0.25,f025,202609116,100000,0.3774299579201384,0.24603599007476054,-0.0014573865819412723,0.06713567699302715,0.9999801271553852,-0.029471851508406054,0.06666666666666667,0.4914188302343311,0.001976040403364369,0.001785691301164244,0.00028173288229726626,2.0167181913201815e-06,0,0,0,0.25
40,5,1.0,0.25,f025,202609117,0,-0.0023253952378594926,-0.008133294849679451,0.00044640440841913024,0.020626690560808833,-0.09415264354083695,0.06557770554197455,0.013846153846153847,0.17190108003551702,1.0,1.0,1.0,1.0,0,0,0,0.25
40,5,1.0,0.25,f025,202609117,125,0.3449200408188638,0.43363665715372707,0.09417419143969233,0.3407032918786275,0.9967251919839258,0.18879285180662506,0.3435897435897436,0.43307681816786214,0.01679455736775307,0.0641718147787635,0.02211657004186942,0.0026613944232540283,0,0,0,0.25
40,5,1.0,0.25,f025,202609117,500,0.3864222492404383,0.4414286703820054,0.10166570394631756,0.3418209369675098,0.9992500425627651,0.18954893592773764,0.3435897435897436,0.4728884828037751,0.00763559317395848,0.029775034545558215,0.00993370037864695,0.0006695819361936565,0,0,0,0.25
40,5,1.0,0.25,f025,202609117,1000,0.4011122719738746,0.4431312143547329,0.10445551944252975,0.34215638991751085,0.9996209391345323,0.18977486738890983,0.3435897435897436,0.4883970942291235,0.005264821122550662,0.020587263440580317,0.006734438675158795,0.0003363460384361829,0,0,0,0.25
40,5,1.0,0.25,f025,202609117,2500,0.41694027315952814,0.44444504416337766,0.1074416840848498,0.34246423989431485,0.999846650425739,0.18998137705401374,0.3435897435897436,0.5060401127223986,0.0032523489921353413,0.012716924439517954,0.003927882446548791,0.00013417376126824022,0,0,0,0.25
40,5,1.0,0.25,f025,202609117,5000,0.42735450503946676,0.4450285966054698,0.10954073023532086,0.34262799188520743,0.9999477732013105,0.19009631472724342,0.3435897435897436,0.5179071418547905,0.002269002977936018,0.008853716187287449,0.002688294450308078,6.705015572719763e-05,0,0,0,0.25
40,5,1.0,0.25,f025,202609117,10000,0.43657588177584244,0.44540754479706,0.11142499349339359,0.3427649267426081,0.9999847808055508,0.1901904784386412,0.3435897435897436,0.5286415331629666,0.0015854263541342424,0.0061696546185302506,0.001845838816264968,3.351233665332164e-05,0,0,0,0.25
40,5,1.0,0.25,f025,202609117,25000,0.44733532160034456,0.4457153188579454,0.11363391550677646,0.342901336076009,0.9999907393440647,0.1902868861040076,0.3435897435897436,0.5414114168865748,0.000987764520525809,0.003830769180538672,0.0011141715516924972,1.3385175190334781e-05,0,0,0,0.25
40,5,1.0,0.25,f025,202609117,50000,0.4545945023386986,0.44585889789791183,0.11512872558249516,0.3429774353580697,0.9999950741500357,0.19034522465010187,0.3435897435897436,0.550143269952377,0.0006910910099252018,0.0026723512094957934,0.0007683607226078682,6.692884155930471e-06,0,0,0,0.25
40,5,1.0,0.25,f025,202609117,100000,0.461240378184741,0.4459546569158984,0.11650763536832856,0.34304177418433984,0.9999976018189228,0.19039368028078105,0.3435897435897436,0.5581963050291848,0.0004836234553025513,0.0018647991889873957,0.0005305782973179082,3.3486356742923645e-06,0,0,0,0.25
40,5,1.0,0.25,f025,202609118,0,-0.0015537416273332003,-0.001536714536824825,-0.008324671706188289,-0.014261535224861255,-0.04909419301733026,-0.01648812942134593,-0.010769230769230769,0.16064292746429581,1.0,1.0,1.0,1.0,0,0,0,0.275
40,5,1.0,0.25,f025,202609118,125,0.30579618589379015,0.3616002865972617,0.03771527672911876,0.2309036202525525,0.9963740901109911,0.0646631223932972,0.23076923076923078,0.40742820263795004,0.0155848418496831,0.06527679860792202,0.02547427600294266,0.002539936648152555,0,0,0,0.275
40,5,1.0,0.25,f025,202609118,500,0.3444114908731035,0.36794718485116334,0.04062587530649094,0.2310381158721385,0.9991538817338449,0.06442820358325717,0.23076923076923078,0.44755026231153466,0.0070328031144707955,0.030345980196354,0.011069746755476222,0.0006123734435502598,0,0,0,0.275
40,5,1.0,0.25,f025,202609118,1000,0.3580474353865061,0.3693385458196611,0.041557176196185035,0.23100863151057185,0.9994964319630366,0.06436205361539815,0.23076923076923078,0.4630997255238974,0.004837077062623303,0.02098917106717415,0.007226083712975045,0.0003031687803963228,0,0,0,0.275
40,5,1.0,0.25,f025,202609118,2500,0.37324094340170755,0.3704062558900549,0.04270758439265377,0.23098311806973734,0.9998279653333212,0.06429865748715875,0.23076923076923078,0.4809472695948873,0.0029788079900098636,0.012968759322973523,0.004361328883546226,0.0001210085973245326,0,0,0,0.275
40,5,1.0,0.25,f025,202609118,5000,0.383122806815604,0.37088100410191194,0.043494943880841394,0.2309695555498354,0.9998964707590413,0.0642629556411832,0.23076923076923078,0.49284363824887734,0.0020730177671211955,0.009030090810550563,0.0030134309197681628,6.025679457326813e-05,0,0,0,0.275
40,5,1.0,0.25,f025,202609118,10000,0.391891344569499,0.3711873278006771,0.044180971089527635,0.23094211645180798,0.9999452087447064,0.06423158862098693,0.23076923076923078,0.503597910655515,0.0014455723946383934,0.006293376591776382,0.002070922839015989,3.0117508515026602e-05,0,0,0,0.275
40,5,1.0,0.25,f025,202609118,25000,0.4021621099947774,0.37143775729803125,0.04500360793918261,0.23092142156259943,0.9999850764474747,0.06420087750664721,0.23076923076923078,0.5163636795745628,0.0008989834895683155,0.003908095040929355,0.0012658883197773157,1.2066684464395827e-05,0,0,0,0.275
40,5,1.0,0.25,f025,202609118,50000,0.40907346006974593,0.3715546141248232,0.04554606367671128,0.23090616067654363,0.9999906865275981,0.06418258950042337,0.23076923076923078,0.5250698528731015,0.000628102964038815,0.0027264233715872995,0.0008730270399303865,6.02370930185216e-06,0,0,0,0.275
40,5,1.0,0.25,f025,202609118,100000,0.4154019056327123,0.3716326007534282,0.04604886065216765,0.230892465671179,0.9999958594950827,0.06416730736590853,0.23076923076923078,0.53309008700205,0.0004390106362963409,0.0019026978519889697,0.0006056021752735983,3.011556322298455e-06,0,0,0,0.275
40,5,1.0,0.25,f025,202609119,0,0.00044175722501338773,0.0050249838335183405,-0.005722818428751001,-0.011191023838449313,0.0032925553846100777,0.0015667399340173623,-0.01282051282051282,0.1824331038941749,1.0,1.0,1.0,1.0,0,0,0,0.3
40,5,1.0,0.25,f025,202609119,125,0.2728246157471042,0.3420579536378705,0.01404309577728367,0.18015224218018905,0.9909934877465175,0.010200706640733687,0.18205128205128204,0.3838988581222238,0.024978156351838657,0.06507753602151971,0.02178275257603896,0.0018932112176608276,0,0,0,0.3
40,5,1.0,0.25,f025,202609119,500,0.30820142162931563,0.3477864854223437,0.015521342493723963,0.18136240424280906,0.998416288717804,0.010335018457862239,0.18205128205128204,0.42020855663165974,0.012527967918199023,0.03039539930141518,0.009463030727909558,0.00046636453415325676,0,0,0,0.3
40,5,1.0,0.25,f025,202609119,1000,0.32105515815148955,0.349048055513299,0.016013099482465546,0.18151732406933763,0.9991664741155419,0.010369873345210053,0.18205128205128204,0.4345883635349506,0.009046144117396696,0.021043931099047578,0.006448057294155693,0.0002291948596245188,0,0,0,0.3
40,5,1.0,0.25,f025,202609119,2500,0.33493446218115175,0.35002033932731463,0.016371027292981944,0.18165588607564237,0.9996629038242302,0.010406494037188005,0.18205128205128204,0.45108684347247996,0.005920707828211617,0.013011331781185548,0.0038957825856310298,9.118775765543231e-05,0,0,0,0.3
40,5,1.0,0.25,f025,202609119,5000,0.3440373093268829,0.35045133731877465,0.016628708853929433,0.18171883842901732,0.9998532406075138,0.010427089757767283,0.18205128205128204,0.4622041770542065,0.004303480619957506,0.009063218849034925,0.002655196019858888,4.5836789916018846e-05,0,0,0,0.3
40,5,1.0,0.25,f025,202609119,10000,0.3521752942915701,0.35073065929734354,0.01685721088567473,0.18176836825826181,0.9999183688673268,0.010446098325505849,0.18205128205128204,0.4723360208204207,0.003126965139663496,0.006317496347047162,0.001806932016882509,2.293110326464098e-05,0,0,0,0.3
40,5,1.0,0.25,f025,202609119,25000,0.3618114906491552,0.3509579914508866,0.017150461522328783,0.18181532728203995,0.9999731518558121,0.010468038536770101,0.18205128205128204,0.4844925235886121,0.0020456133592485024,0.0039238994940308655,0.0011038604279153543,9.181547021343325e-06,0,0,0,0.3
40,5,1.0,0.25,f025,202609119,50000,0.3683234875362899,0.3510640024261807,0.017331775240486548,0.18184598155917386,0.9999887331557004,0.010482130094964197,0.18205128205128204,0.4928445527091993,0.0014801559721351221,0.0027377809809697416,0.0007647378254003503,4.59084523186429e-06,0,0,0,0.3
40,5,1.0,0.25,f025,202609119,100000,0.37432450264342576,0.3511347097519895,0.01750534107467978,0.18186911064308928,0.9999939816368434,0.01049416695225078,0.18205128205128204,0.5005885963546544,0.0010680512672736012,0.0019107610731253285,0.0005296850454854663,2.294807032611169e-06,0,0,0,0.3
40,5,1.0,0.25,f025,202609120,0,-0.00024413095881927735,-0.006177618626865025,0.0016458237252951313,0.00022142204850319138,-0.002576564569837122,-0.005788170756276691,-0.02153846153846154,0.15787260943524437,1.0,1.0,1.0,1.0,0,0,0,0.3
40,5,1.0,0.25,f025,202609120,125,0.2880923328965137,0.3148291661092999,0.0043906084476540526,0.13719959672763044,0.9916057014092657,-0.01572866686569738,0.13846153846153847,0.4073121008668755,0.014664189589498125,0.06612606741078716,0.024319022526718494,0.002256777250069418,0,0,0,0.3
40,5,1.0,0.25,f025,202609120,500,0.3250637030639396,0.31994011948422013,0.004243468798273277,0.1381060768588668,0.9986946700183161,-0.01578340635579926,0.13846153846153847,0.44707166530529713,0.006610643505469957,0.030689314578558308,0.010416265369706777,0.00055078387331909,0,0,0,0.3
40,5,1.0,0.25,f025,202609120,1000,0.3379761502696571,0.3210765940422518,0.004128611739084685,0.1381996234403916,0.9993012334284552,-0.015795849169766812,0.13846153846153847,0.4622117876313654,0.004550871557596069,0.021226953308412063,0.006899855683251459,0.0002725297852632971,0,0,0,0.3
40,5,1.0,0.25,f025,202609120,2500,0.35198862113430407,0.3219475398983478,0.0039949664688828795,0.1382472736830541,0.999593775231237,-0.01581309079645593,0.13846153846153847,0.47931186456234054,0.0028082714732250436,0.013116321983818744,0.004189345041066014,0.000108626760109169,0,0,0,0.3
40,5,1.0,0.25,f025,202609120,5000,0.3610445523651291,0.3223330128038425,0.003928786904055741,0.1382954967546714,0.999749234614326,-0.015823258710217867,0.13846153846153847,0.4906236752499149,0.00195625483074231,0.009133365260706251,0.0028674225912205314,5.425982491711515e-05,0,0,0,0.3
40,5,1.0,0.25,f025,202609120,10000,0.3690331004509844,0.3225824818795429,0.003872054706505281,0.1383387278108208,0.9999155467218129,-0.015830936350728925,0.13846153846153847,0.5007835114893661,0.0013652620076620287,0.0063658070517254835,0.001968724707554653,2.7167082111053697e-05,0,0,0,0.3
40,5,1.0,0.25,f025,202609120,25000,0.3782483075583259,0.3227860551564148,0.003788427569932989,0.13836743018283518,0.9999680367445009,-0.015838524198935826,0.13846153846153847,0.5127362429113846,0.000849929707662314,0.003953360656647628,0.0012013131742065282,1.0883878455568443e-05,0,0,0,0.3
40,5,1.0,0.25,f025,202609120,50000,0.38443586717016,0.322881195445904,0.0037323816264744265,0.13837637103272052,0.9999863255823095,-0.01584324713531433,0.13846153846153847,0.5208541445333769,0.0005941284389989916,0.002758148295118391,0.000829804636116796,5.439317729299953e-06,0,0,0,0.3
40,5,1.0,0.25,f025,202609120,100000,0.3900662314172986,0.32294472006621894,0.003682901090220232,0.1383857292965622,0.9999933306720838,-0.01584706439678585,0.13846153846153847,0.5282938105517117,0.0004155293779289789,0.001924877476248082,0.0005733077489246232,2.719305446537721e-06,0,0,0,0.3
40,5,1.0,0.25,f025,202609121,0,0.0005044382235674859,0.007697568844473169,0.006346160380754531,0.014068169453353888,-0.020348514289949913,0.009869363063056897,0.022564102564102566,0.18778184264746323,1.0,1.0,1.0,1.0,0,0,0,0.325
40,5,1.0,0.25,f025,202609121,125,0.2703984093757371,0.4232447409087476,0.05015811149450125,0.28190391096862083,0.9950740414636436,0.07541725087146726,0.2846153846153846,0.36891668704469904,0.01971569648133093,0.06586137505711709,0.023880816383918514,0.0023466526065291926,0,0,0,0.325
40,5,1.0,0.25,f025,202609121,500,0.30265459905976866,0.43027571404502424,0.053027781961523676,0.28313052551432993,0.9988593882225079,0.07591908348679201,0.2846153846153846,0.4027131261995434,0.009266750450077063,0.030836093913137744,0.010362138935559689,0.0005702673725945812,0,0,0,0.325
40,5,1.0,0.25,f025,202609121,1000,0.3141576042274483,0.4318533242778368,0.05391492265608339,0.28344406951100404,0.9994768353006666,0.07608243435656399,0.2846153846153846,0.4161553994976587,0.006478239337019872,0.02136662808792388,0.007101489886367475,0.00028684847488665043,0,0,0,0.325
40,5,1.0,0.25,f025,202609121,2500,0.327257476534743,0.4330534131525112,0.05505964857565203,0.2836855732306598,0.999714454945647,0.07624348589090504,0.2846153846153846,0.43195825026904344,0.004070289311403212,0.013217724649171047,0.004208523761144212,0.00011388405250292235,0,0,0,0.325
40,5,1.0,0.25,f025,202609121,5000,0.33586313908710613,0.4335872106886268,0.055837567487547646,0.2838178927248389,0.999859548726891,0.07633442785495408,0.2846153846153846,0.4426522586187221,0.002868701197983218,0.009209276269518276,0.0028979563045655045,5.698992619019298e-05,0,0,0,0.325
40,5,1.0,0.25,f025,202609121,10000,0.34348113942009434,0.433932594588833,0.0564769231627171,0.2839332206840022,0.99990934769511,0.07640755019279595,0.2846153846153846,0.4523826349989369,0.002022368947556628,0.006421120293932578,0.0019814731110846737,2.850780191994962e-05,0,0,0,0.325
40,5,1.0,0.25,f025,202609121,25000,0.35250852524605525,0.4342141047572836,0.05725441936610852,0.2840447366615122,0.9999701150235389,0.07648627236889775,0.2846153846153846,0.4640934839617167,0.0012731317942882244,0.003988544486232847,0.0012075866191381382,1.140496849518028e-05,0,0,0,0.325
40,5,1.0,0.25,f025,202609121,50000,0.3586555735454898,0.4343454156061058,0.05777937676956893,0.2841102798028486,0.9999915493330772,0.07653473561618647,0.2846153846153846,0.47217908867225267,0.0008961987440263763,0.0027831710813736093,0.0008322588090037134,5.695339429192048e-06,0,0,0,0.325
40,5,1.0,0.25,f025,202609121,100000,0.36431683682464,0.43443301790109556,0.05826263170820759,0.2841636591842317,0.9999972671233479,0.07657483330431612,0.2846153846153846,0.4796852729216884,0.0006302698369645543,0.0019425525963741145,0.0005748036793620221,2.8520280337875525e-06,0,0,0,0.325
40,5,1.0,0.75,f075,202609110,0,-0.0014877288959757452,0.007612087463459997,0.004544046388728023,-0.02158564307974325,-0.0221559025700708,0.08708338261831378,-0.022564102564102562,0.1697720729366441,1.0,1.0,1.0,1.0,0,0,0,0.85
40,5,1.0,0.75,f075,202609110,125,0.12108944259185232,0.7847725370918186,0.0707454475497147,0.6306440396247146,0.997681994128027,-0.06942163276099463,0.6307692307692307,0.184335059216122,0.010159522842083397,0.07798563220600085,0.03014651136529425,0.003177301042928097,0,0,0,0.85
40,5,1.0,0.75,f075,202609110,500,0.12629623233522103,0.7974341119346016,0.07078872716429767,0.6313288301057367,0.9994800069826423,-0.06848103055443909,0.6307692307692307,0.19344104517877642,0.0037001611997927327,0.037438091618923315,0.01317801358891734,0.000840932611019102,0,0,0,0.85
40,5,1.0,0.75,f075,202609110,1000,0.12680869586567234,0.8002416396573236,0.06981351054666489,0.6313092350220897,0.9996850202693761,-0.06819732619590439,0.6307692307692307,0.19570465517600602,0.0023621543888765538,0.02607194265337707,0.009006715483011365,0.00042362385111853473,0,0,0,0.85
40,5,1.0,0.75,f075,202609110,2500,0.12745552443653652,0.802378655761384,0.068844559682314,0.6312984060069925,0.9998985347489224,-0.06791519854889239,0.6307692307692307,0.19856393989506685,0.0013642756814382113,0.016193898082486544,0.005484043936491726,0.00017098862714679062,0,0,0,0.85
40,5,1.0,0.75,f075,202609110,5000,0.12783676920632966,0.8033229644909924,0.06820527171357824,0.6312525877858713,0.9999527008564034,-0.06775074946300487,0.6307692307692307,0.20052659651142876,0.0009230229713294522,0.011303912080154084,0.0037701111979941138,8.519143924134286e-05,0,0,0,0.85
40,5,1.0,0.75,f075,202609110,10000,0.12838367157912292,0.803932151835292,0.06780427950104585,0.6312052651592807,0.9999762280516848,-0.06761281330544477,0.6307692307692307,0.20256325733795738,0.0006328474035806558,0.007893663211057616,0.002595536129444672,4.264820637734312e-05,0,0,0,0.85
40,5,1.0,0.75,f075,202609110,25000,0.12891187763676867,0.8044264177840353,0.06725826785229388,0.6311483579073501,0.9999900160682044,-0.06747385305609366,0.6307692307692307,0.20489569877448233,0.000390108254714263,0.004910642390624616,0.0015980743607599812,1.707769204085334e-05,0,0,0,0.85
40,5,1.0,0.75,f075,202609110,50000,0.12933626942701887,0.8046563928928406,0.06694372199248191,0.6311109881947458,0.9999946483520188,-0.06738776964378454,0.6307692307692307,0.20658805371716732,0.0002721041700271563,0.003429580221676567,0.0011075671038166105,8.535733610269002e-06,0,0,0,0.85
40,5,1.0,0.75,f075,202609110,100000,0.12973124217100693,0.8048096394769325,0.06666316361945297,0.6310778023337864,0.9999972248143465,-0.0673154264621653,0.6307692307692307,0.20817612960478343,0.00019047819652616972,0.002395484640404946,0.0007705625653154603,4.268228406369553e-06,0,0,0,0.85
40,5,1.0,0.75,f075,202609111,0,-0.0011263693607101851,-0.008967010737212129,-0.0030025298151275847,0.008832584488393753,-0.004640052068217922,0.047533133533929045,0.006153846153846154,0.1662559283947304,1.0,1.0,1.0,1.0,0,0,0,0.775
40,5,1.0,0.75,f075,202609111,125,0.1932094085313158,0.7644593319510548,0.10752026131821094,0.6294828390261975,0.9972207172550561,-0.10970012081601359,0.6307692307692307,0.28670821978551836,0.013228330230941979,0.07468318708410276,0.02179483469225579,0.0029022361698139636,0,0,0,0.775
40,5,1.0,0.75,f075,202609111,500,0.2043383259639395,0.7768872335466583,0.11026259250192375,0.6303033472529096,0.9988589170207752,-0.11023866743707339,0.6307692307692307,0.3008260782804782,0.005085672233317318,0.03578578064491498,0.008980381866958272,0.0007407833450313497,0,0,0,0.775
40,5,1.0,0.75,f075,202609111,1000,0.2075386790248416,0.7796854737004953,0.11085729261596873,0.63046728794705,0.9991763887784093,-0.11038512411705484,0.6307692307692307,0.3057910699146227,0.0033055229976663566,0.024915644010359606,0.006138051241563758,0.0003726711237165427,0,0,0,0.775
40,5,1.0,0.75,f075,202609111,2500,0.2100510755007768,0.7818339864254832,0.11083333160208984,0.6306083135644217,0.9994750515471011,-0.11052678794863341,0.6307692307692307,0.3106273226231311,0.0019324968226354534,0.015470914797874973,0.003707258223473916,0.00014883375158559646,0,0,0,0.775
40,5,1.0,0.75,f075,202609111,5000,0.21176421232608722,0.7827877278132552,0.11097053878881438,0.6306711585556898,0.9996073165663136,-0.1106081011032075,0.6307692307692307,0.31397122205858347,0.0013085180188387256,0.010795484377428088,0.0025323870920698852,7.466898005156189e-05,0,0,0,0.775
40,5,1.0,0.75,f075,202609111,10000,0.2131820502005354,0.7834037773660142,0.11104874785833695,0.6307030035365877,0.9996874104493633,-0.11067268537327252,0.6307692307692307,0.31692368575302143,0.0008958308168717701,0.007535587897514679,0.0017141298296631305,3.740144117862354e-05,0,0,0,0.775
40,5,1.0,0.75,f075,202609111,25000,0.21502732768141758,0.7839041256446643,0.11133811150997085,0.6307326048421955,0.9997654052960562,-0.11073872443668084,0.6307692307692307,0.32062406946127997,0.000548264004609508,0.004687031882233006,0.0010504146506558076,1.4972207085934311e-05,0,0,0,0.775
40,5,1.0,0.75,f075,202609111,50000,0.21619235001343257,0.7841371082464702,0.11149263927265492,0.6307459722153154,0.9998045559913016,-0.11077926029332119,0.6307692307692307,0.32307328980316097,0.0003801455922572742,0.0032730863230586594,0.000727319272445073,7.486480530064174e-06,0,0,0,0.775
40,5,1.0,0.75,f075,202609111,100000,0.21726541072672895,0.7842924174514212,0.11165550863339814,0.6307545952271008,0.9998339105830109,-0.11081394231191896,0.6307692307692307,0.32535078709658805,0.00026434255603793877,0.0022858890357156246,0.0005021757712664519,3.7412517998721765e-06,0,0,0,0.775
40,5,1.0,0.75,f075,202609112,0,-0.00037346066614553234,0.010991584517368704,0.0021347933022071997,0.002237879401794178,-0.005473093427541828,0.09985485862157356,0.001025641025641026,0.15862539992345895,1.0,1.0,1.0,1.0,0,0,0,0.775
40,5,1.0,0.75,f075,202609112,125,0.16168711947327813,0.7670079883508644,0.0878221615420943,0.6297248144088383,0.9983186374821764,-0.11100648847931811,0.6307692307692307,0.24217528200242736,0.01015351105275344,0.07760179981601673,0.029822412804657365,0.003037457730452782,0,0,0,0.775
40,5,1.0,0.75,f075,202609112,500,0.17452991343669869,0.7770450847468696,0.09135847682021603,0.6304432993778717,0.9994862537035024,-0.11105158031922648,0.6307692307692307,0.2597758044622508,0.003556913526915547,0.03673397245849414,0.013670811302277434,0.0007678894875111484,0,0,0,0.775
40,5,1.0,0.75,f075,202609112,1000,0.17755410537646601,0.7797779012004418,0.09179207315063619,0.6305849838466946,0.9997197008095315,-0.11106267155429334,0.6307692307692307,0.26541312440611553,0.0022153574481626878,0.025584347006050282,0.009185025679272842,0.00038412094533764427,0,0,0,0.775
40,5,1.0,0.75,f075,202609112,2500,0.18045935981651834,0.78188539093949,0.09205267494740337,0.6306800435456255,0.9998742329881517,-0.11107241506189164,0.6307692307692307,0.2714976464377826,0.0012324880599269654,0.015895164272440473,0.005570670133284092,0.00015442083747183616,0,0,0,0.775
40,5,1.0,0.75,f075,202609112,5000,0.18192844298110644,0.7828219157624533,0.09195456914531179,0.630715171402355,0.9999280194223956,-0.11107777021247614,0.6307692307692307,0.27514579670324535,0.0008095484439016854,0.011095152122066897,0.003782238080209211,7.722819477321847e-05,0,0,0,0.775
40,5,1.0,0.75,f075,202609112,10000,0.18341099692596258,0.7834262958399482,0.09203551120852402,0.6307349271213433,0.9999571327775602,-0.11108214218754853,0.6307692307692307,0.27859928074669627,0.0005398452759178106,0.0077468673873976575,0.00260141080348994,3.856478679799617e-05,0,0,0,0.775
40,5,1.0,0.75,f075,202609112,25000,0.18506601840112313,0.7839173476615537,0.09210055323673146,0.6307487818239822,0.9999786216545102,-0.11108682319186977,0.6307692307692307,0.2825978177590347,0.000321685482682055,0.004819639059174539,0.001591348307520298,1.5423831539068144e-05,0,0,0,0.775
40,5,1.0,0.75,f075,202609112,50000,0.18616540919013225,0.7841460532285396,0.09214789294630082,0.6307528462133193,0.9999839290740529,-0.11108949631470545,0.6307692307692307,0.28529583411945936,0.0002196679149928593,0.003366146346275309,0.001105766581308376,7.707537957857378e-06,0,0,0,0.775
40,5,1.0,0.75,f075,202609112,100000,0.18712073382816025,0.7842984843844527,0.09216263392546642,0.6307564541660775,0.9999884639281305,-0.11109179192480488,0.6307692307692307,0.2877233417955341,0.000150947382924081,0.002351101483054245,0.000766397435770227,3.851519290511972e-06,0,0,0,0.775
40,5,1.0,0.75,f075,202609113,0,-0.004217025512642516,0.008264903455092875,0.0036546144741455844,-0.009607135456033603,-0.02608174788586937,0.024005584260026858,-0.004615384615384616,0.16443526111916973,1.0,1.0,1.0,1.0,0,0,0,0.8
40,5,1.0,0.75,f075,202609113,125,0.1586849009659413,0.774801329129876,0.0885959168480045,0.6292520527615489,0.9983405567052516,-0.14244987687590965,0.6307692307692307,0.23318369454110086,0.008895292654444414,0.07622812889979497,0.034043592996794915,0.003254555438437008,0,0,0,0.8
40,5,1.0,0.75,f075,202609113,500,0.16724916910421622,0.7871181016795067,0.08997661427987931,0.6302228859055374,0.9996507904126165,-0.14261898139937293,0.6307692307692307,0.24621616252853923,0.003033617938535872,0.03664289655952239,0.014605398105891461,0.0008589209180146296,0,0,0,0.8
40,5,1.0,0.75,f075,202609113,1000,0.16900875555028347,0.7899267309139522,0.08966050767072817,0.6303948927422317,0.99984959740342,-0.14266452720558223,0.6307692307692307,0.2500684040659389,0.0018629339709661224,0.025529522358730888,0.009652188350952525,0.0004341831141400566,0,0,0,0.8
40,5,1.0,0.75,f075,202609113,2500,0.17099625402042998,0.7920805882931298,0.08947304775223312,0.6305045534073673,0.9999303727928756,-0.142706847394384,0.6307692307692307,0.25466092310679256,0.0010221470084486723,0.01585976724614501,0.005870007816557511,0.00017552997204557444,0,0,0,0.8
40,5,1.0,0.75,f075,202609113,5000,0.1721638825331588,0.7930387070417645,0.08931833570716011,0.6305590032285197,0.999969921905541,-0.14272875110146552,0.6307692307692307,0.257590201999936,0.000666481097472679,0.011071280391372522,0.0040396606129538964,8.847347187278471e-05,0,0,0,0.8
40,5,1.0,0.75,f075,202609113,10000,0.173284192600809,0.7936563734594987,0.08927787068008564,0.6305907920956559,0.999979691329545,-0.14274718992708105,0.6307692307692307,0.26037529650887636,0.0004425312495669803,0.007731523880999338,0.002780143552249307,4.433712644442868e-05,0,0,0,0.8
40,5,1.0,0.75,f075,202609113,25000,0.17441510593259252,0.7941585215062644,0.08913080510015528,0.6306232724994647,0.9999914384088047,-0.14276546350870284,0.6307692307692307,0.26349693808550523,0.0002627074626887692,0.004809797949087396,0.0017116559789687564,1.7736881481296336e-05,0,0,0,0.8
40,5,1.0,0.75,f075,202609113,50000,0.17517931440936715,0.7943923239326861,0.08905264736228644,0.6306409774270223,0.9999961509882462,-0.142776516316679,0.6307692307692307,0.26562127815949976,0.00017915401376984494,0.003358896864656489,0.0011887931414157065,8.874857320153158e-06,0,0,0,0.8
40,5,1.0,0.75,f075,202609113,100000,0.1758908844581111,0.7945480946009122,0.08900312346238264,0.6306548136040269,0.999998124197093,-0.14278568713126044,0.6307692307692307,0.2676059562010432,0.00012304545345263532,0.0023458862591275768,0.0008273432589667476,4.435775120662673e-06,0,0,0,0.8
40,5,1.0,0.75,f075,202609114,0,0.00048051281083645814,0.007064013459859216,-0.003081941018412479,-0.018923930507288203,-0.013983346089709981,-0.06066094290203887,-0.0025641025641025632,0.18154940581752302,1.0,1.0,1.0,1.0,0,0,0,0.85
40,5,1.0,0.75,f075,202609114,125,0.09598432079769942,0.7500602118477752,0.03737436122605821,0.5505882740698104,0.9980830809821314,0.3314179717575776,0.5512820512820513,0.17906221648051582,0.008158149540228215,0.07818199830829806,0.03414714362848132,0.003038269455015713,0,0,0,0.85
40,5,1.0,0.75,f075,202609114,500,0.0979002377748531,0.7619175022979894,0.03537822545645059,0.551334703096922,0.999530948521456,0.33206122941928434,0.5512820512820513,0.18547806237517894,0.002725564762182492,0.03744879572846094,0.01567501042812634,0.0007472947212913459,0,0,0,0.85
40,5,1.0,0.75,f075,202609114,1000,0.0981486950988482,0.7645753656617977,0.03439193109836916,0.5514395801044008,0.9998003794485076,0.33226884970211407,0.5512820512820513,0.18770890956490466,0.0016638640381411239,0.026071156782952118,0.010327425834844315,0.00037543347583994605,0,0,0,0.85
40,5,1.0,0.75,f075,202609114,2500,0.09874827749758923,0.7666045385836979,0.03354837479832086,0.5514488121253507,0.999902782657238,0.3324810124414506,0.5512820512820513,0.19079746606080325,0.000905499108761878,0.016193875468491447,0.0061697295823130134,0.0001515859457133364,0,0,0,0.85
40,5,1.0,0.75,f075,202609114,5000,0.09917532498923616,0.7675032779824622,0.03303147767242651,0.5514467885237347,0.9999516236388493,0.33259733067252395,0.5512820512820513,0.19296690589331073,0.0005870980864741971,0.011309452670224738,0.004221173560621652,7.62477546383246e-05,0,0,0,0.85
40,5,1.0,0.75,f075,202609114,10000,0.09952965264853952,0.7680843682363635,0.03256398915617455,0.551441028938111,0.9999813241735679,0.33269205703888655,0.5512820512820513,0.19492546842316677,0.00038751345425143185,0.007899830194486868,0.0029077133840304196,3.826478400761976e-05,0,0,0,0.85
40,5,1.0,0.75,f075,202609114,25000,0.09988342623106662,0.7685574635303213,0.03198472772784556,0.5514230699744228,0.9999922593020004,0.3327884869893228,0.5512820512820513,0.1972035956508828,0.0002287333794616841,0.00491633377907683,0.001789609786323113,1.5303732165999445e-05,0,0,0,0.85
40,5,1.0,0.75,f075,202609114,50000,0.10020878309257954,0.7687778074685618,0.031652457534768155,0.5514100732333137,0.9999953875305432,0.33284789824934224,0.5512820512820513,0.19887089612729997,0.00015541421960028662,0.0034343607518512397,0.0012419478924693788,7.650830619122792e-06,0,0,0,0.85
40,5,1.0,0.75,f075,202609114,100000,0.10047812339023895,0.7689247894657839,0.03133245594984347,0.5513979147912422,0.9999972259157446,0.332896980594568,0.5512820512820513,0.2003881497726466,0.00010642060027222066,0.0023992717769669046,0.0008614123298017286,3.824715634540763e-06,0,0,0,0.85
40,5,1.0,0.75,f075,202609115,0,0.002030267786546897,-0.00907501001303264,-2.3746836899525452e-05,-0.009914376016065362,-0.012781426860999569,-0.09548386318056734,-0.015897435897435898,0.18145139980475206,1.0,1.0,1.0,1.0,0,0,0,0.825
40,5,1.0,0.75,f075,202609115,125,0.18651231710575747,0.8078100903647762,0.13026251973299233,0.7137261494532562,0.9972200348124663,-0.14139084367843016,0.7153846153846154,0.24844370709961447,0.01071735675761905,0.07903339942403367,0.027537225629448575,0.004086953778441725,0,0,0,0.825
40,5,1.0,0.75,f075,202609115,500,0.2174309000360179,0.8103693568715756,0.1464398095840169,0.7149168416696773,0.9991133710493894,-0.14194401512428043,0.7153846153846154,0.281615060453248,0.003765159216679452,0.03815689407949116,0.011858226445918246,0.0010545521411670386,0,0,0,0.825
40,5,1.0,0.75,f075,202609115,1000,0.22722917787666516,0.8134571198210534,0.15199917855277684,0.7150857762590622,0.9993892754619706,-0.14209598526051984,0.7153846153846154,0.29508337161649456,0.0023489590890581587,0.02659491595252714,0.008085761373868822,0.0005334219703086184,0,0,0,0.825
40,5,1.0,0.75,f075,202609115,2500,0.23636106761832507,0.8160032336361607,0.15695255394061208,0.7152258596786975,0.999624171632033,-0.14224787898352764,0.7153846153846154,0.30888318703790596,0.0013098161997540322,0.01647092135696192,0.0048525342379271245,0.00021496729590574955,0,0,0,0.825
40,5,1.0,0.75,f075,202609115,5000,0.24140266926045198,0.8171328471020743,0.15950599364188983,0.7152990182564644,0.999743209344122,-0.1423357375049224,0.7153846153846154,0.31709775805709317,0.0008623886705182947,0.011447606293706199,0.003318457186353567,0.00010708032636475183,0,0,0,0.825
40,5,1.0,0.75,f075,202609115,10000,0.24586687794960718,0.8178506192777821,0.16181435916890266,0.7153352966199077,0.9998121782828183,-0.14240648722758045,0.7153846153846154,0.3243704880576995,0.0005762511289989943,0.007966639576967272,0.002280652557553414,5.344678901600322e-05,0,0,0,0.825
40,5,1.0,0.75,f075,202609115,25000,0.2505378574542694,0.8184268128563283,0.16409856577675763,0.7153621953745151,0.9998697010074525,-0.1424782226002816,0.7153846153846154,0.33233683066109265,0.0003435156811564648,0.004939322075240143,0.001393382367545199,2.1320828382326617e-05,0,0,0,0.825
40,5,1.0,0.75,f075,202609115,50000,0.25365449515437,0.8186922744274892,0.16564587290845806,0.7153740080537307,0.9998984564184707,-0.14252061242724542,0.7153846153846154,0.3376132684404053,0.0002345102541998786,0.00344413379056584,0.0009642764103145897,1.065446664959754e-05,0,0,0,0.825
40,5,1.0,0.75,f075,202609115,100000,0.25628608661791596,0.8188681927002185,0.16689626025533882,0.715380680753284,0.9999178628297951,-0.14255625755410078,0.7153846153846154,0.34219778944988183,0.000161053432300374,0.0024029450128489173,0.0006687837675942842,5.321225140083614e-06,0,0,0,0.825
40,5,1.0,0.75,f075,202609116,0,-0.0009080371206141492,-0.0027543828459559356,0.015033462811259366,0.016881176797745402,0.0023802128294810798,0.13653199263419954,0.012307692307692308,0.16662704556947266,1.0,1.0,1.0,1.0,0,0,0,0.875
40,5,1.0,0.75,f075,202609116,125,0.3137115861129007,0.9765423772067076,0.32136449901754394,0.988403301847098,0.9891617488424339,0.983390415442847,1.0,0.322171753983893,0.024922821226448094,0.070165894879054,0.033769379074893295,0.006183522368582093,0,0,0,0.875
40,5,1.0,0.75,f075,202609116,500,0.39107459609665,0.9910247678240016,0.3946555045701112,0.993232576952172,0.9937465772140074,0.9897030907058427,1.0,0.39384476835814697,0.011754890004552801,0.03335109776131594,0.01491801248227545,0.002677016332542338,0,0,0,0.875
40,5,1.0,0.75,f075,202609116,1000,0.42313859923204383,0.9942493533075061,0.42560922211086005,0.9946045860642261,0.9950539242253015,0.9914457467269813,1.0,0.42428473291205837,0.008146324054485322,0.023196501963583603,0.010466747843880998,0.0018186434601343462,0,0,0,0.875
40,5,1.0,0.75,f075,202609116,2500,0.46066938353696374,0.9967345795910844,0.4621906639714949,0.9958573271332979,0.9962415032162544,0.9931424247972215,1.0,0.46037839719066226,0.005035286008358867,0.014401169079753189,0.006327782879217033,0.0011069931714685448,0,0,0,0.875
40,5,1.0,0.75,f075,202609116,5000,0.4860548848839999,0.9978452027216795,0.4871120905237189,0.9965272251368539,0.9968639832686365,0.9941291608146111,1.0,0.48503625221175106,0.0035048128698968845,0.010052335019073393,0.004383625876487878,0.0007603301967073087,0,0,0,0.875
40,5,1.0,0.75,f075,202609116,10000,0.5092474046794787,0.9985665725473473,0.509983183806373,0.9970448352376494,0.9973447109719458,0.9949017285808835,1.0,0.507711467403896,0.002441387590958391,0.007018607335398735,0.0030496713594639854,0.0005252165981544105,0,0,0,0.875
40,5,1.0,0.75,f075,202609116,25000,0.5370157789592904,0.9991559688733193,0.5374720181985169,0.9975650394133291,0.9978250538900844,0.9956961812435271,1.0,0.535014161297201,0.0015152133190933013,0.00436625360847876,0.001879056169741432,0.00032370360909014025,0,0,0,0.875
40,5,1.0,0.75,f075,202609116,50000,0.5561279499779188,0.999431482134116,0.5564459529273831,0.9978748442643008,0.9981090961335418,0.9961857615651459,1.0,0.5538871088551127,0.0010570085311488707,0.003049315508219066,0.0013025570630806607,0.00022487212752296537,0,0,0,0.875
40,5,1.0,0.75,f075,202609116,100000,0.5738074074869262,0.9996156211926172,0.5740291123301435,0.9981279313439837,0.9983408231702439,0.9965885685143008,1.0,0.5713971154763058,0.0007377399645624813,0.002129818461219463,0.0009048236950833943,0.0001563392819755173,0,0,0,0.875
40,5,1.0,0.75,f075,202609117,0,-0.0023253952378594926,-0.008133294849679451,0.00044640440841913024,0.020626690560808833,0.020159805073664216,-0.1539118213921419,0.013846153846153847,0.17190108003551702,1.0,1.0,1.0,1.0,0,0,0,0.875
40,5,1.0,0.75,f075,202609117,125,0.26464833099234586,0.8359755627420637,0.21071917904995613,0.8023433799728253,0.9963564423112916,-0.19898769274715905,0.8051282051282052,0.3030864950806599,0.012272608151248483,0.08209513784967008,0.03397905692792804,0.004849057150996004,0,0,0,0.875
40,5,1.0,0.75,f075,202609117,500,0.4237904530050415,0.7986876159004215,0.3278123095472883,0.803590282858577,0.9979829165558983,-0.19935747671885484,0.8051282051282052,0.43555583431350825,0.004982232412231282,0.034400825443165806,0.016381344606250906,0.0016730700100713231,0,0,0,0.875
40,5,1.0,0.75,f075,202609117,1000,0.48450564283762326,0.8008379689931762,0.37885544559357076,0.80395133852188,0.9984521349486393,-0.19945504678536558,0.8051282051282052,0.4926883446253168,0.0033676811583496042,0.023486123428569965,0.010912920454736475,0.00108150263360907,0,0,0,0.875
40,5,1.0,0.75,f075,202609117,2500,0.5479968298770386,0.8026562061872485,0.43246942108502473,0.8042794888375798,0.9988841391998718,-0.19955908058808763,0.8051282051282052,0.5533060421375329,0.002051060087607601,0.014448811587339995,0.006521637304947357,0.0006408738492430692,0,0,0,0.875
40,5,1.0,0.75,f075,202609117,5000,0.5875274595295479,0.8034884216894947,0.46594951971709786,0.8044571930446222,0.999118422677837,-0.19962426238380107,0.8051282051282052,0.5914176993061219,0.0014161052152731367,0.010052783925760773,0.004443464689372707,0.00044366491130271615,0,0,0,0.875
40,5,1.0,0.75,f075,202609117,10000,0.621347509209773,0.8040340536495784,0.4946405243200672,0.804589343060729,0.9992935962151234,-0.19967198660561503,0.8051282051282052,0.6242266330371491,0.000978403925540382,0.0070057183690917365,0.0030704566657366143,0.0003070817323499846,0,0,0,0.875
40,5,1.0,0.75,f075,202609117,25000,0.6587103864537474,0.8044823647701946,0.5263427546050005,0.8047216833981574,0.999468172438716,-0.19972397241264056,0.8051282051282052,0.6606727223000622,0.0005997150621745989,0.004352001688015734,0.001884429920904525,0.0001881162831030683,0,0,0,0.875
40,5,1.0,0.75,f075,202609117,50000,0.6823471982311672,0.804692689505789,0.5463740490601857,0.8047963905042934,0.9995668298471146,-0.1997552215622495,0.8051282051282052,0.683835412987496,0.0004142093198007812,0.0030374108612810573,0.0012982783008054,0.0001292157174170249,0,0,0,0.875
40,5,1.0,0.75,f075,202609117,100000,0.7027370790482039,0.8048334788649505,0.5636215737038991,0.8048555146558587,0.9996449010803193,-0.19978112697192965,0.8051282051282052,0.7038788840066927,0.00028616414366421664,0.0021206198428588207,0.0008988028452083247,8.875203003784956e-05,0,0,0,0.875
40,5,1.0,0.75,f075,202609118,0,-0.0015537416273332003,-0.001536714536824825,-0.008324671706188289,-0.014261535224861255,-0.020416019996681176,-0.06790912039349668,-0.010769230769230769,0.16064292746429581,1.0,1.0,1.0,1.0,0,0,0,0.8
40,5,1.0,0.75,f075,202609118,125,0.16749929765044913,0.8159273700374932,0.11402373017205908,0.7137029326097933,0.997869502470715,-0.07143046698067743,0.7153846153846154,0.226114081733419,0.009637649932877999,0.07698758140426194,0.03571868034759769,0.004156600533973124,0,0,0,0.8
40,5,1.0,0.75,f075,202609118,500,0.17867178199681727,0.8292304045867193,0.1185439677582832,0.714917893510829,0.9995275349438879,-0.07139199808835191,0.7153846153846154,0.2404965356766124,0.0032835869144051356,0.03833932438315664,0.015912642791027266,0.001115141173364993,0,0,0,0.8
40,5,1.0,0.75,f075,202609118,1000,0.18100165872345145,0.8324923534163293,0.11894840763955367,0.7150931381650887,0.9997586318918198,-0.07139390263243747,0.7153846153846154,0.24475448123603666,0.00199920625503338,0.027021594373601254,0.010565962954882,0.0005617728222723093,0,0,0,0.8
40,5,1.0,0.75,f075,202609118,2500,0.18273263533272224,0.835104044088534,0.11877269448596213,0.7152155381602352,0.9998966623029562,-0.07139421208687068,0.7153846153846154,0.24900056105582805,0.001080751453934958,0.016870399960295778,0.0065289476627836355,0.00022870986390486318,0,0,0,0.8
40,5,1.0,0.75,f075,202609118,5000,0.1835332590341642,0.8362787489198018,0.11842026007523702,0.7152651026449647,0.9999453911560261,-0.07139697666438284,0.7153846153846154,0.25158222724464163,0.0006972424865445434,0.011753356557477236,0.0045259073834385,0.00011481095889971924,0,0,0,0.8
40,5,1.0,0.75,f075,202609118,10000,0.18433582068480292,0.8370297210853165,0.11820054758466171,0.7153003785537666,0.999976722997768,-0.07139928207093986,0.7153846153846154,0.2540498173889743,0.00045870431328402393,0.008181730249963175,0.0031195060083115,5.7525377404239366e-05,0,0,0,0.8
40,5,1.0,0.75,f075,202609118,25000,0.1854648753445069,0.8376298638452232,0.11811809824256242,0.7153195580386443,0.9999907239636632,-0.07140402628562884,0.7153846153846154,0.2572140743182967,0.0002699440381898937,0.005072201266188656,0.0019107575599879379,2.2988208834165395e-05,0,0,0,0.8
40,5,1.0,0.75,f075,202609118,50000,0.1863600539731701,0.8379052597121426,0.11818442192862444,0.7153304222310217,0.999995882721474,-0.07140672281741048,0.7153846153846154,0.25951951284499924,0.00018309612346172245,0.003536138773882155,0.001326365879778995,1.1483518211913178e-05,0,0,0,0.8
40,5,1.0,0.75,f075,202609118,100000,0.18722940454154471,0.838087374350699,0.11829511536789716,0.7153382172275359,0.9999977396126983,-0.07140778104569687,0.7153846153846154,0.261698421516244,0.00012521238641613675,0.0024669248089027526,0.0009194627938239459,5.741340090324835e-06,0,0,0,0.8
40,5,1.0,0.75,f075,202609119,0,0.00044175722501338773,0.0050249838335183405,-0.005722818428751001,-0.011191023838449313,-0.013971262442556262,-0.009969305769615192,-0.01282051282051282,0.1824331038941749,1.0,1.0,1.0,1.0,0,0,0,0.7
40,5,1.0,0.75,f075,202609119,125,0.10036375371244996,0.6430368151294326,0.010874933091559062,0.40707189988810777,0.9966878205203454,-0.05974521690589271,0.4076923076923077,0.2106155700911069,0.014431932596314794,0.07444908468383006,0.025806468312766447,0.0022587721373092716,0,0,0,0.7
40,5,1.0,0.75,f075,202609119,500,0.10717911372287751,0.6528943450848781,0.009471370151164091,0.407840487996162,0.9993562056799337,-0.06003029926204766,0.4076923076923077,0.22409565694966763,0.006633349158468078,0.035404582462349475,0.011210379362801377,0.0005686327755722516,0,0,0,0.7
40,5,1.0,0.75,f075,202609119,1000,0.10967576946155506,0.6550911406445452,0.008953304193924073,0.4078812389307866,0.999700385736754,-0.060118236705773466,0.4076923076923077,0.22961687241311918,0.004683374316492543,0.02462224037614261,0.007720182940347953,0.0002800997828757508,0,0,0,0.7
40,5,1.0,0.75,f075,202609119,2500,0.11223873660501797,0.6567800884164788,0.008264762321315521,0.40782082716891227,0.9998580577002594,-0.06020339802267478,0.4076923076923077,0.2359106326517324,0.0030151519940015323,0.015283340714369136,0.004700612546155559,0.00011156558941471923,0,0,0,0.7
40,5,1.0,0.75,f075,202609119,5000,0.1139935320356744,0.657529459241718,0.007863022141819696,0.407817571369771,0.9999379971342996,-0.06025207672092344,0.4076923076923077,0.24028594279682305,0.002178008896293752,0.010667268879311385,0.003195526237483795,5.598634647599696e-05,0,0,0,0.7
40,5,1.0,0.75,f075,202609119,10000,0.11560235640697006,0.6580147863114387,0.00752215769469417,0.4078056077246521,0.9999610078916895,-0.060296844866230014,0.4076923076923077,0.24433410714442996,0.0015765253012647348,0.007447913223058564,0.0021960103962616745,2.8048916687817305e-05,0,0,0,0.7
40,5,1.0,0.75,f075,202609119,25000,0.11754391760436986,0.6584102332652262,0.007146188908218432,0.40779287580765633,0.9999858615415353,-0.0603430126542757,0.4076923076923077,0.24925155010699332,0.0010284494141399548,0.004633622470903742,0.0013431482985421168,1.1215479419867385e-05,0,0,0,0.7
40,5,1.0,0.75,f075,202609119,50000,0.11884123280448516,0.6585946170021671,0.006879054072658645,0.407784340312989,0.9999931534791194,-0.0603721491796849,0.4076923076923077,0.2526280302628143,0.0007425187744073214,0.0032360664950736276,0.0009280955074547159,5.617167986255198e-06,0,0,0,0.7
40,5,1.0,0.75,f075,202609119,100000,0.12005469217741281,0.658717728332961,0.006644360836342746,0.4077765819981133,0.9999956996376678,-0.06039593901028078,0.4076923076923077,0.2557847158322982,0.0005345142884824238,0.0022602234975985834,0.0006430975295585633,2.807766788719311e-06,0,0,0,0.7
40,5,1.0,0.75,f075,202609120,0,-0.00024413095881927735,-0.006177618626865025,0.0016458237252951313,0.00022142204850319138,-0.0014490572428251815,0.02709588936960194,-0.02153846153846154,0.15787260943524437,1.0,1.0,1.0,1.0,0,0,0,0.675
40,5,1.0,0.75,f075,202609120,125,0.13224605155893288,0.6345291769095804,0.026177237123683077,0.40662931767059907,0.9981785176157798,-0.07582893439923091,0.4076923076923077,0.2401057490111505,0.009376754076586516,0.07369408911319464,0.018649193303399925,0.0028662031706774846,0,0,0,0.675
40,5,1.0,0.75,f075,202609120,500,0.14254358435425163,0.6440353348667827,0.024792339846232747,0.4071839432090252,0.999558573697537,-0.07621820270105707,0.4076923076923077,0.25783628937986036,0.0036266247826910363,0.03486518331291733,0.007454260817343506,0.0006953770831889316,0,0,0,0.675
40,5,1.0,0.75,f075,202609120,1000,0.14623791868367741,0.6461886897958077,0.024442338888086234,0.40729054376705287,0.9997338973645945,-0.07634623766894974,0.4076923076923077,0.26482053666542305,0.0023666394810514454,0.02422903000822308,0.005002346659903949,0.00034368634928446924,0,0,0,0.675
40,5,1.0,0.75,f075,202609120,2500,0.15013128839938428,0.6478397749552375,0.02403159699858119,0.4073987518459353,0.9998889991752966,-0.07646395705474213,0.4076923076923077,0.27271164497413114,0.0013859596464922944,0.015032086227176318,0.0029565428278658244,0.00013768869461377962,0,0,0,0.675
40,5,1.0,0.75,f075,202609120,5000,0.15247912490222956,0.6485765160134851,0.023710147831410868,0.40743348294451537,0.99993465008689,-0.07652708064293386,0.4076923076923077,0.27779987442694987,0.0009386834317455593,0.010488890693956913,0.001968805861103883,6.865423672790327e-05,0,0,0,0.675
40,5,1.0,0.75,f075,202609120,10000,0.15463043159098078,0.6490546259481518,0.02348325358154648,0.40747096249241405,0.9999658965995957,-0.07657981872107915,0.4076923076923077,0.28246973374143935,0.0006411967171992448,0.007322368124650209,0.001353941255026621,3.429769779029522e-05,0,0,0,0.675
40,5,1.0,0.75,f075,202609120,25000,0.15704645593270805,0.6494439387049941,0.023186470974288054,0.40751133063850153,0.9999892047719516,-0.0766339212506887,0.4076923076923077,0.28794309321014094,0.00039110849614494065,0.004554498997850119,0.0008266702380329323,1.3729618383885194e-05,0,0,0,0.675
40,5,1.0,0.75,f075,202609120,50000,0.15859794119598966,0.6496256609586711,0.022958202537480377,0.4075350667778868,0.999993713241734,-0.07666659544499904,0.4076923076923077,0.2915976188630262,0.00027048166513501693,0.0031802496746501253,0.0005669651384106783,6.864579312922554e-06,0,0,0,0.675
40,5,1.0,0.75,f075,202609120,100000,0.1600845390511525,0.6497470064147891,0.022792732035403784,0.40755065042363503,0.999996578799342,-0.07669354891900072,0.4076923076923077,0.2950283016834313,0.00018765255834176763,0.0022209884297544197,0.0003910672402481905,3.4330943416125923e-06,0,0,0,0.675
40,5,1.0,0.75,f075,202609121,0,0.0005044382235674859,0.007697568844473169,0.006346160380754531,0.014068169453353888,0.015146467724874154,-0.004122472663222753,0.022564102564102566,0.18778184264746323,1.0,1.0,1.0,1.0,0,0,0,0.825
40,5,1.0,0.75,f075,202609121,125,0.3190176811769018,0.8811845653394454,0.2870050633949557,0.8871232240458247,0.9879209169165224,0.4154000312487589,0.9,0.3413103956024629,0.02039360835145378,0.07206457160312447,0.029937064651754233,0.006570433425786335,0,0,0,0.825
40,5,1.0,0.75,f075,202609121,500,0.42437425978765736,0.8922078333883644,0.37986504081918016,0.8915169639421481,0.9920207399794702,0.4198094178473942,0.9,0.43715220464474563,0.009487935246939716,0.03336562908878716,0.013307174671902499,0.002740326307394568,0,0,0,0.825
40,5,1.0,0.75,f075,202609121,1000,0.4661641417705552,0.8949822532709911,0.417324709764222,0.8929922957597884,0.9934170867587734,0.42123602001344684,0.9,0.4761524226426241,0.006647790387214118,0.023152317606236955,0.00909284598747239,0.0018887602975488052,0,0,0,0.825
40,5,1.0,0.75,f075,202609121,2500,0.5146698963376583,0.8971407559547804,0.46115835051351023,0.8946219770612238,0.9950343736632103,0.42264233723779737,0.9,0.5218732555285887,0.00418752249798099,0.014348418265488303,0.005400292889556952,0.001160218271951343,0,0,0,0.825
40,5,1.0,0.75,f075,202609121,5000,0.5473673416065445,0.8981100969838047,0.4908899115057463,0.895457949405417,0.9958374997875266,0.42344915966944946,0.9,0.5530594156009542,0.0029409216310932527,0.010008374431206177,0.003715051353810866,0.0008107172134452736,0,0,0,0.825
40,5,1.0,0.75,f075,202609121,10000,0.5768136723969038,0.8987415506647118,0.5177632905847549,0.8961942605385836,0.9965607393116002,0.42409745071359384,0.9,0.5813068917310413,0.002066151481716415,0.006985305479694874,0.002545166649994996,0.0005658228658089856,0,0,0,0.825
40,5,1.0,0.75,f075,202609121,25000,0.6111726435678531,0.8992582042514732,0.5492029176483813,0.8969709459943429,0.9973224564289082,0.42478770676549943,0.9,0.6144640960941025,0.0012907338976861726,0.0043438367261247396,0.00155938538622674,0.00035350564174564675,0,0,0,0.825
40,5,1.0,0.75,f075,202609121,50000,0.6340250646844947,0.8995001264517851,0.5701465353807091,0.8974343494005036,0.997773316152865,0.42520541608320717,0.9,0.6366311601107375,0.0009022649987390687,0.0030331945025470464,0.0010782950729499503,0.00024607031832927855,0,0,0,0.825
40,5,1.0,0.75,f075,202609121,100000,0.6544561836133738,0.8996618932384827,0.5888794940222137,0.8978173564285515,0.9981458629336135,0.42555329884879683,0.9,0.656516444040842,0.0006294680515118235,0.0021182892931067604,0.0007472164498541462,0.00017128267406941585,0,0,0,0.825
40,5,1.0,0.9,f090,202609110,0,-0.0014877288959757452,0.007612087463459997,0.004544046388728023,-0.02158564307974325,-0.026145987302355466,0.2146082297954234,-0.022564102564102562,0.1697720729366441,1.0,1.0,1.0,1.0,0,0,0,0.925
40,5,1.0,0.9,f090,202609110,125,0.3321410691114554,0.888135479881467,0.30452443368778864,0.8966078848356804,0.9962699417019616,-0.33132062591834,0.9,0.34920411276272717,0.013952269162577111,0.0769563399987506,0.03393257189688331,0.0054756975270043905,0,0,0,0.925
40,5,1.0,0.9,f090,202609110,500,0.463580349575771,0.8926315430145106,0.41931194396349614,0.8979602906042611,0.9977542512740519,-0.33213070483228946,0.9,0.4718290101029382,0.006068063608503665,0.03411062506895466,0.014777839337969174,0.0022067698361436317,0,0,0,0.925
40,5,1.0,0.9,f090,202609110,1000,0.5124379883813639,0.8952370594389238,0.46293061432047566,0.8983259909401353,0.9981592332049064,-0.33235459020926733,0.9,0.5186511897071664,0.0041684748352056895,0.023631045314877662,0.010136387093583643,0.0015003569568690527,0,0,0,0.925
40,5,1.0,0.9,f090,202609110,2500,0.56743557206833,0.8972790519068286,0.5123458985782572,0.8987277321420037,0.9986004513237952,-0.3325577088828302,0.9,0.5717166466840038,0.00257988177254442,0.014635045690642277,0.006272878812174736,0.0009163345889971941,0,0,0,0.925
40,5,1.0,0.9,f090,202609110,5000,0.603070348012465,0.898199683772153,0.5445129673584883,0.8989316163844627,0.9988266876121568,-0.3326715438293721,0.9,0.6063541616077665,0.0018012102918777222,0.01020603537747494,0.004308169905779648,0.0006414979966344583,0,0,0,0.925
40,5,1.0,0.9,f090,202609110,10000,0.6344624616076331,0.8988005051109847,0.5729404189839025,0.8991048308063362,0.9990206542428592,-0.33277168150005726,0.9,0.6369874921322267,0.0012589639968418136,0.007122733641185533,0.0029671868315311843,0.0004496543422313398,0,0,0,0.925
40,5,1.0,0.9,f090,202609110,25000,0.6704134742313479,0.8992924586293922,0.6055743526711153,0.8992895832153426,0.9992258592573875,-0.3328614471208703,0.9,0.6722126615477775,0.0007806999035019737,0.004429402192873846,0.0018142708546264816,0.000278826483477939,0,0,0,0.925
40,5,1.0,0.9,f090,202609110,50000,0.6937852601177479,0.8995229860902363,0.6268140872752193,0.8994078663804709,0.9993574927337017,-0.33291523457530664,0.9,0.6951841355856121,0.0005426149883035751,0.0030930232712565423,0.0012561586447093194,0.00019456792781352857,0,0,0,0.925
40,5,1.0,0.9,f090,202609110,100000,0.714298037667638,0.899677231652503,0.6454588927769341,0.8995045938146811,0.9994651073736249,-0.33296274451941293,0.9,0.7153926806016907,0.00037629654395904196,0.0021601744230165805,0.0008735962073994,0.0001353113745909225,0,0,0,0.925
40,5,1.0,0.9,f090,202609111,0,-0.0011263693607101851,-0.008967010737212129,-0.0030025298151275847,0.008832584488393753,0.0021055112482203267,0.6838752621350537,0.006153846153846154,0.1662559283947304,1.0,1.0,1.0,1.0,0,0,0,0.95
40,5,1.0,0.9,f090,202609111,125,0.34872321587778227,0.8865840055201755,0.3131861487133667,0.8949147980674157,0.9941292137863829,-0.9937270659753072,0.9,0.36998220287565525,0.015820956305683757,0.07567575366590781,0.03070969633606028,0.004710043325927888,0,0,0,0.95
40,5,1.0,0.9,f090,202609111,500,0.48787531012145696,0.8924358610579329,0.435006085432129,0.8970003599045624,0.9965464004998936,-0.9960667029371119,0.9,0.49922182961725153,0.006884601892725861,0.033678248907167314,0.013806062521124068,0.0019504808876313745,0,0,0,0.95
40,5,1.0,0.9,f090,202609111,1000,0.5380859647105881,0.895109388718448,0.48013936337809754,0.8975225899468044,0.9971443609051974,-0.9967462535503337,0.9,0.5471397190083142,0.004740060005123149,0.023325261246500712,0.009442358672698572,0.001327043564687141,0,0,0,0.95
40,5,1.0,0.9,f090,202609111,2500,0.5938458657310561,0.8972065037723731,0.5306078986863927,0.8981410793477376,0.9978527948524717,-0.9974082012014786,0.9,0.6006613383447672,0.002936299191794621,0.014442738719488004,0.005829301586794721,0.0008138039382444829,0,0,0,0.95
40,5,1.0,0.9,f090,202609111,5000,0.6296746291848443,0.898152069796251,0.563219404871222,0.8984530601351769,0.9982117745639326,-0.9977714942197214,0.9,0.6352834569087744,0.0020510653113294764,0.010069829043500136,0.003993471120218672,0.0005704334378154012,0,0,0,0.95
40,5,1.0,0.9,f090,202609111,10000,0.6609459987265558,0.8987688646931568,0.5917843156021733,0.8987353103022192,0.9985331846044376,-0.9980720676647978,0.9,0.6656036957875145,0.0014327171133153567,0.007026384593303467,0.002761594754841971,0.00039931998127967994,0,0,0,0.95
40,5,1.0,0.9,f090,202609111,25000,0.6962870364641165,0.8992740250024834,0.6241564377896147,0.8990209521476855,0.9988589749397783,-0.9983700037239605,0.9,0.6999935815404758,0.0008889173997784115,0.004368728727437882,0.001689502975005842,0.00024868359035404547,0,0,0,0.95
40,5,1.0,0.9,f090,202609111,50000,0.7190828726029999,0.8995105726116621,0.6450725428040972,0.8991934363963789,0.9990562888914541,-0.9985574796415707,0.9,0.7222410614886723,0.0006178944730674822,0.003050283523661607,0.0011737610742215646,0.00017276764721091973,0,0,0,0.95
40,5,1.0,0.9,f090,202609111,100000,0.7389362494158365,0.8996688688145777,0.663302240722201,0.8993331849371334,0.999216415452463,-0.9987142474767771,0.9,0.7416586483404582,0.0004285900739328186,0.0021301294926726034,0.000814096570521342,0.00011998480180373394,0,0,0,0.95
40,5,1.0,0.9,f090,202609112,0,-0.00037346066614553234,0.010991584517368704,0.0021347933022071997,0.002237879401794178,-0.008422453726950071,0.47674368128265704,0.001025641025641026,0.15862539992345895,1.0,1.0,1.0,1.0,0,0,0,0.925
40,5,1.0,0.9,f090,202609112,125,0.3231445520060211,0.8848806638780771,0.29069476576973885,0.8942806178742352,0.9942129601464716,-0.3299975485920837,0.9,0.3421394777698904,0.015841227054282443,0.07543469484684433,0.034053273579055944,0.004914532967812133,0,0,0,0.925
40,5,1.0,0.9,f090,202609112,500,0.4483208390586804,0.8923654834625989,0.40063226638969957,0.8964677837865008,0.9964383093201343,-0.3313132744730829,0.9,0.4583950925738499,0.0069472817663206055,0.03419016660688148,0.014418778380696244,0.0019672778873794203,0,0,0,0.925
40,5,1.0,0.9,f090,202609112,1000,0.49569354688143824,0.8950721915100223,0.4431549125462369,0.8970810697523594,0.9970540846490981,-0.3317183370888716,0.9,0.5035579417125884,0.004800806750665866,0.02371249991229323,0.009704525359616774,0.0013211924690348265,0,0,0,0.925
40,5,1.0,0.9,f090,202609112,2500,0.5494949238220771,0.8971889427318444,0.4917898853088755,0.8977365085035097,0.9977228595957918,-0.3320384065663223,0.9,0.5552451186300761,0.002983939217622195,0.014696743636199836,0.005816726701429688,0.0008151967252427054,0,0,0,0.925
40,5,1.0,0.9,f090,202609112,5000,0.5850812910195857,0.8981412843224472,0.5241538037986476,0.8981303465664899,0.9981292872205422,-0.33220948222152524,0.9,0.5896606136602067,0.002082618147849124,0.010252622172801458,0.00398812871070965,0.0005680684438629824,0,0,0,0.925
40,5,1.0,0.9,f090,202609112,10000,0.6166090322793736,0.8987619707991226,0.5529134177601835,0.8984342330441158,0.9984406075001638,-0.33236079218764064,0.9,0.6202971567980948,0.001453504181447203,0.007156489998534466,0.0027709914221446825,0.0003993229105523042,0,0,0,0.925
40,5,1.0,0.9,f090,202609112,25000,0.6529290144412433,0.8992700702386808,0.5861390344271812,0.8987727208422382,0.9987877989447601,-0.3325121901112187,0.9,0.6557213244272218,0.0009006708388285262,0.0044512740633235555,0.0016901929953861332,0.0002492951334943807,0,0,0,0.925
40,5,1.0,0.9,f090,202609112,50000,0.6766825263541413,0.8995080260152055,0.6079005125476326,0.8989734130020143,0.9989937091827719,-0.3326047960899446,0.9,0.6789681409893599,0.0006253615462969204,0.003108649870085763,0.0011679038438827212,0.00017401981271969894,0,0,0,0.925
40,5,1.0,0.9,f090,202609112,100000,0.6976276633247519,0.899667186809025,0.6270994012457685,0.899142870899207,0.9991673798633234,-0.3326833542614139,0.9,0.6995119530777762,0.00043355286672778093,0.002171250190488388,0.000808902886200854,0.00012125685149676668,0,0,0,0.925
40,5,1.0,0.9,f090,202609113,0,-0.004217025512642516,0.008264903455092875,0.0036546144741455844,-0.009607135456033603,-0.013119125471922802,0.06172385056605556,-0.004615384615384616,0.16443526111916973,1.0,1.0,1.0,1.0,0,0,0,0.95
40,5,1.0,0.9,f090,202609113,125,0.33197211425144335,0.8842042629893554,0.3008206344914255,0.8963524990106474,0.995947297515994,-0.9995814574964952,0.9,0.34476332153796485,0.014114347211364103,0.07529341189823652,0.04168891944448964,0.0059181589524727575,0,0,0,0.95
40,5,1.0,0.9,f090,202609113,500,0.4629903300562791,0.8925446425251179,0.41608848330051695,0.8978490931042084,0.9976058728901032,-0.9997577730349708,0.9,0.46912033813868115,0.006137480311682066,0.034245642149670436,0.018948104884677484,0.002521866767006126,0,0,0,0.95
40,5,1.0,0.9,f090,202609113,1000,0.5123799957169533,0.8951783872729963,0.4603597627772605,0.8982302378618343,0.9980290260117843,-0.9998034770104101,0.9,0.5169027094039945,0.0042217274284122985,0.023746045460333137,0.013445045691044452,0.001732272389996516,0,0,0,0.95
40,5,1.0,0.9,f090,202609113,2500,0.5674894622444474,0.897245543606365,0.5100651996570599,0.8986168366911288,0.9984595553906153,-0.9998326619121158,0.9,0.5705259830589849,0.0026144979539147626,0.01471545159278495,0.008153661313563593,0.0010756288461916167,0,0,0,0.95
40,5,1.0,0.9,f090,202609113,5000,0.603423580836324,0.8981778797721314,0.5426439455450558,0.898863768423249,0.998734668233462,-0.9998560478213814,0.9,0.6056612141969664,0.0018276581507317645,0.010265486038952288,0.005602083194353252,0.0007530380905712176,0,0,0,0.95
40,5,1.0,0.9,f090,202609113,10000,0.635084630145302,0.8987859214287142,0.571443566861353,0.8990557567077823,0.998948311844112,-0.9998786516106202,0.9,0.6367364555078308,0.0012750497787029301,0.007165203406877877,0.003759551945809578,0.0005272827789156487,0,0,0,0.95
40,5,1.0,0.9,f090,202609113,25000,0.6712711334392185,0.8992839473165001,0.6044369737563621,0.899263411956303,0.9991797440070131,-0.999898392680515,0.9,0.6723562124759532,0.0007897046077197558,0.00445656822912562,0.0022636019136865037,0.00033005071898823253,0,0,0,0.95
40,5,1.0,0.9,f090,202609113,50000,0.6947884573392991,0.8995172415672196,0.6259051728854197,0.8993896036101735,0.9993202777375858,-0.9999098513746734,0.9,0.6955674139430184,0.0005481145966093907,0.003112265882484666,0.001546847244356993,0.00023064771648677193,0,0,0,0.95
40,5,1.0,0.9,f090,202609113,100000,0.7153752657398221,0.8996733845092802,0.6447037841202308,0.899492462251599,0.9994348564606819,-0.9999200605014913,0.9,0.7159237813648405,0.00037988821231692445,0.0021737752651249755,0.0010630651173549894,0.00015984467933269152,0,0,0,0.95
40,5,1.0,0.9,f090,202609114,0,0.00048051281083645814,0.007064013459859216,-0.003081941018412479,-0.018923930507288203,-0.017820662420453957,0.07436363276966418,-0.0025641025641025632,0.18154940581752302,1.0,1.0,1.0,1.0,0,0,0,0.925
40,5,1.0,0.9,f090,202609114,125,0.13816464072463008,0.8337542017579788,0.09593218417520265,0.7141867403301079,0.9981606506781212,0.9966193129985657,0.7153846153846154,0.19395179929553374,0.008282918793139521,0.0815008767155727,0.03609716590032819,0.003736573653718951,0,0,0,0.925
40,5,1.0,0.9,f090,202609114,500,0.1512517042936209,0.840466085143812,0.10123653087172037,0.7151434918275241,0.9995110961284076,0.9978943041060356,0.7153846153846154,0.20752667261066593,0.0024025283200613838,0.04076844171194221,0.017541624671152684,0.000972153135282316,0,0,0,0.925
40,5,1.0,0.9,f090,202609114,1000,0.15412855357396016,0.843865367495562,0.10233094652627876,0.7153002120129799,0.9997447953334602,0.9982634421157982,0.7153846153846154,0.21264044087569908,0.0013384878072228393,0.02857680738230622,0.011852179618821535,0.0004973099634165579,0,0,0,0.925
40,5,1.0,0.9,f090,202609114,2500,0.15668558727137633,0.8466412874637921,0.10318033079802327,0.7153880637120487,0.999887219993958,0.9986315634964402,0.7153846153846154,0.21801459619632638,0.0006473193941190618,0.017677200570804436,0.007261247117747208,0.00020341427996096905,0,0,0,0.925
40,5,1.0,0.9,f090,202609114,5000,0.15805544656107998,0.8478308254512279,0.10350344958817113,0.7154132299588379,0.9999369489734002,0.9988277452901766,0.7153846153846154,0.22130599955978109,0.00038660331805130454,0.012297037211700619,0.005058879856250128,0.00010257883480463387,0,0,0,0.925
40,5,1.0,0.9,f090,202609114,10000,0.15897227679200077,0.8485798978778417,0.1035611367434455,0.7154219175905997,0.9999631405174094,0.9989869073374903,0.7153846153846154,0.22393297157492978,0.0002376152437353723,0.008559684746877174,0.0034897356712662374,5.1770346692333886e-05,0,0,0,0.925
40,5,1.0,0.9,f090,202609114,25000,0.16004242488628684,0.8491763878586029,0.1036487927394389,0.7154222074665779,0.9999770013345686,0.9991423445550236,0.7153846153846154,0.22702650088816978,0.00012977873075775906,0.005307236678924969,0.002152350045390976,2.0717857250515005e-05,0,0,0,0.925
40,5,1.0,0.9,f090,202609114,50000,0.16078579166582507,0.8494493040481008,0.10374112327907827,0.7154211863353847,0.9999833427108199,0.9992389629479911,0.7153846153846154,0.22913023731430782,8.420447809784634e-05,0.003700951935471,0.0014967683692562966,1.0353807396536636e-05,0,0,0,0.925
40,5,1.0,0.9,f090,202609114,100000,0.16140164894427114,0.8496296508199324,0.1037826449123433,0.7154195999607036,0.9999878946738189,0.9993193434154334,0.7153846153846154,0.23097628147127808,5.557857442476135e-05,0.002582227062460247,0.0010407539181553392,5.173659427620733e-06,0,0,0,0.925
40,5,1.0,0.9,f090,202609115,0,0.002030267786546897,-0.00907501001303264,-2.3746836899525452e-05,-0.009914376016065362,-0.005805350370264848,-0.1933665537971009,-0.015897435897435898,0.18145139980475206,1.0,1.0,1.0,1.0,0,0,0,0.925
40,5,1.0,0.9,f090,202609115,125,0.2590667782758371,0.8261170028721969,0.20621114533156262,0.801086480706288,0.9950495125886781,-0.3295230126305719,0.8051282051282052,0.29505832224243067,0.012594927096572612,0.0816551098329026,0.03402078119866409,0.004887684046410816,0,0,0,0.925
40,5,1.0,0.9,f090,202609115,500,0.41629324853848776,0.7985039614794219,0.32584937809631975,0.8028334469180348,0.9971772214396131,-0.33109272547878715,0.8051282051282052,0.4314270051037134,0.005103881298340517,0.03404863535017573,0.013784266276370092,0.0015400538348429409,0,0,0,0.925
40,5,1.0,0.9,f090,202609115,1000,0.47623020525685916,0.8007371185324204,0.3757605972229847,0.8033632656117686,0.9978250979795233,-0.3314479655396682,0.8051282051282052,0.4878204779414531,0.0034575111033359807,0.023299594487871632,0.009565357265910417,0.0009617428722325128,0,0,0,0.925
40,5,1.0,0.9,f090,202609115,2500,0.5400867962936713,0.8026007041841148,0.42919058398511145,0.8038236344219278,0.9983893060363922,-0.3318183967650586,0.8051282051282052,0.5486590040081927,0.0021045196376922566,0.014346550526375993,0.0057412071901302595,0.0005608795987439421,0,0,0,0.925
40,5,1.0,0.9,f090,202609115,5000,0.5800036623897894,0.8034526595613853,0.4626949554264135,0.8041244326920463,0.9987579896685996,-0.3320364114025797,0.8051282051282052,0.5869579308642795,0.0014537319176529306,0.00998302699257586,0.003991339999764459,0.00038540106872867337,0,0,0,0.925
40,5,1.0,0.9,f090,202609115,10000,0.6140079724996638,0.8040107222801336,0.491260781490982,0.8043342020635167,0.9990173564637215,-0.3322010751755567,0.8051282051282052,0.6197620182715057,0.001004032171409307,0.0069577891585883905,0.0027481769600656556,0.0002662978444007832,0,0,0,0.925
40,5,1.0,0.9,f090,202609115,25000,0.6518112168566312,0.8044686373240981,0.5230318686182562,0.8045402862705745,0.9992710311403672,-0.3323707211871773,0.8051282051282052,0.6564151742406895,0.0006137129661635276,0.0043222916924715565,0.0016973800595192366,0.0001626416561368135,0,0,0,0.925
40,5,1.0,0.9,f090,202609115,50000,0.6757217788839465,0.8046835022471033,0.5431015078329139,0.8046507990400014,0.9994070328279656,-0.33247611773247154,0.8051282051282052,0.6796934682877894,0.0004231858354901741,0.00301663752067542,0.0011736638589219311,0.00011226168324605873,0,0,0,0.925
40,5,1.0,0.9,f090,202609115,100000,0.6964278743525752,0.8048272907841468,0.5604515527409811,0.8047356178092836,0.9995119903158151,-0.33256334070712457,0.8051282051282052,0.6999080268874163,0.0002917648824006682,0.0021060868457722457,0.0008146382231699147,7.704618102076582e-05,0,0,0,0.925
40,5,1.0,0.9,f090,202609116,0,-0.0009080371206141492,-0.0027543828459559356,0.015033462811259366,0.016881176797745402,0.017162873490957603,0.3990367181055945,0.012307692307692308,0.16662704556947266,1.0,1.0,1.0,1.0,0,0,0,0.95
40,5,1.0,0.9,f090,202609116,125,0.3834281023546956,0.8876068648877943,0.3423710377209949,0.896801364385254,0.9961810375375977,-0.9967898801577078,0.9,0.3930218072881838,0.018115652104195676,0.07575022288696422,0.03523850134897232,0.004143909664808545,0,0,0,0.95
40,5,1.0,0.9,f090,202609116,500,0.5262664758863685,0.8925781143145718,0.46614782488594775,0.8980608871302992,0.9976916401292092,-0.9981059503410596,0.9,0.5272652387506371,0.007833528154461648,0.03398244072508505,0.015857091328178842,0.00170534935626985,0,0,0,0.95
40,5,1.0,0.9,f090,202609116,1000,0.5768917058806836,0.8951994103391175,0.5115895948218895,0.8984386389114488,0.9981421496310363,-0.9984713644555268,0.9,0.5764802191512458,0.005390744519629291,0.023540888665390496,0.011027416892954358,0.0011596941144962154,0,0,0,0.95
40,5,1.0,0.9,f090,202609116,2500,0.6318789691109112,0.897257074316512,0.561350347465609,0.898789216301202,0.9985582611858275,-0.9988165231802391,0.9,0.6303701822897807,0.0033420138010475096,0.01457877040573843,0.0065295140031356915,0.0007029348727425834,0,0,0,0.95
40,5,1.0,0.9,f090,202609116,5000,0.666618365081654,0.8981855551910276,0.5930046764463386,0.8990014380937228,0.9988103787248499,-0.9990182558972527,0.9,0.6646280957842022,0.0023355843489462993,0.010166346264595963,0.004497942774538134,0.0004904759155838276,0,0,0,0.95
40,5,1.0,0.9,f090,202609116,10000,0.696755174832334,0.8987908453105069,0.6205893076879248,0.8991826512166403,0.9990234996260322,-0.9991574645199669,0.9,0.6944802977783426,0.0016325838127663177,0.007094197937461314,0.0030749104114755096,0.00034442559582277196,0,0,0,0.95
40,5,1.0,0.9,f090,202609116,25000,0.7305794478751712,0.899286773147613,0.6516700703371566,0.8993638945002732,0.999237720746795,-0.9993014045573232,0.9,0.7281269425236332,0.0010121894395123284,0.004411375856858268,0.0018945286233825196,0.00021461542095212258,0,0,0,0.95
40,5,1.0,0.9,f090,202609116,50000,0.7520718416466956,0.8995191353423444,0.6714701863252293,0.8994793825040789,0.9993737915227396,-0.9993852617428896,0.9,0.7495704547596468,0.0007035933336588249,0.0030803144699680296,0.0013140978304767438,0.00014999148904121844,0,0,0,0.95
40,5,1.0,0.9,f090,202609116,100000,0.7707388517477903,0.8996746196889087,0.6886974125026024,0.8995701360260028,0.9994810697858586,-0.9994551372990375,0.9,0.7682425900670106,0.0004874910617378289,0.0021512611150457644,0.0009135683931981201,0.00010418037256277789,0,0,0,0.95
40,5,1.0,0.9,f090,202609117,0,-0.0023253952378594926,-0.008133294849679451,0.00044640440841913024,0.020626690560808833,0.025358314236698282,0.21473637203716178,0.013846153846153847,0.17190108003551702,1.0,1.0,1.0,1.0,0,0,0,0.95
40,5,1.0,0.9,f090,202609117,125,0.313612927909341,0.8856355251569916,0.2819136507854161,0.8959584237505717,0.9956110293497349,-0.9978917293697139,0.9,0.3336096508717616,0.014535158310838217,0.07551225750604991,0.03662391587539565,0.005990303859014375,0,0,0,0.95
40,5,1.0,0.9,f090,202609117,500,0.4406704681133488,0.8925136051057933,0.3933004404649134,0.8974772342931189,0.9972636928610515,-0.9987842424279144,0.9,0.45206419530620223,0.006373639408146108,0.03382698576269105,0.016351119962613046,0.0024831180401116994,0,0,0,0.95
40,5,1.0,0.9,f090,202609117,1000,0.4883358461151253,0.8951603066033975,0.4360918692799468,0.897967957625887,0.997794119882106,-0.9989982113991617,0.9,0.49762349572029674,0.004397905456208686,0.02344420264841855,0.011229587641320194,0.0017107040520856712,0,0,0,0.95
40,5,1.0,0.9,f090,202609117,2500,0.5425420983026343,0.8972365060039573,0.4851029007417791,0.8983936125139708,0.9982583645762718,-0.9992045956633675,0.9,0.5498298053745202,0.002721009512316288,0.014521624444031071,0.006827709355196694,0.001052327610588721,0,0,0,0.95
40,5,1.0,0.9,f090,202609117,5000,0.5781780408641932,0.8981717490689098,0.517500375095537,0.8986575010085348,0.998546066976587,-0.9993136422375064,0.9,0.5843209082697998,0.0018975021707910635,0.01012745202749606,0.004765331978490119,0.0007392084802539472,0,0,0,0.95
40,5,1.0,0.9,f090,202609117,10000,0.6099327500368862,0.8987818400724877,0.5464755469641096,0.8988794667090525,0.9987874896530585,-0.9994114792581361,0.9,0.6151617276718511,0.0013228201917966482,0.007067529363759792,0.003301358857869696,0.0005204242193221246,0,0,0,0.95
40,5,1.0,0.9,f090,202609117,25000,0.6463532012826932,0.8992817097342394,0.5797930851015561,0.8991126961346697,0.9990419949660418,-0.9995083415925828,0.9,0.650655932837655,0.0008191353348739203,0.004394913663245805,0.0020493582550292853,0.0003223860620549437,0,0,0,0.95
40,5,1.0,0.9,f090,202609117,50000,0.6702301218721873,0.8995157419742885,0.6016675153895362,0.8992565050773051,0.9991987728364017,-0.999563898581198,0.9,0.673987380501955,0.0005685459880152453,0.0030687715645679138,0.0014268080519225712,0.00022505208928453398,0,0,0,0.95
40,5,1.0,0.9,f090,202609117,100000,0.6912540293562273,0.8996723524263113,0.6209385751971243,0.8993786287966365,0.9993320632729331,-0.9996122978970785,0.9,0.6945697852480471,0.00039393394180977596,0.0021431366919739472,0.0009905323436698033,0.00015646271221025134,0,0,0,0.95
40,5,1.0,0.9,f090,202609118,0,-0.0015537416273332003,-0.001536714536824825,-0.008324671706188289,-0.014261535224861255,-0.014405586636732394,-0.2038994147379055,-0.010769230769230769,0.16064292746429581,1.0,1.0,1.0,1.0,0,0,0,0.9
40,5,1.0,0.9,f090,202609118,125,0.27465202402544453,0.8877997080436243,0.24736218980647656,0.8959995138982736,0.9954167632409194,-0.00012340392626408736,0.9,0.2948325591277256,0.01296644738529365,0.07557888017738218,0.0367454286545833,0.005685677574873001,0,0,0,0.9
40,5,1.0,0.9,f090,202609118,500,0.3995895022194585,0.8923541916517744,0.3571851050707087,0.897591893939459,0.9972353721279541,-5.414964285125704e-05,0.9,0.41037486949998936,0.005612588058209321,0.03374010438715893,0.015469477109186995,0.0023815682202609485,0,0,0,0.9
40,5,1.0,0.9,f090,202609118,1000,0.44805290984198803,0.8950566409022206,0.4010539911253968,0.8980453298224769,0.9977565182403643,-3.8919349888348144e-05,0.9,0.4567332455665317,0.00385600378862647,0.023356959641336716,0.010758200391652315,0.0015941917444380867,0,0,0,0.9
40,5,1.0,0.9,f090,202609118,2500,0.5036145077176465,0.8971788008477519,0.4516239203214706,0.8984975150969597,0.9982767163493427,-4.1320288707587714e-05,0.9,0.5102945827163545,0.002386578857184607,0.014459494389588351,0.006599043908483092,0.0009803743996548786,0,0,0,0.9
40,5,1.0,0.9,f090,202609118,5000,0.5405316378569095,0.8981344930503403,0.48537530105556576,0.8987383864306991,0.9985525368838064,-3.5201561330892396e-05,0.9,0.5461293185136172,0.001665464096684332,0.010081310625852222,0.004571779406079601,0.0006857662161582518,0,0,0,0.9
40,5,1.0,0.9,f090,202609118,10000,0.5736765694065963,0.8987572906459007,0.5157647571709377,0.8989393694323641,0.998784522318243,-3.247359124466017e-05,0.9,0.5784339591252783,0.001161729286353508,0.007033967768382045,0.0031430478151063977,0.00047989746068179134,0,0,0,0.9
40,5,1.0,0.9,f090,202609118,25000,0.6120806620311522,0.8992673690754885,0.5510387904756032,0.8991697323075059,0.999050203091338,-2.992242607095334e-05,0.9,0.6159870339780076,0.0007206773553867609,0.0043734610523470776,0.0019254452266344205,0.00029945677820828457,0,0,0,0.9
40,5,1.0,0.9,f090,202609118,50000,0.6374720110158714,0.8995061770855357,0.574381847892661,0.8993088010321918,0.9992107861163328,-2.8164342562512584e-05,0.9,0.6408884460484959,0.0005006833968484259,0.0030535995337873764,0.0013411491053430735,0.00020837868893006385,0,0,0,0.9
40,5,1.0,0.9,f090,202609118,100000,0.6599692141248883,0.8996659529725921,0.5950636138602936,0.8994249631548973,0.9993446493222612,-2.4748286009734777e-05,0.9,0.6629945684304355,0.0003473858608849978,0.0021324754754501333,0.0009314508796313679,0.00014488305188317693,0,0,0,0.9
40,5,1.0,0.9,f090,202609119,0,0.00044175722501338773,0.0050249838335183405,-0.005722818428751001,-0.011191023838449313,-0.015394384969005541,-0.1456798423380519,-0.01282051282051282,0.1824331038941749,1.0,1.0,1.0,1.0,0,0,0,0.85
40,5,1.0,0.9,f090,202609119,125,0.1661044961160551,0.8105783897551324,0.11223659346194423,0.7133514346583334,0.9945204537527383,-0.1963357424183542,0.7153846153846154,0.22623063565481968,0.01245532135376386,0.07877579377020444,0.03229447705384355,0.0033750205653002192,0,0,0,0.85
40,5,1.0,0.9,f090,202609119,500,0.18404890678926084,0.8220310752658698,0.12158578157416329,0.7147915750572338,0.9975647641845564,-0.19753923662433248,0.7153846153846154,0.24847558495304548,0.004636950561062223,0.03874481533455403,0.014064246952526022,0.0008892338838055138,0,0,0,0.85
40,5,1.0,0.9,f090,202609119,1000,0.18848787756087565,0.8251599259989326,0.12350824273476388,0.7150288074206775,0.9982003798588841,-0.19793816653926186,0.7153846153846154,0.25551063615053743,0.002973553971102706,0.027207359012843237,0.009121834493852354,0.00044852196842349874,0,0,0,0.85
40,5,1.0,0.9,f090,202609119,2500,0.19239993618686135,0.827642660113145,0.12486930473481077,0.7152421973000738,0.9987772263793213,-0.19832008588035924,0.7153846153846154,0.262733779397594,0.0017186604150475023,0.016913716735538906,0.0053421108057923935,0.00018124578094533392,0,0,0,0.85
40,5,1.0,0.9,f090,202609119,5000,0.19492915975349012,0.8287358743885043,0.1257786540276018,0.7153356480839053,0.9990490677917362,-0.19853967585687177,0.7153846153846154,0.267554522494095,0.0011583213310283873,0.011780874478730177,0.0035662783896773763,9.043114091890658e-05,0,0,0,0.85
40,5,1.0,0.9,f090,202609119,10000,0.19709260943586107,0.8294324759362007,0.12653183654949265,0.7153986649399021,0.9992507154160246,-0.19872648927918454,0.7153846153846154,0.27182916544396607,0.0007913728745316392,0.008207137081103034,0.002431675311368215,4.5421370574640334e-05,0,0,0,0.85
40,5,1.0,0.9,f090,202609119,25000,0.19966223687458226,0.8299905903770245,0.12746705009134662,0.715438329425482,0.9994294445630105,-0.19892015535057866,0.7153846153846154,0.27691194676669884,0.00048401510368882713,0.005095452142712756,0.0014822912887035504,1.8152726710009238e-05,0,0,0,0.85
40,5,1.0,0.9,f090,202609119,50000,0.20135060463615778,0.8302476745417287,0.1280698178417363,0.7154578128015312,0.9995290884251917,-0.19903957522648358,0.7153846153846154,0.2803235948444698,0.0003358651848830765,0.0035548559859696605,0.0010187544969720796,9.087022612918665e-06,0,0,0,0.85
40,5,1.0,0.9,f090,202609119,100000,0.20283662260709967,0.8304180482646956,0.1285786701592206,0.7154668219573778,0.9996016184202837,-0.19913948970048526,0.7153846153846154,0.28340283609442174,0.00023382347282293803,0.002481052473650766,0.00070391186311134,4.541152653239545e-06,0,0,0,0.85
40,5,1.0,0.9,f090,202609120,0,-0.00024413095881927735,-0.006177618626865025,0.0016458237252951313,0.00022142204850319138,0.012672960912637112,0.16922909111894127,-0.02153846153846154,0.15787260943524437,1.0,1.0,1.0,1.0,0,0,0,0.875
40,5,1.0,0.9,f090,202609120,125,0.09015358066341785,0.756265787675428,0.03567829964247574,0.5502458641253593,0.9981484228902122,0.9982273474190141,0.5512820512820513,0.16859877020908448,0.007078619038969636,0.07862794791392452,0.03846204807762824,0.0032789047029395347,0,0,0,0.875
40,5,1.0,0.9,f090,202609120,500,0.09082821136183805,0.7682727119958699,0.03325081138863547,0.55110415304849,0.9995272130016829,0.9988970826937493,0.5512820512820513,0.17367397292979958,0.0021682127883741508,0.03758482662661611,0.01699799149387865,0.0008194060920631644,0,0,0,0.875
40,5,1.0,0.9,f090,202609120,1000,0.09111257368392636,0.7709457983480154,0.03244912743810732,0.5512171594366722,0.999729258662946,0.9990784810068807,0.5512820512820513,0.17593659305045786,0.0012691592801705666,0.02616539091032638,0.011357997243645241,0.000405856357011108,0,0,0,0.875
40,5,1.0,0.9,f090,202609120,2500,0.09147710894576587,0.7729894616834485,0.031618452329511146,0.5513036244842312,0.9998944337242025,0.9992660678157149,0.5512820512820513,0.17873443927137972,0.0006566033398241369,0.016259005448890047,0.006709183717676365,0.00016302892251938834,0,0,0,0.875
40,5,1.0,0.9,f090,202609120,5000,0.0917065172620548,0.7738967239402911,0.031091690835817296,0.5513292436262354,0.9999470873878038,0.9993703208103348,0.5512820512820513,0.18060357253723724,0.0004118418012060851,0.011355220076176988,0.004648143762370244,8.180965313585436e-05,0,0,0,0.875
40,5,1.0,0.9,f090,202609120,10000,0.09188644092746333,0.7744835428682881,0.030619024815897324,0.5513383149337139,0.9999755888052121,0.9994560277208155,0.5512820512820513,0.18228853596568595,0.00026451386601219936,0.007932331729090183,0.003195301608657718,4.097932397947729e-05,0,0,0,0.875
40,5,1.0,0.9,f090,202609120,25000,0.09202270584562215,0.7749610873314664,0.030029309125000864,0.5513369570098916,0.9999905384738786,0.9995435889006125,0.5512820512820513,0.18424335331494884,0.00015169330198256292,0.0049368971641964585,0.001955942683097333,1.640138772475061e-05,0,0,0,0.875
40,5,1.0,0.9,f090,202609120,50000,0.0921048909996363,0.775183623525937,0.029630840425368166,0.5513315165814435,0.9999944386332962,0.9995961998658613,0.5512820512820513,0.18556647505249363,0.00010133719828057923,0.00344858528488855,0.0013528015746969487,8.199664193891783e-06,0,0,0,0.875
40,5,1.0,0.9,f090,202609120,100000,0.09222825491512746,0.7753320689555214,0.029301118189876026,0.5513275379453803,0.999996999917948,0.9996394458417088,0.5512820512820513,0.1868509667480853,6.850605859839897e-05,0.00240905610983037,0.0009396537431662598,4.101977219072029e-06,0,0,0,0.875
40,5,1.0,0.9,f090,202609121,0,0.0005044382235674859,0.007697568844473169,0.006346160380754531,0.014068169453353888,0.015005064657709817,-0.016848150398827477,0.022564102564102566,0.18778184264746323,1.0,1.0,1.0,1.0,0,0,0,0.95
40,5,1.0,0.9,f090,202609121,125,0.2842779916937135,0.8838204043192339,0.25445931047207104,0.8878841270039798,0.9880224967137394,-0.981465079265768,0.9,0.2996300685041516,0.018626274264156945,0.07419825388186882,0.03110710093021502,0.005808294773117514,0,0,0,0.95
40,5,1.0,0.9,f090,202609121,500,0.3966404762567318,0.8926080947944278,0.353745010091571,0.8921063253242593,0.9922164182770846,-0.9879096558629678,0.9,0.4053766032078309,0.008483849319540408,0.03392801733523584,0.013777780872733045,0.002390048832518523,0,0,0,0.95
40,5,1.0,0.9,f090,202609121,1000,0.44139477109711384,0.8952283520227067,0.39404728044535803,0.8934758038333774,0.9935699811870032,-0.9898840654518903,0.9,0.4483300814809388,0.005913798748782721,0.023537325318446243,0.009321731641202,0.001642226548092605,0,0,0,0.95
40,5,1.0,0.9,f090,202609121,2500,0.4934507805638005,0.8972766813894514,0.4412500033936876,0.8950361333510959,0.9951397030946493,-0.9919252558476086,0.9,0.498502440322884,0.0037081405430626586,0.014587781490230267,0.005596708414824046,0.0010036539617043288,0,0,0,0.95
40,5,1.0,0.9,f090,202609121,5000,0.5286966509848667,0.8981983850845581,0.47338567601984943,0.8958294936407879,0.9959289069091619,-0.9930809990512827,0.9,0.5327224403410912,0.002593723071439789,0.010176382046640514,0.003816346852435667,0.0007002904723028056,0,0,0,0.95
40,5,1.0,0.9,f090,202609121,10000,0.5604705087875804,0.8987995667352671,0.5024493079744757,0.8965366116845479,0.9966394251169927,-0.9939850322045378,0.9,0.5636598142444875,0.001816554602956371,0.007103462669561199,0.002647444882828184,0.0004890852271677344,0,0,0,0.95
40,5,1.0,0.9,f090,202609121,25000,0.597584667312111,0.8992919260184621,0.5364782830544135,0.897275202869889,0.997381367131917,-0.9949290174692663,0.9,0.5999212720091542,0.0011294448882400309,0.004417946841227001,0.0016201664003142042,0.0003060406386502626,0,0,0,0.95
40,5,1.0,0.9,f090,202609121,50000,0.6222846348313694,0.8995226312947986,0.5591571821962951,0.8977166235533712,0.9978255273192269,-0.9954980512078395,0.9,0.6241239865061292,0.0007868735791609705,0.0030852237823239506,0.0011234520982400411,0.00021346598096972258,0,0,0,0.95
40,5,1.0,0.9,f090,202609121,100000,0.6443383267788467,0.8996769853333936,0.5794141548814955,0.8980778738502706,0.9981884868815123,-0.9959724108678936,0.9,0.6457766032194361,0.0005470702040681569,0.0021548051577606865,0.0007785796274091502,0.0001488700868277874,0,0,0,0.95
40,5,1.0,1.0,f100,202609110,0,-0.0014877288959757452,0.007612087463459997,0.004544046388728023,-0.02158564307974325,-0.02158564307974325,nan,-0.022564102564102562,0.1697720729366441,1.0,1.0,1.0,1.0,0,0,0,1.0
40,5,1.0,1.0,f100,202609110,125,0.33423288855556077,0.9779561864414666,0.3418055337958734,0.9963586064255779,0.9963586064255779,nan,1.0,0.3401465187856297,0.016259646654920554,0.07228699893916087,0.04017785647795874,0.005674445017973559,0,0,0,1.0
40,5,1.0,1.0,f100,202609110,500,0.4208091272512075,0.9915557122445957,0.4244020480410872,0.9979917264394355,0.9979917264394355,nan,1.0,0.4227201474944894,0.007529499645593693,0.034446870233440716,0.017189944884545633,0.002483414600730234,0,0,0,1.0
40,5,1.0,1.0,f100,202609110,1000,0.4561090740505649,0.9945872026470394,0.45859689451222074,0.998409163660721,0.998409163660721,nan,1.0,0.45691367047722264,0.005184638765494247,0.02397453231003643,0.011574765413576436,0.0017090135965979697,0,0,0,1.0
40,5,1.0,1.0,f100,202609110,2500,0.49686770872378727,0.9969246883282814,0.49840322869169623,0.9987833779621222,0.9987833779621222,nan,1.0,0.4967166924173595,0.003185187800209914,0.014894267362463774,0.006898160402464482,0.0010358151076944552,0,0,0,1.0
40,5,1.0,1.0,f100,202609110,5000,0.5240523809115907,0.9979698149050417,0.5251200802596394,0.9989908567845831,0.9989908567845831,nan,1.0,0.5234307313841111,0.002210016366554839,0.010400545808300675,0.004750235361251937,0.0007135478538638497,0,0,0,1.0
40,5,1.0,1.0,f100,202609110,10000,0.5486027610715519,0.9986490849959364,0.5493458504514076,0.9991480843647661,0.9991480843647661,nan,1.0,0.5476601250399071,0.0015357609044046583,0.007264816074388581,0.0032718754167433226,0.0004933856249199601,0,0,0,1.0
40,5,1.0,1.0,f100,202609110,25000,0.5776361789231607,0.9992041547338857,0.5780967871204565,0.9993059198093659,0.9993059198093659,nan,1.0,0.5764178737920135,0.0009510968100064406,0.004521186427633549,0.002009509501887756,0.00030322127259680754,0,0,0,1.0
40,5,1.0,1.0,f100,202609110,50000,0.5973800540495997,0.9994637537393677,0.597700899983222,0.9993979590647966,0.9993979590647966,nan,1.0,0.5960296376309168,0.000662623283722316,0.0031583420782069277,0.0013955116211540675,0.00021045649485086946,0,0,0,1.0
40,5,1.0,1.0,f100,202609110,100000,0.6154711927204845,0.9996373107025451,0.6156947033879245,0.9994722848897929,0.9994722848897929,nan,1.0,0.6140338835135386,0.0004620137079244829,0.0022064172468395735,0.000969385621685272,0.0001462331453395628,0,0,0,1.0
40,5,1.0,1.0,f100,202609111,0,-0.0011263693607101851,-0.008967010737212129,-0.0030025298151275847,0.008832584488393753,0.008832584488393753,nan,0.006153846153846154,0.1662559283947304,1.0,1.0,1.0,1.0,0,0,0,1.0
40,5,1.0,1.0,f100,202609111,125,0.3955301811933527,0.9773268420348373,0.4047335115797671,0.9916250618526343,0.9916250618526343,nan,1.0,0.4121560090915978,0.02353342702483312,0.07046861073810853,0.030311358351562123,0.006682604559575304,0,0,0,1.0
40,5,1.0,1.0,f100,202609111,500,0.482898557955981,0.9912665398503214,0.4871601256008042,0.9950469804651175,0.9950469804651175,nan,1.0,0.4930193963031252,0.011287691919553469,0.03362812940386396,0.013678243577840763,0.0030383375008429486,0,0,0,1.0
40,5,1.0,1.0,f100,202609111,1000,0.517623701081648,0.9943958238886114,0.5205454848737593,0.9960122195006379,0.9960122195006379,nan,1.0,0.5258165785653535,0.007893057150651892,0.023401377803960507,0.009362721933355023,0.0020751852447210666,0,0,0,1.0
40,5,1.0,1.0,f100,202609111,2500,0.5570680198281637,0.996814584821013,0.5588507966170427,0.9969151013371337,0.9969151013371337,nan,1.0,0.563475222165124,0.004938261942888296,0.01453584903577112,0.005782883907208124,0.0012667688751659327,0,0,0,1.0
40,5,1.0,1.0,f100,202609111,5000,0.5830150170991932,0.9978970445607184,0.584245321454803,0.9974089586699408,0.9974089586699408,nan,1.0,0.5884606247850147,0.0034678593773330977,0.01014847361905779,0.0039621909243464926,0.0008751012408040901,0,0,0,1.0
40,5,1.0,1.0,f100,202609111,10000,0.6062125261527619,0.9986007605467131,0.6070629997859677,0.9977986833672178,0.9977986833672178,nan,1.0,0.6109205738587047,0.002436387639066677,0.007087242775257958,0.0027400325198856526,0.0006061335338788252,0,0,0,1.0
40,5,1.0,1.0,f100,202609111,25000,0.6333684331611956,0.999175829118681,0.6338914312697733,0.9981908553539874,0.9981908553539874,nan,1.0,0.6373457238882649,0.0015267559733581075,0.0044095828325417755,0.001676244059626684,0.00037388610766250167,0,0,0,1.0
40,5,1.0,1.0,f100,202609111,50000,0.6516672057871886,0.9994447354375696,0.6520296125005729,0.998421625271507,0.998421625271507,nan,1.0,0.655221605221014,0.0010716029952116276,0.0030797952950401258,0.0011644903314544956,0.00025995599904989986,0,0,0,1.0
40,5,1.0,1.0,f100,202609111,100000,0.6683207703310233,0.9996245053225244,0.6685720420925527,0.9986108690761631,0.9986108690761631,nan,1.0,0.6715315969842993,0.0007517429844750864,0.0021512096581334387,0.0008076233606850071,0.0001808289076356677,0,0,0,1.0
40,5,1.0,1.0,f100,202609112,0,-0.00037346066614553234,0.010991584517368704,0.0021347933022071997,0.002237879401794178,0.002237879401794178,nan,0.001025641025641026,0.15862539992345895,1.0,1.0,1.0,1.0,0,0,0,1.0
40,5,1.0,1.0,f100,202609112,125,0.3524192478396071,0.9781831810330579,0.3603076273657964,0.9923747342154464,0.9923747342154464,nan,1.0,0.3653424159087868,0.02330508191210713,0.07184901490180695,0.03339674980308203,0.00649299559325223,0,0,0,1.0
40,5,1.0,1.0,f100,202609112,500,0.4328142972344487,0.9915944457398157,0.43649119813728793,0.9954018293539326,0.9954018293539326,nan,1.0,0.44031229636528374,0.011132916681764948,0.0343836979499816,0.016761274321853474,0.002877268285447085,0,0,0,1.0
40,5,1.0,1.0,f100,202609112,1000,0.46575742649153035,0.9946059234082087,0.46828877189306783,0.9962658565366139,0.9962658565366139,nan,1.0,0.4716695064704937,0.007762583763643726,0.02395125376957825,0.011814820137051683,0.0019697856355470706,0,0,0,1.0
40,5,1.0,1.0,f100,202609112,2500,0.5039453730804307,0.9969332000931573,0.5054986098166357,0.9970823523598675,0.9970823523598675,nan,1.0,0.5083986784750856,0.004839188694139453,0.014889232413338815,0.0070904558896246915,0.0012040417815288628,0,0,0,1.0
40,5,1.0,1.0,f100,202609112,5000,0.5295209425724774,0.9979748355607246,0.530597362784387,0.9975398554399026,0.9975398554399026,nan,1.0,0.533193794057846,0.0033883848625841304,0.010400012277447305,0.004900278276576281,0.0008294978908278365,0,0,0,1.0
40,5,1.0,1.0,f100,202609112,10000,0.5527185040127178,0.9986521429747949,0.5534656786707352,0.9978989780706862,0.9978989780706862,nan,1.0,0.5557994606753318,0.0023746782099896115,0.007265516283894896,0.003381438499230855,0.0005742812991932079,0,0,0,1.0
40,5,1.0,1.0,f100,202609112,25000,0.5802680636117823,0.9992058343961439,0.580729919216151,0.9982630889958299,0.9982630889958299,nan,1.0,0.5827697810357033,0.0014842427081068897,0.004522282735466354,0.0020942814319193878,0.000353883578900817,0,0,0,1.0
40,5,1.0,1.0,f100,202609112,50000,0.5990817601103642,0.9994648538071208,0.5994029517625551,0.9984792129964911,0.9984792129964911,nan,1.0,0.6012521318167717,0.0010402352000457396,0.0031593323133774307,0.0014505965586635466,0.00024571673626355483,0,0,0,1.0
40,5,1.0,1.0,f100,202609112,100000,0.6163799093455463,0.9996380332026668,0.6166033745680323,0.9986576677852955,0.9986576677852955,nan,1.0,0.61828448183782,0.000728965565501129,0.0022071770756262763,0.0010056678678857585,0.00017087679036159283,0,0,0,1.0
40,5,1.0,1.0,f100,202609113,0,-0.004217025512642516,0.008264903455092875,0.0036546144741455844,-0.009607135456033603,-0.009607135456033603,nan,-0.004615384615384616,0.16443526111916973,1.0,1.0,1.0,1.0,0,0,0,1.0
40,5,1.0,1.0,f100,202609113,125,0.361263751213552,0.9779926807081855,0.3694448924690193,0.9954420036656036,0.9954420036656036,nan,1.0,0.3700940709925586,0.018057703159685516,0.07169266983873886,0.041647936841288494,0.007315306693705196,0,0,0,1.0
40,5,1.0,1.0,f100,202609113,500,0.4473146996576797,0.9915365908694085,0.4511490735671277,0.997403293739462,0.997403293739462,nan,1.0,0.4513690244998603,0.008385574873064575,0.03424883241219342,0.02004777959659259,0.0033250618567994055,0,0,0,1.0
40,5,1.0,1.0,f100,202609113,1000,0.4821068779742576,0.9945708928801064,0.48474823583396903,0.9979428217911864,0.9979428217911864,nan,1.0,0.48481330231093633,0.0057798687237097315,0.023849483740389588,0.014156661895970441,0.002290507897826829,0,0,0,1.0
40,5,1.0,1.0,f100,202609113,2500,0.5220780099074009,0.9969135210486755,0.5236994650244855,0.9984307758804294,0.9984307758804294,nan,1.0,0.5236011685446135,0.003554892420987621,0.014820446170189041,0.008612168434187278,0.0013928925561425163,0,0,0,1.0
40,5,1.0,1.0,f100,202609113,5000,0.5485917398161803,0.9979621168085572,0.5497151188199481,0.9986926401337932,0.9986926401337932,nan,1.0,0.5495179677682606,0.002467444944608173,0.010350379263700582,0.005999947034645345,0.0009595880293956019,0,0,0,1.0
40,5,1.0,1.0,f100,202609113,10000,0.5724547021641977,0.9986437712319611,0.5732340652210328,0.9988929125079459,0.9988929125079459,nan,1.0,0.5729540532764629,0.0017152455247521087,0.007229967217856455,0.0041836959535278585,0.0006642352771602477,0,0,0,1.0
40,5,1.0,1.0,f100,202609113,25000,0.600584009815631,0.9992009511967964,0.6010653451528692,0.9990949994678644,0.9990949994678644,nan,1.0,0.6006954397296044,0.0010626065551464798,0.004499542093732341,0.0025848097507777724,0.000409936085166992,0,0,0,1.0
40,5,1.0,1.0,f100,202609113,50000,0.6196524924744238,0.9994615765843519,0.619986977651115,0.9992126197164034,0.9992126197164034,nan,1.0,0.6195613827880059,0.00074049392961964,0.0031431787999918817,0.001794760869260549,0.0002852722910666143,0,0,0,1.0
40,5,1.0,1.0,f100,202609113,100000,0.6370845026394776,0.9996358352797515,0.6373170179504142,0.9993088720820561,0.9993088720820561,nan,1.0,0.6368448060599328,0.0005164313324809827,0.002195806520394275,0.0012445683066884996,0.00019867889721485136,0,0,0,1.0
40,5,1.0,1.0,f100,202609114,0,0.00048051281083645814,0.007064013459859216,-0.003081941018412479,-0.018923930507288203,-0.018923930507288203,nan,-0.0025641025641025632,0.18154940581752302,1.0,1.0,1.0,1.0,0,0,0,1.0
40,5,1.0,1.0,f100,202609114,125,0.3432941877162572,0.9778633062832208,0.35106969237748736,0.9934236267661574,0.9934236267661574,nan,1.0,0.3559164158794331,0.020345756364279564,0.07137545195284924,0.03959716266628708,0.007246776885549138,0,0,0,1.0
40,5,1.0,1.0,f100,202609114,500,0.42410110823159064,0.9914740387898526,0.4277472749609727,0.9961813981103353,0.9961813981103353,nan,1.0,0.431507029990291,0.009557278362617052,0.034130581359517215,0.01792560079189132,0.0033003335215652514,0,0,0,1.0
40,5,1.0,1.0,f100,202609114,1000,0.4572623700031558,0.9945316053798856,0.4597755948091066,0.9969371832331577,0.9969371832331577,nan,1.0,0.4631337704398838,0.006614698589482994,0.02377573747238312,0.01178584645319385,0.0022678731830416635,0,0,0,1.0
40,5,1.0,1.0,f100,202609114,2500,0.49575102371105023,0.9968908770398448,0.49729641702152366,0.9976411270884602,0.9976411270884602,nan,1.0,0.5002082632813821,0.004085624129509553,0.014776924539625178,0.007062741787270806,0.0013915215685980666,0,0,0,1.0
40,5,1.0,1.0,f100,202609114,5000,0.5215559271442632,0.9979470344975038,0.522628354109121,0.9980220150092897,0.9980220150092897,nan,1.0,0.5252545130759932,0.002842939227318544,0.010320387692028414,0.004918752116962899,0.0009630227102991381,0,0,0,1.0
40,5,1.0,1.0,f100,202609114,10000,0.5449688610090653,0.9986336713046885,0.5457141149999304,0.9983184917423311,0.9983184917423311,nan,1.0,0.5480911702764537,0.001981205766981831,0.00720910373379961,0.0033919718979935954,0.0006695759005383619,0,0,0,1.0
40,5,1.0,1.0,f100,202609114,25000,0.5728024980203288,0.9991950575293493,0.5732637145936216,0.9986171626837658,0.9986171626837658,nan,1.0,0.5753557152745055,0.0012303442691161393,0.004486826254954872,0.0020913715668224924,0.00041337295806623503,0,0,0,1.0
40,5,1.0,1.0,f100,202609114,50000,0.5918210607200356,0.9994576068970931,0.5921420753237946,0.9987936168987097,0.9987936168987097,nan,1.0,0.5940471374471474,0.0008586493637897754,0.003134280356997165,0.0014541486075268161,0.00028754607478852673,0,0,0,1.0
40,5,1.0,1.0,f100,202609114,100000,0.6093164976189938,0.999633155386832,0.609539991466571,0.9989382299037073,0.9989382299037073,nan,1.0,0.6112787755667061,0.0005995766281876239,0.002189569974932551,0.0010110192710513265,0.00020002828878230833,0,0,0,1.0
40,5,1.0,1.0,f100,202609115,0,0.002030267786546897,-0.00907501001303264,-2.3746836899525452e-05,-0.009914376016065362,-0.009914376016065362,nan,-0.015897435897435898,0.18145139980475206,1.0,1.0,1.0,1.0,0,0,0,1.0
40,5,1.0,1.0,f100,202609115,125,0.3640857403220222,0.9775610578014039,0.3724427675200209,0.9888354177892764,0.9888354177892764,nan,1.0,0.38008296731799557,0.02584027225774102,0.07031389516540335,0.03627975154206321,0.009622211842341976,0,0,0,1.0
40,5,1.0,1.0,f100,202609115,500,0.44017559962559494,0.9913319068398011,0.44402587386426057,0.9931314509820324,0.9931314509820324,nan,1.0,0.4498613219355777,0.012372087151359405,0.03360295809642888,0.017615472217690768,0.004452342902228193,0,0,0,1.0
40,5,1.0,1.0,f100,202609115,1000,0.4714061444843667,0.9944346857818952,0.4740446418135566,0.994412762916517,0.994412762916517,nan,1.0,0.47921722823546364,0.008626123331885446,0.023393322793504222,0.012328632687823811,0.003040954490506336,0,0,0,1.0
40,5,1.0,1.0,f100,202609115,2500,0.5077086189734179,0.9968350604729141,0.5093206325878245,0.9956100262386511,0.9956100262386511,nan,1.0,0.5137883165085733,0.005370904312169748,0.014534056177450247,0.0074907705719707025,0.0018724510475777523,0,0,0,1.0
40,5,1.0,1.0,f100,202609115,5000,0.5320994499179328,0.9979100493914158,0.5332139171833294,0.9962807251763981,0.9962807251763981,nan,1.0,0.5372418472791948,0.003756488495610393,0.010148162434039818,0.00524600237013196,0.0012965339957655003,0,0,0,1.0
40,5,1.0,1.0,f100,202609115,10000,0.554281792306939,0.9986091151500901,0.5550538207212778,0.9968062718911792,0.9968062718911792,nan,1.0,0.5587051679220746,0.002628146694543869,0.007087247258522909,0.0036422085781589696,0.000900097809899974,0,0,0,1.0
40,5,1.0,1.0,f100,202609115,25000,0.5807138022181635,0.9991806002247096,0.5811900068443846,0.997348713258926,0.997348713258926,nan,1.0,0.5844170249155265,0.0016391203951847122,0.004409741918342291,0.002223381871780814,0.0005561898628362632,0,0,0,1.0
40,5,1.0,1.0,f100,202609115,50000,0.5988257887273123,0.9994479056449865,0.5991565440574508,0.9976727252345925,0.9976727252345925,nan,1.0,0.6021089125680433,0.0011469107270600208,0.003079965047278526,0.0015392875587376504,0.00038747723318804955,0,0,0,1.0
40,5,1.0,1.0,f100,202609115,100000,0.6155235972438726,0.9996266192772444,0.6157534790060373,0.9979391570692201,0.9979391570692201,nan,1.0,0.6184644686801672,0.000802509681937311,0.002151350689424141,0.0010681665371310187,0.0002701593444924093,0,0,0,1.0
40,5,1.0,1.0,f100,202609116,0,-0.0009080371206141492,-0.0027543828459559356,0.015033462811259366,0.016881176797745402,0.016881176797745402,nan,0.012307692307692308,0.16662704556947266,1.0,1.0,1.0,1.0,0,0,0,1.0
40,5,1.0,1.0,f100,202609116,125,0.41422678091685083,0.9778258210943678,0.4236344648052614,0.9926486834202558,0.9926486834202558,nan,1.0,0.42084283254995947,0.025149423644509762,0.07154206221032958,0.040542480298268596,0.0050293470346405005,0,0,0,1.0
40,5,1.0,1.0,f100,202609116,500,0.5093102572990782,0.9914731600606497,0.513694895548036,0.9958359633248236,0.9958359633248236,nan,1.0,0.5106833109787579,0.011881902883208562,0.034147660452465124,0.020124472131387527,0.0023183424138781663,0,0,0,1.0
40,5,1.0,1.0,f100,202609116,1000,0.5462556988042853,0.9945318949323756,0.5492613944135905,0.996713488984891,0.996713488984891,nan,1.0,0.546228788972783,0.008243648206689883,0.02377442682996676,0.013928714485967419,0.0015878217977697293,0,0,0,1.0
40,5,1.0,1.0,f100,202609116,2500,0.5876110570385376,0.996892805676036,0.5894435427652369,0.9975085381412813,0.9975085381412813,nan,1.0,0.5864319017647992,0.0051049216968490786,0.01477283744888509,0.008566670786832733,0.0009657787666752817,0,0,0,1.0
40,5,1.0,1.0,f100,202609116,5000,0.6144076734789918,0.9979487453985691,0.6156711909375445,0.9979274687422136,0.9979274687422136,nan,1.0,0.6127012935870211,0.0035570260233130876,0.010316661820546786,0.005891455482039642,0.0006662088485007566,0,0,0,1.0
40,5,1.0,1.0,f100,202609116,10000,0.6380990594896822,0.9986349289961554,0.6389716486024153,0.9982495571806144,0.9982495571806144,nan,1.0,0.636056733122867,0.0024806333960542557,0.007205836820096758,0.004106536851451776,0.0004614122217661406,0,0,0,1.0
40,5,1.0,1.0,f100,202609116,25000,0.6654906423745441,0.9991958030240875,0.6660264308374341,0.9985716323660622,0.9985716323660622,nan,1.0,0.6631929765745742,0.0015415487294562224,0.004484315225930356,0.002545173780826472,0.0002838819000043942,0,0,0,1.0
40,5,1.0,1.0,f100,202609116,50000,0.6837480451812302,0.9994581299274535,0.6841188489955732,0.9987607982632838,0.9987607982632838,nan,1.0,0.681350931463137,0.0010763578749710307,0.0031324269365256003,0.0017753572720753297,0.00019720507190388228,0,0,0,1.0
40,5,1.0,1.0,f100,202609116,100000,0.7002178241748462,0.9996335188370908,0.7004745956283039,0.9989144476319107,0.9989144476319107,nan,1.0,0.6977737164988078,0.0007518022478394919,0.002188236372694047,0.0012333991573259889,0.0001371361111533957,0,0,0,1.0
40,5,1.0,1.0,f100,202609117,0,-0.0023253952378594926,-0.008133294849679451,0.00044640440841913024,0.020626690560808833,0.020626690560808833,nan,0.013846153846153847,0.17190108003551702,1.0,1.0,1.0,1.0,0,0,0,1.0
40,5,1.0,1.0,f100,202609117,125,0.3490728216551991,0.9777806402062876,0.35701538285187634,0.9927055623964384,0.9927055623964384,nan,1.0,0.36675522419872425,0.022112965199434554,0.07111235440486041,0.03837937046823813,0.007645370914986441,0,0,0,1.0
40,5,1.0,1.0,f100,202609117,500,0.42890200203805406,0.9914372223123676,0.4326117915244242,0.995616765653527,0.995616765653527,nan,1.0,0.4406476822434609,0.01052056643381597,0.03397180631593131,0.01878374224125756,0.0035044865124953667,0,0,0,1.0
40,5,1.0,1.0,f100,202609117,1000,0.46165914995139595,0.9945047789938974,0.4642130916953848,0.9964552507322413,0.9964552507322413,nan,1.0,0.47159391242252235,0.007318499306223689,0.023648777600847326,0.013092506926227293,0.002405467578547132,0,0,0,1.0
40,5,1.0,1.0,f100,202609117,2500,0.49965262227001267,0.9968756257262026,0.5012199903010076,0.997229253400692,0.997229253400692,nan,1.0,0.5078776612829687,0.004543197946653493,0.014693154999812085,0.00806429944386158,0.0014673353673763693,0,0,0,1.0
40,5,1.0,1.0,f100,202609117,5000,0.525147132679144,0.997937120537531,0.5262334997909087,0.9976653002357321,0.9976653002357321,nan,1.0,0.5324135160499357,0.0031743845652265103,0.010260502478993704,0.005563213346729146,0.0010138826730475736,0,0,0,1.0
40,5,1.0,1.0,f100,202609117,10000,0.5482776751821667,0.9986271863980214,0.5490318755886243,0.9980007413918145,0.9980007413918145,nan,1.0,0.5547941890709198,0.002218304650466337,0.007166483064235379,0.003855885333163538,0.0007018358526430172,0,0,0,1.0
40,5,1.0,1.0,f100,202609117,25000,0.5757848871746756,0.9991912688238774,0.5762511538957172,0.9983458955805826,0.9983458955805826,nan,1.0,0.5815265273320602,0.0013820836143721615,0.004459711021754583,0.0023781223623672663,0.0004335169825131764,0,0,0,1.0
40,5,1.0,1.0,f100,202609117,50000,0.5945853673230539,0.9994550644446025,0.5949096904967781,0.9985509379120223,0.9985509379120223,nan,1.0,0.5998600547318703,0.0009665124622132684,0.0031150957056136556,0.001650742443273739,0.00030140290019418627,0,0,0,1.0
40,5,1.0,1.0,f100,202609117,100000,0.611885060531292,0.9996314393159079,0.612110739918525,0.9987193241001985,0.9987193241001985,nan,1.0,0.6167680499541538,0.0006759869532343229,0.002176022712893879,0.0011484976003119979,0.00020963011701011886,0,0,0,1.0
40,5,1.0,1.0,f100,202609118,0,-0.0015537416273332003,-0.001536714536824825,-0.008324671706188289,-0.014261535224861255,-0.014261535224861255,nan,-0.010769230769230769,0.16064292746429581,1.0,1.0,1.0,1.0,0,0,0,1.0
40,5,1.0,1.0,f100,202609118,125,0.29607856438238966,0.9779702467014804,0.3027809775075445,0.9917516942121914,0.9917516942121914,nan,1.0,0.3131887856223453,0.0179184471100357,0.07171212996335162,0.0443591350045013,0.006925899329439272,0,0,0,1.0
40,5,1.0,1.0,f100,202609118,500,0.3780559088207055,0.9915297509903833,0.3812963105100781,0.9952991307543982,0.9952991307543982,nan,1.0,0.390224445169013,0.008369264731383242,0.034223661105654696,0.020812609132504583,0.0031958240421449857,0,0,0,1.0
40,5,1.0,1.0,f100,202609118,1000,0.4122043029385914,0.9945667477019742,0.41446319024891115,0.9962551196150016,0.9962551196150016,nan,1.0,0.42280564685627625,0.005779121173111801,0.02382371934506331,0.01412126347050197,0.002173124597886869,0,0,0,1.0
40,5,1.0,1.0,f100,202609118,2500,0.45218134799770027,0.9969122746361921,0.4535857652569445,0.9971388601647804,0.9971388601647804,nan,1.0,0.4612452144925679,0.003560091437978813,0.014804092463378998,0.008634334044477544,0.0013238856876173991,0,0,0,1.0
40,5,1.0,1.0,f100,202609118,5000,0.479167985332513,0.9979613174273427,0.48014931670227534,0.9976129417580218,0.9976129417580218,nan,1.0,0.4873569430876559,0.0024735237978266967,0.010338206121219023,0.006007663917602503,0.0009158047828787897,0,0,0,1.0
40,5,1.0,1.0,f100,202609118,10000,0.5037823878809009,0.9986432533705546,0.5044683823026989,0.9979814013386948,0.9979814013386948,nan,1.0,0.5112654162999443,0.001720961367067351,0.007221011117538554,0.004210441294524199,0.000633290185677272,0,0,0,1.0
40,5,1.0,1.0,f100,202609118,25000,0.5331826886112405,0.9992006922735465,0.5336100688205279,0.9983504832676706,0.9983504832676706,nan,1.0,0.5399225629715609,0.0010672095130444248,0.0044938978108847874,0.00260080685253151,0.0003900401245989456,0,0,0,1.0
40,5,1.0,1.0,f100,202609118,50000,0.5533579800579231,0.9994614025015479,0.5536567351861734,0.9985668129147368,0.9985668129147368,nan,1.0,0.5596394180373604,0.0007441097468402242,0.0031391632069876357,0.0018067873126793204,0.0002708557195403723,0,0,0,1.0
40,5,1.0,1.0,f100,202609118,100000,0.57197663521526,0.9996357200544876,0.5721854339841776,0.9987435765672809,0.9987435765672809,nan,1.0,0.5778662307572969,0.0005192029852295534,0.0021929820258387253,0.001257459440725048,0.00018835745246736273,0,0,0,1.0
40,5,1.0,1.0,f100,202609119,0,0.00044175722501338773,0.0050249838335183405,-0.005722818428751001,-0.011191023838449313,-0.011191023838449313,nan,-0.01282051282051282,0.1824331038941749,1.0,1.0,1.0,1.0,0,0,0,1.0
40,5,1.0,1.0,f100,202609119,125,0.2643510041305491,0.9778438846156674,0.2703386275307263,0.9869805301067498,0.9869805301067498,nan,1.0,0.28128650796429044,0.02338144943532142,0.07129465130278126,0.03672645262127675,0.007023776323821687,0,0,0,1.0
40,5,1.0,1.0,f100,202609119,500,0.33403391937557686,0.9914619833269088,0.3369088832121132,0.9920882609209776,0.9920882609209776,nan,1.0,0.34629612121047304,0.011133617220554419,0.03407203393257862,0.01658128473743456,0.003274822034982228,0,0,0,1.0
40,5,1.0,1.0,f100,202609119,1000,0.3639589132093261,0.994522098185463,0.3659620880696433,0.9935843349705169,0.9935843349705169,nan,1.0,0.37472647904253376,0.007744965379849693,0.02372856992077235,0.011440205332825902,0.002260055310840576,0,0,0,1.0
40,5,1.0,1.0,f100,202609119,2500,0.39973317297589933,0.9968857574789666,0.40098113734599705,0.9949976841274177,0.9949976841274177,nan,1.0,0.40903407955033816,0.004810830293536522,0.014746680400366615,0.0069977385231135905,0.0013822741479536705,0,0,0,1.0
40,5,1.0,1.0,f100,202609119,5000,0.42434647713333834,0.9979435797620535,0.4252203364298764,0.9957736432900653,0.9957736432900653,nan,1.0,0.432801735712715,0.003358950720137706,0.010298590320224952,0.004870028351656805,0.0009561382774711395,0,0,0,1.0
40,5,1.0,1.0,f100,202609119,10000,0.4471553446831762,0.9986314808721128,0.44776773506060413,0.9963910607477144,0.9963910607477144,nan,1.0,0.4549218290944211,0.002346867114772065,0.007193795600344382,0.0033553763966746525,0.000662629315263668,0,0,0,1.0
40,5,1.0,1.0,f100,202609119,25000,0.47485779180498994,0.9991937833594976,0.47524071758761666,0.9970218062818859,0.9970218062818859,nan,1.0,0.4818881665796188,0.001461279857914725,0.004477084833995685,0.0020452016747435843,0.00040883732563626557,0,0,0,1.0
40,5,1.0,1.0,f100,202609119,50000,0.49416687982588847,0.9994567525391059,0.4944353396145115,0.997395372718694,0.997395372718694,nan,1.0,0.5007381392381165,0.00102143942359129,0.00312739602415289,0.0014210529493241335,0.00028442113705723186,0,0,0,1.0
40,5,1.0,1.0,f100,202609119,100000,0.5122087784617727,0.9996325834800766,0.512396950642494,0.9977006703182874,0.9977006703182874,nan,1.0,0.518384375910415,0.0007140352204433048,0.0021847162672192456,0.0009883135379510806,0.000198146967368124,0,0,0,1.0
40,5,1.0,1.0,f100,202609120,0,-0.00024413095881927735,-0.006177618626865025,0.0016458237252951313,0.00022142204850319138,0.00022142204850319138,nan,-0.02153846153846154,0.15787260943524437,1.0,1.0,1.0,1.0,0,0,0,1.0
40,5,1.0,1.0,f100,202609120,125,0.37001530421658957,0.9779461953056968,0.37836510921330596,0.9923896867743743,0.9923896867743743,nan,1.0,0.3838048402589339,0.023042444487825324,0.07097133143607622,0.04615456268748504,0.009783399117163019,0,0,0,1.0
40,5,1.0,1.0,f100,202609120,500,0.4474363924181937,0.9914828980249286,0.4512821735749358,0.9954093468582058,0.9954093468582058,nan,1.0,0.4555062310516703,0.010886023700644646,0.0339770004103024,0.021180582611509534,0.0044967207006438095,0,0,0,1.0
40,5,1.0,1.0,f100,202609120,1000,0.47911716293979195,0.9945325329880433,0.4817521481844905,0.996287883243485,0.996287883243485,nan,1.0,0.4855253922342616,0.007550002393029283,0.02366795819507856,0.014774128292774236,0.0030752177208493783,0,0,0,1.0
40,5,1.0,1.0,f100,202609120,2500,0.5158375021983325,0.9968904851964838,0.5174472036883987,0.9971108023847058,0.9971108023847058,nan,1.0,0.5207300439107712,0.004674579177296032,0.014710164954747449,0.009232306988765265,0.0018924516740008472,0,0,0,1.0
40,5,1.0,1.0,f100,202609120,5000,0.5404470805477861,0.9979466172407877,0.5415594941776525,0.9975639202604235,0.9975639202604235,nan,1.0,0.5445346980267407,0.0032577130450222856,0.010273678271594129,0.006379888009620921,0.0013071409470105922,0,0,0,1.0
40,5,1.0,1.0,f100,202609120,10000,0.5627767996957634,0.9986333256238374,0.5635472059237707,0.9979205379631588,0.9979205379631588,nan,1.0,0.5662545598423168,0.0022725698715561483,0.007176205409851575,0.004447716553004498,0.0009077964443407985,0,0,0,1.0
40,5,1.0,1.0,f100,202609120,25000,0.5893237962857755,0.9991947648296798,0.589798829493323,0.9982825608213188,0.9982825608213188,nan,1.0,0.5922041575182202,0.001412868957240226,0.004465938328801015,0.0027467725990762866,0.0005605926526729254,0,0,0,1.0
40,5,1.0,1.0,f100,202609120,50000,0.6074700255933619,0.9994573982732952,0.6077998814688502,0.9984970605909672,0.9984970605909672,nan,1.0,0.6100078297578202,0.0009867268641173647,0.0031195928941505995,0.0019162146805789774,0.0003903605247558938,0,0,0,1.0
40,5,1.0,1.0,f100,202609120,100000,0.6241693083396498,0.9996330026984637,0.6243984968152784,0.9986734602912701,0.9986734602912701,nan,1.0,0.6264319465039592,0.0006893901149466667,0.002179213770427549,0.001334495120700814,0.0002719678006756111,0,0,0,1.0
40,5,1.0,1.0,f100,202609121,0,0.0005044382235674859,0.007697568844473169,0.006346160380754531,0.014068169453353888,0.014068169453353888,nan,0.022564102564102566,0.18778184264746323,1.0,1.0,1.0,1.0,0,0,0,1.0
40,5,1.0,1.0,f100,202609121,125,0.3001468275789141,0.9777936311713135,0.3069650185957453,0.9834476419736126,0.9834476419736126,nan,1.0,0.311680700242556,0.025402448348635705,0.07131045741880224,0.044653111922781194,0.005852938430595147,0,0,0,1.0
40,5,1.0,1.0,f100,202609121,500,0.37474426159675317,0.9914563470962549,0.3779727672616696,0.9900302148408101,0.9900302148408101,nan,1.0,0.38150422065796175,0.012230504159830716,0.03405373408639723,0.021479944179192235,0.002630926829835086,0,0,0,1.0
40,5,1.0,1.0,f100,202609121,1000,0.40614266051306486,0.9945189577263361,0.40838048949832667,0.9919512114794673,0.9919512114794673,nan,1.0,0.4114640439228646,0.008542701032027877,0.023708241333510755,0.014717683266471071,0.0017875816817794477,0,0,0,1.0
40,5,1.0,1.0,f100,202609121,2500,0.443238081377086,0.9968836987361667,0.44462340343118867,0.9937447583970335,0.9937447583970335,nan,1.0,0.4472206929338043,0.005329452295808168,0.014729415353885769,0.009036875944247985,0.0010896819308381961,0,0,0,1.0
40,5,1.0,1.0,f100,202609121,5000,0.46848863236104393,0.997942516727201,0.4694543118499998,0.9947262871658916,0.9947262871658916,nan,1.0,0.47175037652433865,0.0037314944853483016,0.010285801488056771,0.006255684939654159,0.00075373601786287,0,0,0,1.0
40,5,1.0,1.0,f100,202609121,10000,0.49166582847031864,0.9986309383554058,0.492339707287356,0.9954972655609791,0.9954972655609791,nan,1.0,0.4943740006770006,0.002612223704157093,0.007184725305261508,0.0043317798500919,0.0005208393284568001,0,0,0,1.0
40,5,1.0,1.0,f100,202609121,25000,0.5195639016696038,0.9991934376630767,0.5199831815108258,0.9962871472434209,0.9962871472434209,nan,1.0,0.5217198742322726,0.0016307254566272134,0.004470978576084186,0.002679082766942335,0.0003197653778153124,0,0,0,1.0
40,5,1.0,1.0,f100,202609121,50000,0.5388430048331404,0.9994565496794195,0.5391359131683497,0.9967534056320078,0.9967534056320078,nan,1.0,0.5406801362950703,0.0011415367928494322,0.003123128886281749,0.0018694018962194846,0.00022155759204533785,0,0,0,1.0
40,5,1.0,1.0,f100,202609121,100000,0.5567367114436996,0.9996324495494686,0.5569413552354335,0.9971358924284948,0.9971358924284948,nan,1.0,0.5583156146191638,0.0007991270205534136,0.0021816986167795503,0.00130502037320099,0.0001540195862041642,0,0,0,1.0
60,5,1.0,0.5,b_reference,202609110,0,0.000572248837742204,0.0037648395812659714,-0.002345382567901442,-0.00673549959850949,-0.006093699578365198,-0.008773497105482673,-0.010847457627118643,0.17092194878577477,1.0,1.0,1.0,1.0,0,0,0,0.45
60,5,1.0,0.5,b_reference,202609110,125,0.19569128552467807,0.517863870701189,0.04060578084836933,0.34584804678861764,0.9973147403482232,0.04332728076124125,0.34915254237288135,0.3043327020119657,0.010002661249408375,0.06690676373324646,0.01978322727441925,0.0016534014073524609,0,0,0,0.45
60,5,1.0,0.5,b_reference,202609110,500,0.22626654266712623,0.5267774393842597,0.04369795352983804,0.34720975332359844,0.999400942157172,0.04401332419587656,0.34915254237288135,0.33933065802265466,0.004421415211828197,0.03111880245450769,0.00911829299879051,0.0004125596992562645,0,0,0,0.45
60,5,1.0,0.5,b_reference,202609110,1000,0.23637178934378003,0.528742575263045,0.0444919855689978,0.34756792003542375,0.9997498629881519,0.04424619407363026,0.34915254237288135,0.3522931541429377,0.0030439418219053286,0.021538001323802576,0.0059422297658602175,0.00020447152223499043,0,0,0,0.45
60,5,1.0,0.5,b_reference,202609110,2500,0.24737806579310603,0.5302454046547017,0.04538042971450757,0.3478801681172643,0.9998853186066701,0.04447286645480796,0.34915254237288135,0.3670272056491203,0.0018894196349563332,0.01331641428700812,0.0034714769320611932,8.136496832941192e-05,0,0,0,0.45
60,5,1.0,0.5,b_reference,202609110,5000,0.25426448509945043,0.5309153419929583,0.04586667376716471,0.34805707740423214,0.9999355659775102,0.04460449111099444,0.34915254237288135,0.37670642047969277,0.0013250862297832621,0.00927473256491365,0.0024161844895141255,4.0606424126123474e-05,0,0,0,0.45
60,5,1.0,0.5,b_reference,202609110,10000,0.260398079598187,0.5313483525189856,0.046328554572854286,0.3481979601052075,0.9999661088049155,0.04471128356316253,0.34915254237288135,0.38547932440045035,0.0009323596463102895,0.006465931678570512,0.0016450111521691241,2.0283855152274465e-05,0,0,0,0.45
60,5,1.0,0.5,b_reference,202609110,25000,0.26748432243282255,0.5317011211038991,0.04684197661336686,0.34834591950317567,0.9999845871906065,0.04482400106237335,0.34915254237288135,0.39584460552123424,0.0005864163055635325,0.004016518142617117,0.0010018941945596014,8.12447129243582e-06,0,0,0,0.45
60,5,1.0,0.5,b_reference,202609110,50000,0.2722522889478449,0.5318655733186806,0.047189683764511714,0.34843686853136596,0.9999925543223888,0.04489296557520402,0.34915254237288135,0.4029206784925463,0.00041295596737884473,0.0028026550027400246,0.0006909832659366369,4.062106970343836e-06,0,0,0,0.45
60,5,1.0,0.5,b_reference,202609110,100000,0.27658320618769083,0.5319752629517985,0.0474984512139886,0.3485125139309943,0.9999967479558164,0.04495092166783161,0.34915254237288135,0.409425088565978,0.0002906097173554314,0.001956188762316993,0.00047708985281738955,2.0330679559884925e-06,0,0,0,0.45
60,5,1.0,0.5,b_reference,202609111,0,-1.2829587042262649e-05,0.0004993486887120812,-0.003930149653979322,-0.009355801592873234,-0.022744003480389956,-0.01653874262009522,-0.003615819209039548,0.15897006325037763,1.0,1.0,1.0,1.0,0,0,0,0.5
60,5,1.0,0.5,b_reference,202609111,125,0.19373872230586126,0.5621067407492575,0.0448175725205418,0.38970185443946664,0.9984365896247731,0.03884359815765858,0.39096045197740115,0.29920563102466197,0.007348986921603995,0.06844265868797811,0.02230266347504341,0.0015783862108002665,0,0,0,0.5
60,5,1.0,0.5,b_reference,202609111,500,0.2201553049720363,0.5715933850640831,0.04783677902161388,0.3903713656550387,0.9996326740373593,0.03892909409781037,0.39096045197740115,0.33152195316933675,0.002988144766203504,0.031967527451988914,0.009415101067741086,0.00038379950906475497,0,0,0,0.5
60,5,1.0,0.5,b_reference,202609111,1000,0.22905073331336825,0.5736937865490725,0.04883637716211774,0.3904952911071722,0.9997600470825844,0.03895853057990749,0.39096045197740115,0.3435678183070555,0.001985378536298092,0.022151878453369186,0.006235421645511085,0.00019397410343102963,0,0,0,0.5
60,5,1.0,0.5,b_reference,202609111,2500,0.23831507127410315,0.5753050536632252,0.049752543568184364,0.39061895264281876,0.9999004262924119,0.038987509286441645,0.39096045197740115,0.35692756288864,0.0011817358551351304,0.013709113782207932,0.0037348289321064406,7.766486733273209e-05,0,0,0,0.5
60,5,1.0,0.5,b_reference,202609111,5000,0.24412157388113326,0.5760219327445536,0.05030775289589038,0.39068142060678135,0.9999536464944205,0.03900078837573269,0.39096045197740115,0.365650301243022,0.0008069363298688671,0.009552639868470283,0.0025234709114189155,3.880051692705042e-05,0,0,0,0.5
60,5,1.0,0.5,b_reference,202609111,10000,0.2492805306160095,0.5764857679485033,0.050838416271990615,0.39071920356615714,0.999977755689095,0.039011204677628274,0.39096045197740115,0.37353730097717286,0.0005548262445325783,0.006661679220196,0.001726632836804735,1.9456199512291946e-05,0,0,0,0.5
60,5,1.0,0.5,b_reference,202609111,25000,0.2551963574860278,0.5768632523169515,0.05143290302325059,0.3907604850386005,0.9999928357911019,0.03902210241908195,0.39096045197740115,0.3827959337743438,0.0003404381743850542,0.004139159570700294,0.0010539882506821305,7.789010943790283e-06,0,0,0,0.5
60,5,1.0,0.5,b_reference,202609111,50000,0.2591968202418888,0.5770393042778652,0.05186118905606381,0.3907860689835729,0.9999954819107082,0.03902868354770502,0.39096045197740115,0.3891142538211543,0.00023610339306279546,0.0028888009787730847,0.0007256987137045774,3.893485340479667e-06,0,0,0,0.5
60,5,1.0,0.5,b_reference,202609111,100000,0.2628012184058332,0.577156772459408,0.05223681834374274,0.3908065216626134,0.9999979521159983,0.03903408695885316,0.39096045197740115,0.3948829361526132,0.00016410862082855772,0.0020165619007940995,0.0005016063044820953,1.9480313659186674e-06,0,0,0,0.5
60,5,1.0,0.5,b_reference,202609112,0,0.0005220665715106927,-0.0004923171248403916,-0.004256970818905846,0.0012085391413921365,0.008307845075053005,-0.018451117135087864,-0.0022598870056497176,0.17039991884288275,1.0,1.0,1.0,1.0,0,0,0,0.5
60,5,1.0,0.5,b_reference,202609112,125,0.20305768233542618,0.5374798620851208,0.029889655326041237,0.34827092784239516,0.9978082928470571,0.0068161578057851085,0.34915254237288135,0.3180130422574112,0.007743935609199866,0.06835469196481397,0.022821070935377042,0.0014578513753531874,0,0,0,0.5
60,5,1.0,0.5,b_reference,202609112,500,0.22716502798153024,0.5468471843500625,0.032061744616660094,0.3488710299306253,0.9995600619179362,0.0068606525302027325,0.34915254237288135,0.34809172159410007,0.0032074959469223473,0.0319847839242409,0.009570644064397373,0.00035833325983091266,0,0,0,0.5
60,5,1.0,0.5,b_reference,202609112,1000,0.23508591722805366,0.548907147995365,0.03269556481029508,0.34895593618828796,0.9997658830183896,0.006867938139897765,0.34915254237288135,0.3591829179023049,0.0021450914764162797,0.022166344496421905,0.006408023986904277,0.00018192615936734425,0,0,0,0.5
60,5,1.0,0.5,b_reference,202609112,2500,0.24314700296208674,0.5504879550029915,0.033178132806978455,0.3490249661680554,0.9999161586182734,0.0068749535763057874,0.34915254237288135,0.37138002000317577,0.0012859162338870918,0.013717693881028333,0.003807775884420253,7.317575126783665e-05,0,0,0,0.5
60,5,1.0,0.5,b_reference,202609112,5000,0.24844479671022732,0.5511907780336612,0.03361213210446375,0.34905283510813506,0.9999596446277332,0.006878442389384695,0.34915254237288135,0.3795361486002495,0.0008819547739158459,0.00956035733738388,0.0025912921764467112,3.655116233071629e-05,0,0,0,0.5
60,5,1.0,0.5,b_reference,202609112,10000,0.25298038923304006,0.5516453278999204,0.03394676862865717,0.3490694416417577,0.999978398639283,0.006881146768171343,0.34915254237288135,0.3867809126306768,0.0006083096555974171,0.006667116514949243,0.0017805433453765126,1.8270844438050094e-05,0,0,0,0.5
60,5,1.0,0.5,b_reference,202609112,25000,0.25816010569702685,0.5520154048137152,0.034318142361732154,0.3490876389253251,0.9999935412596531,0.006883809301787511,0.34915254237288135,0.3952732085339972,0.0003744686408350468,0.004142813782178576,0.0010905449505166874,7.317674354591991e-06,0,0,0,0.5
60,5,1.0,0.5,b_reference,202609112,50000,0.2616494854073596,0.5521880326157579,0.03459060740942516,0.3490967774730494,0.9999969538136396,0.006885605771960247,0.34915254237288135,0.401056587313229,0.00026019042874670187,0.0028912970681701177,0.0007516936587931109,3.6598017601667885e-06,0,0,0,0.5
60,5,1.0,0.5,b_reference,202609112,100000,0.2648110176787512,0.5523031050617064,0.034840632420839054,0.34910333411099254,0.9999982406612943,0.006886904638716774,0.34915254237288135,0.4063512916015688,0.00018113062126888553,0.002018312266554522,0.0005213587800745996,1.8297985292976282e-06,0,0,0,0.5
60,5,1.0,0.5,b_reference,202609113,0,-3.1316313353379654e-06,0.005476530944008247,0.0010823080842394279,-0.0006987508579473625,-0.005487183811773257,0.003336527813520381,0.005423728813559322,0.15241651651431154,1.0,1.0,1.0,1.0,0,0,0,0.43333333333333335
60,5,1.0,0.5,b_reference,202609113,125,0.2171665139836698,0.42961597202061264,0.008156261021248746,0.2039989603075466,0.9977971918598478,-0.026500424688596022,0.20451977401129945,0.34227780797963525,0.00679429979151291,0.06717658774954713,0.019126842900345532,0.0013764239372941341,0,0,0,0.43333333333333335
60,5,1.0,0.5,b_reference,202609113,500,0.24643117627858918,0.4356922326090804,0.007293598431467834,0.2043292209559442,0.9994670105939445,-0.026611877329157277,0.20451977401129945,0.3789616257138866,0.0027608393399404306,0.030997285985782233,0.00736042790915515,0.00033389835249945834,0,0,0,0.43333333333333335
60,5,1.0,0.5,b_reference,202609113,1000,0.2559438816030684,0.4370768891651988,0.006986540422102722,0.2043997480260481,0.99975844320014,-0.026637955272895225,0.20451977401129945,0.3921628165457479,0.001837683943493969,0.021424765205855505,0.004862641676363056,0.00016505793453610294,0,0,0,0.43333333333333335
60,5,1.0,0.5,b_reference,202609113,2500,0.26606852868941094,0.4381460800035155,0.006685080787412543,0.20443839875857067,0.9999020279996823,-0.02666128992444561,0.20451977401129945,0.40682624773369097,0.0010974037860847752,0.013233806647464373,0.002954486635793566,6.577009087093499e-05,0,0,0,0.43333333333333335
60,5,1.0,0.5,b_reference,202609113,5000,0.27242538867478233,0.43862343270712534,0.0064988300657994776,0.20444821690228548,0.9999496201377348,-0.026674253283784057,0.20451977401129945,0.41635148390285726,0.0007507992202932687,0.009215057846688825,0.0019929566501331367,3.294084475410195e-05,0,0,0,0.43333333333333335
60,5,1.0,0.5,b_reference,202609113,10000,0.278004808540667,0.4389338452737627,0.006356694637824977,0.20446172657229733,0.9999741167800992,-0.026683914480178112,0.20451977401129945,0.4248602179260702,0.0005167471195590887,0.006422641514473388,0.0013543296576507637,1.6448466928699125e-05,0,0,0,0.43333333333333335
60,5,1.0,0.5,b_reference,202609113,25000,0.2844155143637148,0.43918661581990415,0.0062018529545878436,0.20447163713799074,0.9999893633827062,-0.026693370067736647,0.20451977401129945,0.4348126280600749,0.00031728255019480053,0.003988656026843146,0.0008182163659407578,6.5764933442284355e-06,0,0,0,0.43333333333333335
60,5,1.0,0.5,b_reference,202609113,50000,0.28864525067169267,0.4393045764025926,0.006090802803197464,0.20447768642211941,0.9999953748481436,-0.026699088094577068,0.20451977401129945,0.4414985503440343,0.00022011047708030972,0.002782980478351659,0.0005606627404616428,3.286507761111078e-06,0,0,0,0.43333333333333335
60,5,1.0,0.5,b_reference,202609113,100000,0.2924782004569312,0.43938343834023985,0.005996302631731741,0.2044820314152809,0.9999974706432773,-0.02670367903686744,0.20451977401129945,0.44759790305925207,0.00015302611331357733,0.0019422841650942493,0.0003861581554273456,1.6429173916711578e-06,0,0,0,0.43333333333333335
60,5,1.0,0.5,b_reference,202609114,0,0.0003354579949140947,-0.014303868518255334,-0.0004560988045475103,-0.013434256035827617,0.018528471080912788,-0.01446931923564577,-0.007909604519774011,0.17263420003055485,1.0,1.0,1.0,1.0,0,0,0,0.48333333333333334
60,5,1.0,0.5,b_reference,202609114,125,0.09782117807841469,0.47434257949807906,0.00709680913936101,0.24235628440400941,0.996573891853788,-0.030703964084582095,0.224180790960452,0.21935145274048004,0.013867531966616806,0.0646213846542085,0.01169174425459709,0.00136970726196844,0,0,0,0.48333333333333334
60,5,1.0,0.5,b_reference,202609114,500,0.1123362469005259,0.4775711712451869,0.006734485657301999,0.23875219267782757,0.9990941152130113,-0.03163205502595265,0.224180790960452,0.2481024941149121,0.005932504091406942,0.02927357770658758,0.0029494665026221292,0.00026079513795092876,0,0,0,0.48333333333333334
60,5,1.0,0.5,b_reference,202609114,1000,0.1181965129133856,0.4769274940472069,0.00630120811982601,0.23580472528718455,0.9994661323236751,-0.032073349116228035,0.224180790960452,0.26004948827948626,0.004046370201434685,0.020111978529078554,0.00149214584308604,0.0001186393937596899,0,0,0,0.48333333333333334
60,5,1.0,0.5,b_reference,202609114,2500,0.12500428861711674,0.4771308551064466,0.005804736962273724,0.2326185255688281,0.9998626970245085,-0.03250292334889782,0.224180790960452,0.274175294211864,0.002496513595929007,0.012377802605517631,0.000621234485746646,4.198960652963897e-05,0,0,0,0.48333333333333334
60,5,1.0,0.5,b_reference,202609114,5000,0.1294680613134527,0.47704351927310934,0.005463156575891828,0.2306251703275852,0.9999225583813758,-0.03271561135240674,0.224180790960452,0.283738017122439,0.001742206526911488,0.008608177859631702,0.0003125320432607441,1.9779134512879366e-05,0,0,0,0.48333333333333334
60,5,1.0,0.5,b_reference,202609114,10000,0.13347408445229375,0.47659561035219444,0.00515252442269898,0.2289446570873078,0.9999560095932555,-0.032861964940413754,0.224180790960452,0.2925129920423323,0.0012212278957197285,0.005996693965490133,0.0001573311617878848,9.554849128668009e-06,0,0,0,0.48333333333333334
60,5,1.0,0.5,b_reference,202609114,25000,0.13820657937626762,0.4755648600990902,0.0047600794479632546,0.2269836250388514,0.9999791667993051,-0.032990733343511956,0.224180790960452,0.30308472849321483,0.0007647183203051653,0.0037244920477834793,6.341664401427453e-05,3.727792420853639e-06,0,0,0,0.48333333333333334
60,5,1.0,0.5,b_reference,202609114,50000,0.1415182563495537,0.47467442101449275,0.0045214239783084005,0.225916117033245,0.9999893072606599,-0.03304332421429641,0.224180790960452,0.3104573198905308,0.0005371419221950983,0.0025992439082025425,3.190484983576756e-05,1.8441988031922444e-06,0,0,0,0.48333333333333334
60,5,1.0,0.5,b_reference,202609114,100000,0.1446093261058638,0.4740393785519885,0.00432266080598672,0.22516000345293377,0.9999951046801677,-0.03307525375930432,0.224180790960452,0.3173299467881032,0.00037725259748204606,0.0018147303294397895,1.597960360731791e-05,9.167439465898549e-07,0,0,0,0.48333333333333334
60,5,1.0,0.5,b_reference,202609115,0,-0.0006853607684974881,-0.004841668389322942,-0.0012337666608154504,0.03125634835964248,0.010862320247349724,0.08704448962059334,0.019661016949152545,0.15863368097964567,1.0,1.0,1.0,1.0,0,0,0,0.55
60,5,1.0,0.5,b_reference,202609115,125,0.17333526454868278,0.6053495398440394,0.039650383202619766,0.43180737271021996,0.9966675176694672,0.030500909084404792,0.4350282485875706,0.2783015319750549,0.013000906755625935,0.07207554679290601,0.023733555087734236,0.0016604709384259646,0,0,0,0.55
60,5,1.0,0.5,b_reference,202609115,500,0.18872511408371528,0.615355932435925,0.04093645698030892,0.4332908202737177,0.9991556891995169,0.03074641222139802,0.4350282485875706,0.29980818539533094,0.00588030266492552,0.03412906953984158,0.010784690449758862,0.0004001366384243089,0,0,0,0.55
60,5,1.0,0.5,b_reference,202609115,1000,0.1944453072461468,0.6175685427619844,0.04149316839984137,0.43363982603258466,0.9995015910133446,0.030826394284949616,0.4350282485875706,0.30861171952624306,0.004073457298051036,0.02370837386481861,0.007200850275001998,0.0001994527765440051,0,0,0,0.55
60,5,1.0,0.5,b_reference,202609115,2500,0.20092509729664332,0.6192622881168904,0.042223465885920304,0.43397177090532796,0.9998313382173795,0.030914857023733956,0.4350282485875706,0.3189502329724613,0.002544823761964582,0.014702929043189785,0.004365284174311907,7.946251930968917e-05,0,0,0,0.55
60,5,1.0,0.5,b_reference,202609115,5000,0.20514891813746167,0.620016627496122,0.042717052604360276,0.4341426160204227,0.9999324514526231,0.03096805649121474,0.4350282485875706,0.32591966251723414,0.0017948308195848196,0.010257604682238299,0.0030161505798778384,3.9750885985075294e-05,0,0,0,0.55
60,5,1.0,0.5,b_reference,202609115,10000,0.20896210079080313,0.6205046224249283,0.04319065740878493,0.4342494200574764,0.999963287480408,0.031013060531710414,0.4350282485875706,0.3323227520699787,0.0012687551826836558,0.007159576385078469,0.002061864430955377,1.992267535572316e-05,0,0,0,0.55
60,5,1.0,0.5,b_reference,202609115,25000,0.2133722508779022,0.6209021924384694,0.04371214493461335,0.4343660557498458,0.9999836612776021,0.03105922430833326,0.4350282485875706,0.3399405478161369,0.0008031879254688064,0.004452278604585502,0.001262959596516361,7.968731410934946e-06,0,0,0,0.55
60,5,1.0,0.5,b_reference,202609115,50000,0.21643093588061624,0.621087660116323,0.044110397707697736,0.4344338809048522,0.9999911622840426,0.031088219952233095,0.4350282485875706,0.3452336584578842,0.0005681778644614332,0.003108708186806584,0.000871221658608054,3.9787028940848086e-06,0,0,0,0.55
60,5,1.0,0.5,b_reference,202609115,100000,0.2192045475528687,0.6212113909835087,0.044457231499027645,0.43449467349754195,0.9999962802068482,0.031112858373746072,0.4350282485875706,0.35011547212077626,0.00040160453808357,0.0021708756824081223,0.0006036505267334191,1.987404981007915e-06,0,0,0,0.55
60,5,1.0,0.5,b_reference,202609116,0,-0.00048002306225497423,-0.004233030705913696,0.005814964733656118,-0.004875680247431699,-0.008688252466606917,-0.01094902848837654,-0.0009039548022598861,0.1739674568037682,1.0,1.0,1.0,1.0,0,0,0,0.45
60,5,1.0,0.5,b_reference,202609116,125,0.24451136378788615,0.5697582262322005,0.07524915296859831,0.4332177931105685,0.9984266183159382,0.1274543438601935,0.4350282485875706,0.3506179009949754,0.006613790587425093,0.06581087278774565,0.019428426735786486,0.001741356425405896,0,0,0,0.45
60,5,1.0,0.5,b_reference,202609116,500,0.27890917356964867,0.5809847530800669,0.08256645008270311,0.43412307005915096,0.9995715109922028,0.12810052706652236,0.4350282485875706,0.3876525689657732,0.002659354972172059,0.0304780665673569,0.007731825151328246,0.0004513652026134548,0,0,0,0.45
60,5,1.0,0.5,b_reference,202609116,1000,0.2892499203816605,0.5833799640349129,0.08448862020528952,0.43431040068796434,0.9998426918222465,0.12824799115709623,0.4350282485875706,0.4004556432052799,0.0017586714881510615,0.02108087065442145,0.005083668658206152,0.0002267126209004623,0,0,0,0.45
60,5,1.0,0.5,b_reference,202609116,2500,0.3000556769547704,0.585205407068643,0.08656647468369241,0.43446822435622845,0.999931972381062,0.12837862297372127,0.4350282485875706,0.4146059942874384,0.0010416352534547485,0.013028350087041876,0.0029101635388752234,9.10575990671889e-05,0,0,0,0.45
60,5,1.0,0.5,b_reference,202609116,5000,0.30672464387951226,0.5860146964063356,0.08785963569420793,0.4345506130208624,0.9999611383592487,0.12844633913266607,0.4350282485875706,0.4237419693486479,0.0007094152763228357,0.009071828673771836,0.0019679425629703677,4.5423325360967926e-05,0,0,0,0.45
60,5,1.0,0.5,b_reference,202609116,10000,0.3124356215929569,0.5865388647874936,0.08895906823962471,0.4346201733155283,0.9999825890756883,0.12849815432107134,0.4350282485875706,0.43183667999291936,0.00048658189088823426,0.006322694883965187,0.0013500624717043706,2.2745868511691002e-05,0,0,0,0.45
60,5,1.0,0.5,b_reference,202609116,25000,0.3189272941711607,0.5869650777368183,0.09022092843110088,0.434692332572533,0.9999931692643313,0.12855000966453367,0.4350282485875706,0.4412647498362922,0.0002977538838886001,0.003926413151727727,0.0008183555874356682,9.094103919584035e-06,0,0,0,0.45
60,5,1.0,0.5,b_reference,202609116,50000,0.32323065374650206,0.5871636199092793,0.09107213515222491,0.4347341194120339,0.999996640514793,0.1285802867080723,0.4350282485875706,0.4476213123499907,0.00020620319967336963,0.00273933028276747,0.0005625790028117683,4.544746167455387e-06,0,0,0,0.45
60,5,1.0,0.5,b_reference,202609116,100000,0.327114913770232,0.587295959404828,0.09185194611607096,0.4347678646616321,0.9999980820465155,0.12860505856070822,0.4350282485875706,0.45341697652851,0.0001431648684639778,0.0019117216680665141,0.0003893940567412865,2.273468404948821e-06,0,0,0,0.45
60,5,1.0,0.5,b_reference,202609117,0,0.0007775543645211216,-0.0006860945892919925,0.0009157090181507787,0.008765691123814557,-0.018995591949010734,0.02977537715922342,0.0038418079096045206,0.1820689564704561,1.0,1.0,1.0,1.0,0,0,0,0.4666666666666667
60,5,1.0,0.5,b_reference,202609117,125,0.1861583904722522,0.5256527220876095,0.031419183303412195,0.34633519440230287,0.9969875197673426,0.030999139752277003,0.34915254237288135,0.28786893714353745,0.010419804473441352,0.06903845662141248,0.02442283083803821,0.0016288482136124498,0,0,0,0.4666666666666667
60,5,1.0,0.5,b_reference,202609117,500,0.20738651642244732,0.5339101776870931,0.03264509615249066,0.3476105720878696,0.9993542569432762,0.03140535696670829,0.34915254237288135,0.3151036226233118,0.004625697344475139,0.03246755140205495,0.010424620398751205,0.00040094018442281146,0,0,0,0.4666666666666667
60,5,1.0,0.5,b_reference,202609117,1000,0.21510414996742894,0.5357389996355975,0.033075684867972806,0.3479359080348317,0.9997138263041688,0.03153627898758366,0.34915254237288135,0.32605344561595806,0.0031706331412146445,0.022518061845875476,0.007099004288086891,0.00019994672352785774,0,0,0,0.4666666666666667
60,5,1.0,0.5,b_reference,202609117,2500,0.22381375090682826,0.5371454742803179,0.03362832872995288,0.34817856147709525,0.9998477191403757,0.031670190372271846,0.34915254237288135,0.33887349015757223,0.0019517735730982429,0.013944149787093536,0.0043174312474663894,7.936343027073743e-05,0,0,0,0.4666666666666667
60,5,1.0,0.5,b_reference,202609117,5000,0.22961134556623952,0.5377729093817788,0.03405640597199906,0.34831731172929065,0.9999184770400874,0.03174698376329777,0.34915254237288135,0.3475954452607608,0.0013597120840386663,0.009720202463009408,0.0029582056975410815,3.970837030146912e-05,0,0,0,0.4666666666666667
60,5,1.0,0.5,b_reference,202609117,10000,0.23484715128018574,0.5381792619566406,0.03446384289103509,0.3484290082452968,0.9999593713020751,0.03180941376539266,0.34915254237288135,0.3556053307353239,0.0009494891944684021,0.006780401427238852,0.002032642062555801,1.9875571280972654e-05,0,0,0,0.4666666666666667
60,5,1.0,0.5,b_reference,202609117,25000,0.24095380886986328,0.5385103514432044,0.03490646007167956,0.348540166814164,0.9999845022107853,0.031874383586651504,0.34915254237288135,0.3651852908917264,0.0005920407308511636,0.004213922996385704,0.0012417830237059584,7.92246544442027e-06,0,0,0,0.4666666666666667
60,5,1.0,0.5,b_reference,202609117,50000,0.24514518187307366,0.5386648143680209,0.03522625071040065,0.348608171120509,0.9999924365861694,0.03191448195180014,0.34915254237288135,0.37182061350429935,0.00041451766904425933,0.002941282051656316,0.0008574089719225439,3.964210720807067e-06,0,0,0,0.4666666666666667
60,5,1.0,0.5,b_reference,202609117,100000,0.24900051965342765,0.538767987650221,0.03552003069937589,0.3486640919129624,0.9999965141348536,0.031948283064117,0.34915254237288135,0.37798126346121147,0.0002902469463091883,0.002053393767145518,0.0005931714181332825,1.983139182908103e-06,0,0,0,0.4666666666666667
60,5,1.0,0.5,b_reference,202609118,0,0.0007851349115588061,-0.0038219913980763556,0.00013870731510408563,0.01138350387100383,0.006520902368005612,-0.006969127465253029,-0.0013559322033898306,0.16092961133239855,1.0,1.0,1.0,1.0,0,0,0,0.4666666666666667
60,5,1.0,0.5,b_reference,202609118,125,0.20941903508318124,0.5248613237919677,0.03719105345009348,0.3471503557360525,0.997908073152672,0.03278608313855087,0.34915254237288135,0.3208265316094197,0.009486743431832055,0.06719375389138679,0.019856970925793718,0.0016367480056203609,0,0,0,0.4666666666666667
60,5,1.0,0.5,b_reference,202609118,500,0.23828403362853,0.5336579452171513,0.04003466410378616,0.3478854975568653,0.9995964789826759,0.03247092195042314,0.34915254237288135,0.3554130467054318,0.004221661330368971,0.031221460064161818,0.008697314045866185,0.00040237706943772883,0,0,0,0.4666666666666667
60,5,1.0,0.5,b_reference,202609118,1000,0.24763445079864038,0.5355860211374036,0.04082842012796704,0.34803380119859645,0.9997770471891135,0.03240759411084305,0.34915254237288135,0.36796449167054746,0.002921616029287756,0.021611532802547795,0.005726579847381005,0.00019898850471253922,0,0,0,0.4666666666666667
60,5,1.0,0.5,b_reference,202609118,2500,0.25758352961411096,0.5370588172375466,0.041682259390742736,0.3482359847246038,0.9999202029517258,0.03236077531577217,0.34915254237288135,0.38196765230131485,0.0018294733932540763,0.01336265067585428,0.003473092440780876,8.000578729287967e-05,0,0,0,0.4666666666666667
60,5,1.0,0.5,b_reference,202609118,5000,0.26379473822551125,0.5377166125988248,0.042198849742753626,0.348375029148037,0.9999566709150393,0.03233725588494134,0.34915254237288135,0.3910721159388163,0.0012951839059859582,0.009307420102122837,0.002356295087598153,3.988940450410867e-05,0,0,0,0.4666666666666667
60,5,1.0,0.5,b_reference,202609118,10000,0.26919482667436045,0.5381421423576848,0.04263769900612728,0.34848677444947906,0.9999786982346605,0.03232099850749592,0.34915254237288135,0.3992085084130956,0.0009203370152562151,0.006488949484568939,0.0016050623400579165,1.9874341410518017e-05,0,0,0,0.4666666666666667
60,5,1.0,0.5,b_reference,202609118,25000,0.2754670486455642,0.5384887655234348,0.04318025528357608,0.3485984046450817,0.9999914964538024,0.03230648176602939,0.34915254237288135,0.40880186830579324,0.000587070618542612,0.004031191116757505,0.0009735296389829771,7.944391603708844e-06,0,0,0,0.4666666666666667
60,5,1.0,0.5,b_reference,202609118,50000,0.2796145579749149,0.5386504261281014,0.04352472645132334,0.3486662780453599,0.9999953015723919,0.03229877392536971,0.34915254237288135,0.41527772935171,0.00041771033422991323,0.002813031996872123,0.0006693457419051403,3.9768706553083886e-06,0,0,0,0.4666666666666667
60,5,1.0,0.5,b_reference,202609118,100000,0.283374872263129,0.5387583261206962,0.04384078207248493,0.3487207882751733,0.9999975475705344,0.03229238370362341,0.34915254237288135,0.42120357655903323,0.0002969269813626933,0.0019634632120027586,0.00046269921345628076,1.988619355106281e-06,0,0,0,0.4666666666666667
60,5,1.0,0.5,b_reference,202609119,0,-0.0005058795752544335,0.001735848673805168,-0.0017267521840083112,0.01201050771994209,0.0013182243806141199,-0.0028111268371891498,0.00519774011299435,0.16780456928979853,1.0,1.0,1.0,1.0,0,0,0,0.4166666666666667
60,5,1.0,0.5,b_reference,202609119,125,0.22977234895931103,0.39047850025805025,-0.003896197838916809,0.1458043237147173,0.997518784661385,-0.02850841473955198,0.14576271186440679,0.37777065448594643,0.006908950331975564,0.06436117063436361,0.020195623963313983,0.0014096636314878854,0,0,0,0.4166666666666667
60,5,1.0,0.5,b_reference,202609119,500,0.263975210513644,0.39632371675063766,-0.004519009746370074,0.14589579214099002,0.9993080030606837,-0.02853335117101527,0.14576271186440679,0.41643651758025474,0.002798186253702861,0.0295246414728916,0.008355474857039677,0.00034548799113913524,0,0,0,0.4166666666666667
60,5,1.0,0.5,b_reference,202609119,1000,0.27464212073691524,0.3976594671681447,-0.004703506752287547,0.14590877203570357,0.9996887481643844,-0.028541832842095237,0.14576271186440679,0.429789143201293,0.0018614005391585288,0.02038250872420375,0.005452802002251234,0.00017030185688982375,0,0,0,0.4166666666666667
60,5,1.0,0.5,b_reference,202609119,2500,0.28534569625317424,0.39867568199088066,-0.004941045474255105,0.14589561018329747,0.9998840500140846,-0.028548402265776134,0.14576271186440679,0.44411451544446046,0.0011105856956167535,0.012575484671403766,0.0032070397853463956,6.80484689547215e-05,0,0,0,0.4166666666666667
60,5,1.0,0.5,b_reference,202609119,5000,0.29194236114008665,0.39912776772439046,-0.005078009656681416,0.14588286724055746,0.9999403500469233,-0.02855198186139657,0.14576271186440679,0.4532861257844531,0.0007595569613824038,0.008750267007106204,0.002172988530884079,3.400456131163329e-05,0,0,0,0.4166666666666667
60,5,1.0,0.5,b_reference,202609119,10000,0.29760646582467865,0.39942080450471656,-0.00519217761885783,0.1458717061785519,0.9999726316303262,-0.028555004749712187,0.14576271186440679,0.46135365410451434,0.0005226779372967362,0.006095372545202259,0.001487108346366749,1.698936918587622e-05,0,0,0,0.4166666666666667
60,5,1.0,0.5,b_reference,202609119,25000,0.30395678027037343,0.3996593847838378,-0.005326496885732766,0.14585589512976113,0.9999867271806151,-0.02855794264540134,0.14576271186440679,0.4706423209342108,0.0003208485177213341,0.0037837502925853897,0.0009066557303740067,6.795950791846803e-06,0,0,0,0.4166666666666667
60,5,1.0,0.5,b_reference,202609119,50000,0.30810369636459534,0.39977072234194677,-0.0054163795301558565,0.1458461204491813,0.9999941589302513,-0.028559686602581836,0.14576271186440679,0.4768267617755939,0.00022255397866631065,0.0026391532179194446,0.000625439907433862,3.3983793893804445e-06,0,0,0,0.4166666666666667
60,5,1.0,0.5,b_reference,202609119,100000,0.31179074351840635,0.3998450812006668,-0.00549944431966794,0.14583736848268997,0.9999960407097439,-0.028561097854973,0.14576271186440679,0.4824059641985346,0.0001546777523108137,0.0018414701243602391,0.0004329155107245122,1.6986733257799094e-06,0,0,0,0.4166666666666667
60,5,1.0,0.5,b_reference,202609120,0,0.0005463448543677904,-0.0007528622725839891,-0.0031922428620070123,-0.0011439966158736366,-0.009185134195999329,0.04592727028610173,-0.0018079096045197738,0.17145638493402687,1.0,1.0,1.0,1.0,0,0,0,0.45
60,5,1.0,0.5,b_reference,202609120,125,0.23672529389283364,0.6336663530089849,0.10245561265485005,0.5272637584497085,0.9980205077385816,0.24061448959951526,0.5299435028248588,0.32699981118037086,0.00954647567005085,0.06735847479062612,0.021130789535712253,0.0021240585585556027,0,0,0,0.45
60,5,1.0,0.5,b_reference,202609120,500,0.26490263873798753,0.6450409769235514,0.11028784587968918,0.5284099415725874,0.9995006067566885,0.24130671305434473,0.5299435028248588,0.35828463168099606,0.0040918437883748476,0.03163670613549146,0.009029163729447077,0.0005284808437495817,0,0,0,0.45
60,5,1.0,0.5,b_reference,202609120,1000,0.2747617660507646,0.6475487030347616,0.11320305846649581,0.5287404051416372,0.9997563050630254,0.24151202493698765,0.5299435028248588,0.37042892967011665,0.0027668804686143134,0.021937970579791844,0.005917025992164534,0.00026310765140932004,0,0,0,0.45
60,5,1.0,0.5,b_reference,202609120,2500,0.2853104804513984,0.6494724464156048,0.11633890205688309,0.5290309040936013,0.9999176262960249,0.24170113599189105,0.5299435028248588,0.3842108165628179,0.0016758241971353775,0.013583850818236634,0.003466095795357381,0.00010571887908612175,0,0,0,0.45
60,5,1.0,0.5,b_reference,202609120,5000,0.291946573735778,0.6503289537181499,0.11829719920125142,0.529181912783682,0.9999600969563989,0.2418057138275824,0.5299435028248588,0.39331452617811724,0.0011559395844982195,0.009466947925426485,0.002349724284836184,5.292343151646467e-05,0,0,0,0.45
60,5,1.0,0.5,b_reference,202609120,10000,0.2978908759492751,0.650883683394746,0.12011425069913369,0.5292736639940235,0.999975139904319,0.24189026661018798,0.5299435028248588,0.4016139248605787,0.0008007682576989196,0.006602176491581421,0.0016008328843913886,2.647382581612512e-05,0,0,0,0.45
60,5,1.0,0.5,b_reference,202609120,25000,0.3048155877355776,0.6513351673854407,0.12225960642345414,0.5293797054787511,0.9999904299920006,0.24197704797440958,0.5299435028248588,0.4114886098220812,0.0004947755634799284,0.00410228130134561,0.0009826199665965818,1.0577292750195686e-05,0,0,0,0.45
60,5,1.0,0.5,b_reference,202609120,50000,0.3094850516639798,0.6515454994093638,0.12371969819015778,0.5294436427494591,0.9999954067177195,0.24202899106786357,0.5299435028248588,0.4182523115113774,0.00034454403127281904,0.0028629152768291596,0.0006782177926148179,5.290001141602835e-06,0,0,0,0.45
60,5,1.0,0.5,b_reference,202609120,100000,0.3137756880540886,0.651685788937965,0.12508175835648802,0.5294997019513725,0.999997795507568,0.24207244526464408,0.5299435028248588,0.4245074987902509,0.00024028240906396854,0.0019984622017609394,0.0004688396299190797,2.6487180532106197e-06,0,0,0,0.45
60,5,1.0,0.5,b_reference,202609121,0,-0.00037776746838694966,-0.0006676416348358776,0.001205773795374947,-0.00017250909170925304,-0.023864643917130328,-0.008425137423308374,-0.010847457627118643,0.1766315655986389,1.0,1.0,1.0,1.0,0,0,0,0.4166666666666667
60,5,1.0,0.5,b_reference,202609121,125,0.2312813913067907,0.45828862409607507,0.025685874456914976,0.27099748324449585,0.9977959435352987,0.011418078658801229,0.27231638418079096,0.34560220344453985,0.007686732908692119,0.06624574594692603,0.019961609782683,0.0016199121402862458,0,0,0,0.4166666666666667
60,5,1.0,0.5,b_reference,202609121,500,0.2630764192155873,0.4655372596540183,0.02673189254523762,0.2715641397410051,0.9993401778267967,0.011552477342676816,0.27231638418079096,0.3829614350045128,0.0032203913225045946,0.030647110478158154,0.008169746615908111,0.00039687320421740417,0,0,0,0.4166666666666667
60,5,1.0,0.5,b_reference,202609121,1000,0.27343943306580565,0.46716506051587847,0.027036063933125274,0.2717467437712909,0.9996048535432451,0.01158983026692526,0.27231638418079096,0.39651241556737815,0.0021631795751199637,0.02119051418122514,0.00537400781312832,0.00019743500131387187,0,0,0,0.4166666666666667
60,5,1.0,0.5,b_reference,202609121,2500,0.2844602784105639,0.4684196223952562,0.027383502177355804,0.2718898153904988,0.9998546345656105,0.011626238407396785,0.27231638418079096,0.41165172442521253,0.0013028389635353795,0.01309166119615461,0.003140606954440866,7.926039006905199e-05,0,0,0,0.4166666666666667
60,5,1.0,0.5,b_reference,202609121,5000,0.2913760724517065,0.46897901860813124,0.02760357060033189,0.2719601555055183,0.9999411337479333,0.01164611385363811,0.27231638418079096,0.4215245587520807,0.000895865939063817,0.009114939355497157,0.002121538381047266,3.961899832061504e-05,0,0,0,0.4166666666666667
60,5,1.0,0.5,b_reference,202609121,10000,0.2974194400090442,0.4693402253858156,0.02780586607784656,0.27201218598575483,0.9999700547135179,0.011662123981296351,0.27231638418079096,0.43035794544884903,0.0006187530270619089,0.006352528293199994,0.001457907528567186,1.9797395073031344e-05,0,0,0,0.4166666666666667
60,5,1.0,0.5,b_reference,202609121,25000,0.3043932730453946,0.4696351768969581,0.028059769181596833,0.2720626593905428,0.9999872610272682,0.01167861449026672,0.27231638418079096,0.44073414260851435,0.00038135122263613835,0.003945100802781156,0.0008840500527795577,7.919237706660155e-06,0,0,0,0.4166666666666667
60,5,1.0,0.5,b_reference,202609121,50000,0.309017362720375,0.4697728973972067,0.02822273726766974,0.2720911539800646,0.9999939259520387,0.011688363407979557,0.27231638418079096,0.4477370136630212,0.0002651216321814849,0.0027524598717146263,0.0006087603243656881,3.959117851941202e-06,0,0,0,0.4166666666666667
60,5,1.0,0.5,b_reference,202609121,100000,0.3131839799191006,0.46986489835281764,0.02836516478728465,0.27211594434770364,0.9999973866656213,0.011696708587037717,0.27231638418079096,0.45412550309336347,0.00018461211892072078,0.0019208916502722636,0.00042013350246880143,1.9806017704059156e-06,0,0,0,0.4166666666666667
